# Blender 4.1.1
# www.blender.org
mtllib title.mtl
o テキスト
v -10.152164 -2.116654 -5.582267
v -10.185103 -2.078718 -5.579597
v -10.217904 -2.031582 -5.576570
v -10.250035 -1.976618 -5.573256
v -10.280986 -1.915196 -5.569729
v -10.310233 -1.848684 -5.566062
v -10.337258 -1.778454 -5.562327
v -10.361537 -1.705876 -5.558598
v -10.382552 -1.632318 -5.554945
v -10.399783 -1.559153 -5.551442
v -10.412713 -1.487749 -5.548162
v -10.420817 -1.419476 -5.545177
v -10.423577 -1.355704 -5.542560
v -10.420453 0.870778 -5.454728
v -10.418508 0.909791 -5.453257
v -10.413033 0.951153 -5.451818
v -10.404428 0.994080 -5.450428
v -10.393079 1.037791 -5.449105
v -10.379378 1.081501 -5.447865
v -10.363725 1.124428 -5.446726
v -10.346505 1.165790 -5.445705
v -10.328115 1.204803 -5.444818
v -10.308946 1.240684 -5.444082
v -10.289392 1.272651 -5.443515
v -10.269845 1.299922 -5.443132
v -10.250695 1.321712 -5.442953
v -10.278844 1.349895 -5.440839
v -10.300664 1.330780 -5.440818
v -10.327964 1.311273 -5.440618
v -10.359965 1.291767 -5.440250
v -10.395879 1.272651 -5.439729
v -10.434922 1.254319 -5.439065
v -10.476314 1.237161 -5.438271
v -10.519269 1.221569 -5.437359
v -10.563004 1.207934 -5.436342
v -10.606738 1.196648 -5.435233
v -10.649684 1.188102 -5.434044
v -10.691058 1.182687 -5.432787
v -10.730079 1.180795 -5.431474
v -11.040141 1.180795 -5.420449
v -10.918664 1.259076 -5.421677
v -10.798717 1.338891 -5.422789
v -10.680268 1.420206 -5.423789
v -10.563285 1.502990 -5.424678
v -10.447740 1.587208 -5.425460
v -10.333591 1.672829 -5.426137
v -10.220811 1.759820 -5.426711
v -10.109368 1.848148 -5.427184
v -9.999227 1.937781 -5.427560
v -9.890357 2.028687 -5.427840
v -9.782723 2.120831 -5.428028
v -9.676297 2.214183 -5.428124
v -8.811883 2.214183 -5.458859
v -8.705722 2.120831 -5.466321
v -8.598348 2.028687 -5.473779
v -8.489734 1.937781 -5.481231
v -8.379844 1.848148 -5.488679
v -8.268649 1.759820 -5.496121
v -8.156114 1.672829 -5.503559
v -8.042205 1.587208 -5.510991
v -7.926892 1.502990 -5.518417
v -7.810142 1.420206 -5.525838
v -7.691922 1.338891 -5.533253
v -7.572200 1.259076 -5.540663
v -7.450940 1.180795 -5.548066
v -8.099250 1.180795 -5.525015
v -8.111173 1.181545 -5.524561
v -8.123347 1.183665 -5.524045
v -8.135653 1.186960 -5.523477
v -8.147958 1.191233 -5.522871
v -8.160129 1.196289 -5.522238
v -8.172040 1.201932 -5.521592
v -8.183557 1.207967 -5.520944
v -8.194554 1.214197 -5.520307
v -8.204900 1.220428 -5.519693
v -8.214461 1.226462 -5.519115
v -8.223109 1.232105 -5.518584
v -8.230714 1.237161 -5.518114
v -8.249532 1.218372 -5.518188
v -8.244487 1.210761 -5.518667
v -8.238854 1.202106 -5.519209
v -8.232833 1.192538 -5.519802
v -8.226615 1.182187 -5.520432
v -8.220399 1.171183 -5.521087
v -8.214381 1.159657 -5.521756
v -8.208753 1.147740 -5.522427
v -8.203713 1.135562 -5.523088
v -8.199456 1.123254 -5.523725
v -8.196177 1.110945 -5.524328
v -8.194076 1.098768 -5.524883
v -8.193341 1.086850 -5.525380
v -8.193473 0.992906 -5.529086
v -8.181048 0.624734 -5.544070
v -8.141833 0.284974 -5.558885
v -8.074521 -0.027712 -5.573628
v -7.977813 -0.314661 -5.588401
v -7.850400 -0.577211 -5.603302
v -7.690986 -0.816698 -5.618429
v -7.498263 -1.034461 -5.633883
v -7.270932 -1.231837 -5.649762
v -7.007686 -1.410163 -5.666166
v -6.707223 -1.570776 -5.683193
v -6.368239 -1.715015 -5.700943
v -5.989436 -1.844215 -5.719515
v -5.938546 -1.863657 -5.722092
v -5.885186 -1.888578 -5.724974
v -5.830396 -1.918197 -5.728092
v -5.775222 -1.951729 -5.731378
v -5.720702 -1.988394 -5.734765
v -5.667886 -2.027407 -5.738183
v -5.617810 -2.067986 -5.741567
v -5.571519 -2.109347 -5.744846
v -5.530057 -2.150709 -5.747954
v -5.494466 -2.191288 -5.750823
v -5.465791 -2.230301 -5.753383
v -5.445071 -2.266965 -5.755568
v -5.416871 -2.257571 -5.756200
v -5.429168 -2.217514 -5.754180
v -5.438062 -2.168846 -5.751942
v -5.443681 -2.113131 -5.749541
v -5.446162 -2.051937 -5.747036
v -5.445634 -1.986828 -5.744483
v -5.442233 -1.919371 -5.741940
v -5.436091 -1.851131 -5.739462
v -5.427341 -1.783673 -5.737109
v -5.416116 -1.718565 -5.734937
v -5.402545 -1.657370 -5.733002
v -5.386762 -1.601656 -5.731362
v -5.368901 -1.552988 -5.730075
v -5.342164 -1.500476 -5.728951
v -5.309684 -1.446822 -5.727987
v -5.272372 -1.392842 -5.727182
v -5.231147 -1.339351 -5.726535
v -5.186921 -1.287165 -5.726046
v -5.140611 -1.237100 -5.725715
v -5.093131 -1.189970 -5.725542
v -5.045396 -1.146591 -5.725525
v -4.998317 -1.107779 -5.725667
v -4.952815 -1.074350 -5.725964
v -4.909799 -1.047118 -5.726418
v -4.870187 -1.026899 -5.727027
v -4.888925 -0.989321 -5.724877
v -4.911412 -0.998324 -5.724433
v -4.936408 -1.006544 -5.723869
v -4.963687 -1.013982 -5.723193
v -4.993020 -1.020636 -5.722413
v -5.024180 -1.026507 -5.721537
v -5.056935 -1.031596 -5.720573
v -5.091062 -1.035902 -5.719530
v -5.126327 -1.039425 -5.718415
v -5.162505 -1.042165 -5.717237
v -5.199368 -1.044122 -5.716003
v -5.236686 -1.045296 -5.714723
v -5.274234 -1.045688 -5.713404
v -5.304938 -1.045481 -5.712304
v -5.335870 -1.044818 -5.711178
v -5.366866 -1.043633 -5.710029
v -5.397765 -1.041860 -5.708860
v -5.428401 -1.039436 -5.707675
v -5.458613 -1.036293 -5.706477
v -5.488236 -1.032368 -5.705268
v -5.517106 -1.027595 -5.704053
v -5.545062 -1.021908 -5.702835
v -5.571940 -1.015243 -5.701616
v -5.597579 -1.007534 -5.700400
v -5.621812 -0.998716 -5.699190
v -5.923131 -0.894034 -5.684341
v -6.185391 -0.785209 -5.670718
v -6.411040 -0.670057 -5.658147
v -6.602521 -0.546391 -5.646454
v -6.762273 -0.412025 -5.635467
v -6.892741 -0.264775 -5.625011
v -6.996373 -0.102454 -5.614915
v -7.075612 0.077122 -5.605005
v -7.132899 0.276139 -5.595107
v -7.170678 0.496784 -5.585049
v -7.191394 0.741240 -5.574656
v -7.197490 1.011695 -5.563757
v -7.074855 0.937686 -5.571041
v -6.951011 0.865864 -5.578281
v -6.825923 0.796063 -5.585485
v -6.699561 0.728122 -5.592662
v -6.571891 0.661877 -5.599818
v -6.442883 0.597165 -5.606961
v -6.312501 0.533823 -5.614099
v -6.180715 0.471688 -5.621239
v -6.047492 0.410597 -5.628388
v -5.912799 0.350387 -5.635556
v -5.776607 0.290894 -5.642748
v -5.638877 0.231956 -5.649973
v -5.583678 0.207263 -5.652911
v -5.526727 0.176111 -5.656167
v -5.469001 0.139480 -5.659666
v -5.411477 0.098346 -5.663336
v -5.355132 0.053690 -5.667103
v -5.300944 0.006489 -5.670894
v -5.249890 -0.042277 -5.674636
v -5.202947 -0.091630 -5.678254
v -5.161094 -0.140592 -5.681676
v -5.125306 -0.188184 -5.684828
v -5.096562 -0.233428 -5.687637
v -5.075839 -0.275344 -5.690030
v -5.047639 -0.265949 -5.690661
v -5.062087 -0.221369 -5.688387
v -5.072736 -0.168438 -5.685918
v -5.079720 -0.108592 -5.683306
v -5.083173 -0.043266 -5.680603
v -5.083228 0.026105 -5.677860
v -5.080016 0.098086 -5.675132
v -5.073670 0.171240 -5.672468
v -5.064324 0.244134 -5.669921
v -5.052110 0.315332 -5.667543
v -5.037158 0.383398 -5.665386
v -5.019603 0.446898 -5.663502
v -4.999579 0.504395 -5.661943
v -4.974809 0.557462 -5.660728
v -4.943574 0.612649 -5.659658
v -4.906859 0.668945 -5.658740
v -4.865640 0.725338 -5.657978
v -4.820901 0.780819 -5.657377
v -4.773618 0.834375 -5.656943
v -4.724774 0.884995 -5.656681
v -4.675349 0.931668 -5.656594
v -4.626319 0.973383 -5.656690
v -4.578671 1.009129 -5.656972
v -4.533380 1.037894 -5.657446
v -4.491427 1.058667 -5.658117
v -4.500785 1.086850 -5.656672
v -4.518382 1.080006 -5.656316
v -4.538127 1.073585 -5.655868
v -4.559833 1.067621 -5.655332
v -4.583297 1.062147 -5.654714
v -4.608325 1.057194 -5.654019
v -4.634725 1.052796 -5.653255
v -4.662297 1.048985 -5.652425
v -4.690848 1.045793 -5.651536
v -4.720181 1.043254 -5.650593
v -4.750098 1.041401 -5.649602
v -4.780408 1.040264 -5.648570
v -4.810912 1.039878 -5.647500
v -4.990970 1.056346 -5.640448
v -5.198358 1.102725 -5.631242
v -5.427176 1.174483 -5.620272
v -5.671529 1.267085 -5.607926
v -5.925515 1.375996 -5.594594
v -6.183234 1.496683 -5.580663
v -6.438792 1.624612 -5.566524
v -6.686288 1.755248 -5.552564
v -6.919824 1.884057 -5.539172
v -7.133498 2.006505 -5.526739
v -7.321416 2.118059 -5.515651
v -7.477677 2.214183 -5.506298
v -6.181054 2.214183 -5.552401
v -6.119437 2.211340 -5.554704
v -6.052964 2.203180 -5.557389
v -5.983041 2.190257 -5.560386
v -5.911071 2.173126 -5.563622
v -5.838449 2.152342 -5.567025
v -5.766585 2.128459 -5.570523
v -5.696876 2.102032 -5.574046
v -5.630727 2.073615 -5.577520
v -5.569539 2.043762 -5.580874
v -5.514712 2.013029 -5.584038
v -5.467650 1.981970 -5.586938
v -5.429759 1.951139 -5.589503
v -5.410941 1.969928 -5.589430
v -5.441722 2.007859 -5.586837
v -5.472720 2.054956 -5.583875
v -5.503381 2.109817 -5.580618
v -5.533151 2.171038 -5.577141
v -5.561481 2.237218 -5.573520
v -5.587813 2.306953 -5.569829
v -5.611598 2.378841 -5.566144
v -5.632285 2.451480 -5.562539
v -5.649318 2.523466 -5.559091
v -5.662145 2.593397 -5.555872
v -5.670213 2.659870 -5.552959
v -5.672969 2.721483 -5.550428
v -5.668805 5.690126 -5.433319
v -5.665284 5.766179 -5.430440
v -5.655362 5.847614 -5.427576
v -5.639691 5.932767 -5.424770
v -5.618928 6.019976 -5.422063
v -5.593728 6.107575 -5.419499
v -5.564746 6.193903 -5.417120
v -5.532636 6.277296 -5.414968
v -5.498052 6.356088 -5.413085
v -5.461648 6.428617 -5.411515
v -5.424085 6.493220 -5.410299
v -5.386010 6.548234 -5.409480
v -5.348081 6.591993 -5.409100
v -5.376229 6.620176 -5.406986
v -5.420049 6.582317 -5.406923
v -5.475121 6.544326 -5.406466
v -5.539788 6.506856 -5.405646
v -5.612378 6.470562 -5.404499
v -5.691234 6.436093 -5.403057
v -5.774680 6.404105 -5.401353
v -5.861062 6.375247 -5.399422
v -5.948710 6.350173 -5.397295
v -6.035960 6.329535 -5.395009
v -6.121148 6.313987 -5.392593
v -6.202607 6.304180 -5.390085
v -6.278676 6.300765 -5.387515
v -12.198041 6.300765 -5.177048
v -12.274102 6.304179 -5.174209
v -12.355535 6.313986 -5.170926
v -12.440679 6.329535 -5.167284
v -12.527871 6.350173 -5.163369
v -12.615449 6.375246 -5.159265
v -12.701747 6.404104 -5.155056
v -12.785108 6.436092 -5.150829
v -12.863862 6.470561 -5.146667
v -12.936353 6.506855 -5.142656
v -13.000913 6.544325 -5.138881
v -13.055881 6.582316 -5.135426
v -13.099593 6.620176 -5.132376
v -13.127820 6.591993 -5.132485
v -13.090011 6.548234 -5.135558
v -13.052093 6.493220 -5.139080
v -13.014709 6.428617 -5.142961
v -12.978511 6.356088 -5.147112
v -12.944150 6.277296 -5.151446
v -12.912272 6.193903 -5.155873
v -12.883533 6.107575 -5.160305
v -12.858581 6.019976 -5.164653
v -12.838061 5.932767 -5.168827
v -12.822631 5.847614 -5.172739
v -12.812934 5.766179 -5.176300
v -12.809627 5.690126 -5.179421
v -12.813645 2.824822 -5.292455
v -12.817172 2.748769 -5.295333
v -12.827096 2.667335 -5.298197
v -12.842767 2.582181 -5.301003
v -12.863528 2.494973 -5.303710
v -12.888728 2.407373 -5.306273
v -12.917710 2.321045 -5.308653
v -12.949819 2.237653 -5.310805
v -12.984403 2.158860 -5.312688
v -13.020806 2.086331 -5.314258
v -13.058370 2.021728 -5.315475
v -13.096440 1.966715 -5.316294
v -13.134370 1.922956 -5.316673
v -13.106221 1.894772 -5.318788
v -13.062404 1.932633 -5.318850
v -13.007329 1.970624 -5.319308
v -12.942662 2.008093 -5.320127
v -12.870070 2.044388 -5.321274
v -12.791219 2.078856 -5.322717
v -12.707768 2.110845 -5.324420
v -12.621388 2.139702 -5.326352
v -12.533742 2.164775 -5.328478
v -12.446492 2.185413 -5.330765
v -12.361302 2.200962 -5.333179
v -12.279843 2.210769 -5.335689
v -12.203773 2.214183 -5.338258
v -11.010505 2.214183 -5.380686
v -11.167037 2.118059 -5.378917
v -11.355266 2.006505 -5.376631
v -11.569283 1.884057 -5.373857
v -11.803180 1.755247 -5.370629
v -12.051042 1.624611 -5.366976
v -12.306958 1.496683 -5.362930
v -12.565017 1.375996 -5.358521
v -12.819308 1.267084 -5.353782
v -13.063920 1.174483 -5.348742
v -13.292943 1.102725 -5.343433
v -13.500459 1.056345 -5.337887
v -13.680564 1.039878 -5.332133
v -13.711068 1.040264 -5.331034
v -13.741376 1.041400 -5.329911
v -13.771289 1.043254 -5.328774
v -13.800612 1.045793 -5.327631
v -13.829152 1.048984 -5.326490
v -13.856717 1.052795 -5.325360
v -13.883101 1.057194 -5.324248
v -13.908118 1.062146 -5.323163
v -13.931569 1.067621 -5.322113
v -13.953252 1.073585 -5.321106
v -13.972983 1.080006 -5.320151
v -13.990561 1.086850 -5.319256
v -13.999997 1.058667 -5.320034
v -13.958102 1.037894 -5.322344
v -13.912892 1.009129 -5.325088
v -13.865344 0.973383 -5.328190
v -13.816434 0.931668 -5.331577
v -13.767138 0.884995 -5.335173
v -13.718436 0.834375 -5.338904
v -13.671304 0.780819 -5.342695
v -13.626718 0.725338 -5.346472
v -13.585658 0.668944 -5.350159
v -13.549098 0.612648 -5.353683
v -13.518020 0.557462 -5.356968
v -13.493398 0.504395 -5.359939
v -13.471557 0.446898 -5.362987
v -13.452895 0.383398 -5.366158
v -13.437434 0.315332 -5.369397
v -13.425208 0.244134 -5.372643
v -13.416245 0.171240 -5.375842
v -13.410581 0.098085 -5.378932
v -13.408240 0.026105 -5.381859
v -13.409257 -0.043266 -5.384562
v -13.413661 -0.108592 -5.386987
v -13.421483 -0.168438 -5.389072
v -13.432754 -0.221369 -5.390762
v -13.447501 -0.265949 -5.391999
v -13.409945 -0.284738 -5.394076
v -13.391263 -0.242637 -5.393077
v -13.364190 -0.196883 -5.392233
v -13.329741 -0.148519 -5.391547
v -13.288928 -0.098589 -5.391026
v -13.242766 -0.048137 -5.390675
v -13.192264 0.001792 -5.390498
v -13.138436 0.050156 -5.390502
v -13.082297 0.095911 -5.390691
v -13.024856 0.138012 -5.391070
v -12.967132 0.175416 -5.391645
v -12.910129 0.207078 -5.392421
v -12.854867 0.231956 -5.393404
v -12.731069 0.284208 -5.395741
v -12.608771 0.337600 -5.397981
v -12.487908 0.392102 -5.400126
v -12.368417 0.447681 -5.402179
v -12.250226 0.504303 -5.404145
v -12.133275 0.561936 -5.406026
v -12.017493 0.620548 -5.407828
v -11.902823 0.680106 -5.409553
v -11.789195 0.740577 -5.411204
v -11.676543 0.801929 -5.412786
v -11.564805 0.864129 -5.414303
v -11.453914 0.927145 -5.415756
v -11.457116 -1.355704 -5.505812
v -11.460055 -1.419476 -5.508226
v -11.468350 -1.487749 -5.510628
v -11.481477 -1.559153 -5.512982
v -11.498914 -1.632318 -5.515252
v -11.520137 -1.705876 -5.517403
v -11.544621 -1.778454 -5.519399
v -11.571839 -1.848684 -5.521205
v -11.601274 -1.915196 -5.522786
v -11.632396 -1.976618 -5.524105
v -11.664685 -2.031582 -5.525128
v -11.697614 -2.078718 -5.525819
v -11.730662 -2.116654 -5.526142
v -11.702514 -2.144837 -5.528256
v -11.664527 -2.111848 -5.528304
v -11.617339 -2.078990 -5.528684
v -11.562320 -2.046783 -5.529368
v -11.500844 -2.015751 -5.530328
v -11.434283 -1.986415 -5.531536
v -11.364005 -1.959297 -5.532964
v -11.291381 -1.934920 -5.534583
v -11.217784 -1.913804 -5.536366
v -11.144582 -1.896472 -5.538284
v -11.073150 -1.883446 -5.540309
v -11.004855 -1.875247 -5.542414
v -10.941072 -1.872399 -5.544569
v -10.877295 -1.875247 -5.546949
v -10.809024 -1.883446 -5.549700
v -10.737626 -1.896472 -5.552753
v -10.664475 -1.913804 -5.556039
v -10.590938 -1.934919 -5.559488
v -10.518384 -1.959297 -5.563030
v -10.448180 -1.986415 -5.566597
v -10.381700 -2.015751 -5.570120
v -10.320312 -2.046783 -5.573528
v -10.265384 -2.078990 -5.576754
v -10.218287 -2.111848 -5.579726
v -10.180390 -2.144837 -5.582376
v -6.683818 5.502238 -5.404651
v -6.685042 4.628555 -5.439116
v -8.752124 4.628555 -5.365620
v -8.750899 5.502238 -5.331154
v -11.795144 5.502238 -5.222914
v -9.728063 5.502238 -5.296411
v -9.729287 4.628555 -5.330876
v -11.796369 4.628555 -5.257380
v -6.687335 2.993922 -5.503601
v -8.754416 2.993922 -5.430104
v -8.753139 3.905183 -5.394156
v -6.686057 3.905183 -5.467652
v -11.798661 2.993922 -5.321864
v -11.797383 3.905183 -5.285915
v -9.730302 3.905183 -5.359412
v -9.731580 2.993922 -5.395360
v -4.427718 -0.495716 -5.721779
v -4.399533 -0.535996 -5.724372
v -4.371879 -0.582865 -5.727206
v -4.345212 -0.635116 -5.730218
v -4.319983 -0.691543 -5.733344
v -4.296653 -0.750937 -5.736520
v -4.275674 -0.812094 -5.739681
v -4.257503 -0.873804 -5.742765
v -4.242591 -0.934863 -5.745707
v -4.231399 -0.994062 -5.748443
v -4.224376 -1.050195 -5.750910
v -4.221980 -1.102054 -5.753044
v -4.224524 -1.156073 -5.755087
v -4.231708 -1.214005 -5.757120
v -4.243068 -1.274678 -5.759112
v -4.258153 -1.336916 -5.761034
v -4.276498 -1.399545 -5.762856
v -4.297648 -1.461392 -5.764546
v -4.321147 -1.521281 -5.766077
v -4.346534 -1.578040 -5.767416
v -4.373349 -1.630492 -5.768534
v -4.401134 -1.677464 -5.769402
v -4.429433 -1.717782 -5.769988
v -4.457784 -1.750271 -5.770263
v -4.429637 -1.778454 -5.772377
v -4.397109 -1.750151 -5.772416
v -4.356784 -1.721914 -5.772734
v -4.309869 -1.694198 -5.773307
v -4.257571 -1.667461 -5.774111
v -4.201102 -1.642159 -5.775119
v -4.141665 -1.618749 -5.776308
v -4.080472 -1.597687 -5.777652
v -4.018725 -1.579431 -5.779126
v -3.957637 -1.564437 -5.780706
v -3.898414 -1.553162 -5.782366
v -3.842263 -1.546062 -5.784082
v -3.790393 -1.543593 -5.785829
v 0.757184 -1.543593 -5.947521
v 0.806330 -1.545871 -5.949359
v 0.859091 -1.552422 -5.951493
v 0.914392 -1.562822 -5.953871
v 0.971155 -1.576648 -5.956435
v 1.028306 -1.593474 -5.959131
v 1.084767 -1.612877 -5.961905
v 1.139465 -1.634433 -5.964702
v 1.191320 -1.657718 -5.967465
v 1.239261 -1.682308 -5.970141
v 1.282207 -1.707778 -5.972674
v 1.319085 -1.733706 -5.975009
v 1.348818 -1.759665 -5.977092
v 1.377046 -1.731482 -5.976982
v 1.351122 -1.701717 -5.974885
v 1.325243 -1.664808 -5.972507
v 1.299829 -1.621831 -5.969906
v 1.275304 -1.573864 -5.967139
v 1.252089 -1.521983 -5.964264
v 1.230605 -1.467263 -5.961339
v 1.211280 -1.410783 -5.958421
v 1.194531 -1.353617 -5.955568
v 1.180783 -1.296842 -5.952837
v 1.170459 -1.241536 -5.950285
v 1.163981 -1.188774 -5.947970
v 1.161772 -1.139632 -5.945951
v 1.162338 -0.735671 -5.930015
v 1.359624 -0.754460 -5.937772
v 1.383821 -0.758130 -5.938777
v 1.409156 -0.764246 -5.939919
v 1.435206 -0.772515 -5.941173
v 1.461546 -0.782644 -5.942509
v 1.487754 -0.794338 -5.943903
v 1.513407 -0.807304 -5.945327
v 1.538078 -0.821249 -5.946755
v 1.561345 -0.835879 -5.948160
v 1.582786 -0.850900 -5.949516
v 1.601974 -0.866019 -5.950795
v 1.618489 -0.880943 -5.951972
v 1.631905 -0.895377 -5.953019
v 1.660131 -0.867193 -5.952909
v 1.648441 -0.851416 -5.951870
v 1.636951 -0.832573 -5.950718
v 1.625856 -0.811120 -5.949476
v 1.615352 -0.787515 -5.948170
v 1.605632 -0.762213 -5.946825
v 1.596893 -0.735671 -5.945466
v 1.589332 -0.708347 -5.944118
v 1.583138 -0.680696 -5.942805
v 1.578512 -0.653176 -5.941554
v 1.575646 -0.626243 -5.940388
v 1.574738 -0.600354 -5.939333
v 1.575977 -0.575966 -5.938414
v 1.583941 -0.465326 -5.934327
v 1.593348 -0.350021 -5.930107
v 1.604062 -0.230867 -5.925782
v 1.615957 -0.108679 -5.921379
v 1.628899 0.015726 -5.916925
v 1.642756 0.141535 -5.912448
v 1.657396 0.267930 -5.907976
v 1.672689 0.394097 -5.903537
v 1.688503 0.519220 -5.899157
v 1.704705 0.642485 -5.894864
v 1.721165 0.763074 -5.890686
v 1.737749 0.880173 -5.886651
v 1.745154 0.926590 -5.885080
v 1.757458 0.975944 -5.883569
v 1.774070 1.027254 -5.882133
v 1.794403 1.079543 -5.880790
v 1.817869 1.131833 -5.879559
v 1.843878 1.183143 -5.878457
v 1.871840 1.232497 -5.877502
v 1.901170 1.278914 -5.876711
v 1.931276 1.321418 -5.876103
v 1.961572 1.359028 -5.875695
v 1.991467 1.390767 -5.875504
v 2.020375 1.415656 -5.875549
v 1.992227 1.443839 -5.873435
v 1.968234 1.425463 -5.873307
v 1.939021 1.408001 -5.872958
v 1.905243 1.391582 -5.872406
v 1.867552 1.376338 -5.871668
v 1.826599 1.362399 -5.870762
v 1.783039 1.349895 -5.869708
v 1.737523 1.338956 -5.868521
v 1.690704 1.329714 -5.867222
v 1.643236 1.322299 -5.865827
v 1.595772 1.316840 -5.864355
v 1.548962 1.313469 -5.862823
v 1.503460 1.312317 -5.861251
v 1.494255 1.312502 -5.860917
v 1.485410 1.313013 -5.860582
v 1.476890 1.313785 -5.860249
v 1.468664 1.314753 -5.859918
v 1.460700 1.315851 -5.859591
v 1.452964 1.317014 -5.859270
v 1.445423 1.318178 -5.858956
v 1.438047 1.319276 -5.858651
v 1.430800 1.320244 -5.858355
v 1.423651 1.321015 -5.858070
v 1.416567 1.321527 -5.857798
v 1.409514 1.321712 -5.857540
v 1.363098 1.331209 -5.855515
v 1.313719 1.345241 -5.853204
v 1.262323 1.363253 -5.850666
v 1.209855 1.384689 -5.847953
v 1.157261 1.408996 -5.845123
v 1.105486 1.435619 -5.842231
v 1.055474 1.464004 -5.839331
v 1.008172 1.493595 -5.836481
v 0.964525 1.523839 -5.833734
v 0.925478 1.554180 -5.831147
v 0.891976 1.584065 -5.828776
v 0.864966 1.612939 -5.826675
v 0.836739 1.584756 -5.826785
v 0.857404 1.554991 -5.828695
v 0.877012 1.518081 -5.830850
v 0.895308 1.475105 -5.833198
v 0.912032 1.427138 -5.835687
v 0.926923 1.375257 -5.838266
v 0.939723 1.320537 -5.840882
v 0.950171 1.264056 -5.843485
v 0.958007 1.206891 -5.846022
v 0.962974 1.150116 -5.848441
v 0.964810 1.094810 -5.850690
v 0.963257 1.042048 -5.852719
v 0.958055 0.992906 -5.854475
v 0.936934 0.856312 -5.859119
v 0.916297 0.715117 -5.863963
v 0.896242 0.570596 -5.868958
v 0.876869 0.424020 -5.874059
v 0.858278 0.276661 -5.879218
v 0.840569 0.129792 -5.884390
v 0.823843 -0.015317 -5.889526
v 0.808196 -0.157391 -5.894582
v 0.793729 -0.295160 -5.899509
v 0.780543 -0.427351 -5.904262
v 0.768737 -0.552692 -5.908793
v 0.758410 -0.669910 -5.913055
v -1.120755 -0.669910 -5.846241
v -1.112533 5.192221 -5.614987
v 0.418987 5.192221 -5.669441
v 0.473010 5.189753 -5.671459
v 0.530941 5.182652 -5.673800
v 0.591606 5.171377 -5.676402
v 0.653832 5.156383 -5.679207
v 0.716445 5.138127 -5.682154
v 0.778272 5.117066 -5.685184
v 0.838138 5.093656 -5.688237
v 0.894869 5.068354 -5.691254
v 0.947291 5.041617 -5.694174
v 0.994231 5.013901 -5.696938
v 1.034514 4.985663 -5.699485
v 1.066969 4.957360 -5.701757
v 1.085787 4.976149 -5.701684
v 1.097317 4.962056 -5.702651
v 1.108454 4.947965 -5.703603
v 1.119200 4.933873 -5.704542
v 1.129555 4.919781 -5.705467
v 1.139520 4.905690 -5.706378
v 1.149091 4.891598 -5.707274
v 1.158271 4.877507 -5.708158
v 1.167060 4.863415 -5.709026
v 1.175457 4.849324 -5.709882
v 1.183462 4.835232 -5.710723
v 1.191076 4.821141 -5.711550
v 1.198300 4.807049 -5.712364
v 1.242635 4.724853 -5.717187
v 1.286677 4.642690 -5.721998
v 1.330523 4.560592 -5.726800
v 1.374271 4.478591 -5.731594
v 1.418019 4.396722 -5.736383
v 1.461866 4.315015 -5.741170
v 1.505910 4.233504 -5.745955
v 1.550246 4.152222 -5.750742
v 1.594975 4.071200 -5.755533
v 1.640194 3.990472 -5.760329
v 1.686000 3.910070 -5.765134
v 1.732491 3.830027 -5.769948
v 1.403756 3.914577 -5.754920
v 1.364762 3.924255 -5.753152
v 1.323491 3.938759 -5.751111
v 1.280790 3.957439 -5.748855
v 1.237507 3.979642 -5.746439
v 1.194488 4.004716 -5.743919
v 1.152583 4.032008 -5.741351
v 1.112637 4.060865 -5.738791
v 1.075498 4.090636 -5.736295
v 1.042013 4.120667 -5.733918
v 1.013030 4.150308 -5.731717
v 0.989395 4.178905 -5.729747
v 0.971957 4.205805 -5.728065
v 0.934347 4.187016 -5.727469
v 0.949764 4.158006 -5.729163
v 0.963184 4.123255 -5.731013
v 0.974575 4.083676 -5.732981
v 0.983905 4.040184 -5.735031
v 0.991141 3.993690 -5.737124
v 0.996255 3.945108 -5.739225
v 0.999214 3.895353 -5.741296
v 0.999987 3.845336 -5.743299
v 0.998542 3.795972 -5.745197
v 0.994848 3.748174 -5.746954
v 0.988874 3.702854 -5.748532
v 0.980589 3.660927 -5.749893
v 0.945196 3.534960 -5.753610
v 0.909895 3.406320 -5.757436
v 0.874786 3.275461 -5.761357
v 0.839970 3.142840 -5.765357
v 0.805542 3.008915 -5.769423
v 0.771603 2.874142 -5.773540
v 0.738251 2.738977 -5.777692
v 0.705584 2.603878 -5.781867
v 0.673700 2.469301 -5.786049
v 0.642699 2.335702 -5.790224
v 0.612679 2.203538 -5.794377
v 0.583738 2.073267 -5.798493
v 0.571633 2.024696 -5.799982
v 0.554668 1.973581 -5.801397
v 0.533460 1.920901 -5.802724
v 0.508628 1.867633 -5.803945
v 0.480797 1.814757 -5.805044
v 0.450584 1.763250 -5.806004
v 0.418615 1.714092 -5.806809
v 0.385508 1.668262 -5.807442
v 0.351885 1.626737 -5.807887
v 0.318367 1.590497 -5.808126
v 0.285577 1.560519 -5.808145
v 0.254132 1.537784 -5.807925
v 0.272884 1.509600 -5.809705
v 0.312912 1.531368 -5.810268
v 0.357242 1.549875 -5.811113
v 0.405091 1.565380 -5.812202
v 0.455677 1.578145 -5.813497
v 0.508217 1.588431 -5.814959
v 0.561928 1.596499 -5.816549
v 0.616028 1.602610 -5.818232
v 0.669733 1.607024 -5.819967
v 0.722262 1.610003 -5.821717
v 0.772833 1.611808 -5.823443
v 0.820661 1.612700 -5.825109
v 0.864966 1.612939 -5.826675
v 0.869471 1.610781 -5.826921
v 0.873616 1.608981 -5.827139
v 0.877438 1.607508 -5.827333
v 0.880964 1.606328 -5.827505
v 0.884232 1.605409 -5.827657
v 0.887270 1.604719 -5.827793
v 0.890113 1.604224 -5.827913
v 0.892793 1.603893 -5.828022
v 0.895342 1.603691 -5.828120
v 0.897795 1.603588 -5.828211
v 0.900182 1.603550 -5.828298
v 0.902536 1.603545 -5.828382
v 1.137366 1.556572 -5.838587
v 1.156496 1.552908 -5.839412
v 1.176112 1.546830 -5.840349
v 1.195920 1.538664 -5.841376
v 1.215627 1.528737 -5.842469
v 1.234941 1.517375 -5.843604
v 1.253568 1.504903 -5.844759
v 1.271214 1.491649 -5.845910
v 1.287589 1.477938 -5.847034
v 1.302398 1.464096 -5.848107
v 1.315347 1.450450 -5.849107
v 1.326142 1.437326 -5.850009
v 1.334494 1.425050 -5.850791
v 1.372103 1.443839 -5.851386
v 1.365096 1.457072 -5.850614
v 1.358223 1.472979 -5.849741
v 1.351615 1.491105 -5.848790
v 1.345401 1.510992 -5.847784
v 1.339710 1.532184 -5.846745
v 1.334673 1.554224 -5.845695
v 1.330420 1.576655 -5.844657
v 1.327081 1.599021 -5.843656
v 1.324784 1.620865 -5.842711
v 1.323661 1.641731 -5.841847
v 1.323841 1.661162 -5.841086
v 1.325454 1.678700 -5.840450
v 1.329980 1.692607 -5.840062
v 1.334147 1.706188 -5.839674
v 1.337989 1.719507 -5.839284
v 1.341537 1.732631 -5.838892
v 1.344823 1.745625 -5.838496
v 1.347880 1.758553 -5.838094
v 1.350742 1.771481 -5.837685
v 1.353441 1.784475 -5.837267
v 1.356009 1.797599 -5.836841
v 1.358480 1.810918 -5.836402
v 1.360888 1.824499 -5.835951
v 1.363260 1.838406 -5.835486
v 2.114861 1.791434 -5.864066
v 2.110275 -1.477832 -5.993034
v 2.107349 -1.537097 -5.995271
v 2.099096 -1.601221 -5.997510
v 2.086078 -1.668804 -5.999717
v 2.068848 -1.738441 -6.001855
v 2.047960 -1.808731 -6.003889
v 2.023977 -1.878270 -6.005782
v 1.997451 -1.945657 -6.007501
v 1.968940 -2.009488 -6.009008
v 1.939000 -2.068361 -6.010269
v 1.908189 -2.120873 -6.011248
v 1.877062 -2.165622 -6.011909
v 1.846177 -2.201204 -6.012216
v 1.874325 -2.229388 -6.014330
v 1.909957 -2.198557 -6.014379
v 1.954756 -2.167497 -6.014745
v 2.007318 -2.136764 -6.015400
v 2.066241 -2.106912 -6.016316
v 2.130121 -2.078495 -6.017465
v 2.197554 -2.052068 -6.018819
v 2.267138 -2.028184 -6.020350
v 2.337467 -2.007401 -6.022029
v 2.407139 -1.990270 -6.023830
v 2.474749 -1.977347 -6.025723
v 2.538895 -1.969186 -6.027682
v 2.598171 -1.966343 -6.029677
v 2.659598 -1.969186 -6.031973
v 2.725520 -1.977347 -6.034639
v 2.794568 -1.990270 -6.037605
v 2.865372 -2.007400 -6.040799
v 2.936563 -2.028184 -6.044151
v 3.006768 -2.052067 -6.047591
v 3.074624 -2.078495 -6.051047
v 3.138756 -2.106912 -6.054450
v 3.197797 -2.136764 -6.057729
v 3.250377 -2.167497 -6.060812
v 3.295127 -2.198556 -6.063630
v 3.330677 -2.229388 -6.066112
v 3.358904 -2.201204 -6.066002
v 3.328118 -2.165622 -6.063502
v 3.297117 -2.120873 -6.060632
v 3.266453 -2.068361 -6.057468
v 3.236680 -2.009488 -6.054084
v 3.208347 -1.945657 -6.050555
v 3.182011 -1.878270 -6.046957
v 3.158221 -1.808731 -6.043365
v 3.137533 -1.738441 -6.039853
v 3.120498 -1.668804 -6.036496
v 3.107667 -1.601221 -6.033371
v 3.099596 -1.537097 -6.030551
v 3.096835 -1.477832 -6.028112
v 3.101341 1.735067 -5.901367
v 4.069032 1.678700 -5.938000
v 4.118167 1.671736 -5.940022
v 4.170883 1.660564 -5.942338
v 4.226073 1.645673 -5.944889
v 4.282629 1.627553 -5.947615
v 4.339443 1.606692 -5.950459
v 4.395404 1.583581 -5.953362
v 4.449406 1.558709 -5.956264
v 4.500340 1.532564 -5.959108
v 4.547095 1.505637 -5.961834
v 4.588567 1.478416 -5.964384
v 4.623643 1.451391 -5.966698
v 4.651217 1.425050 -5.968719
v 4.679431 1.443839 -5.968980
v 4.655856 1.475953 -5.966873
v 4.632292 1.515210 -5.964485
v 4.609127 1.560535 -5.961871
v 4.586752 1.610851 -5.959088
v 4.565556 1.665081 -5.956192
v 4.545931 1.722149 -5.953240
v 4.528265 1.780979 -5.950289
v 4.512950 1.840493 -5.947393
v 4.500375 1.899616 -5.944611
v 4.490930 1.957271 -5.941998
v 4.485003 2.012382 -5.939610
v 4.482988 2.063872 -5.937505
v 4.487864 2.113008 -5.935738
v 4.497313 2.165732 -5.933991
v 4.510809 2.220935 -5.932291
v 4.527831 2.277509 -5.930661
v 4.547856 2.334343 -5.929128
v 4.570358 2.390329 -5.927717
v 4.594816 2.444358 -5.926453
v 4.620704 2.495321 -5.925360
v 4.647499 2.542108 -5.924465
v 4.674679 2.583611 -5.923792
v 4.701719 2.618721 -5.923367
v 4.728097 2.646328 -5.923214
v 4.699948 2.674511 -5.921100
v 4.663853 2.645159 -5.920976
v 4.622049 2.618188 -5.920555
v 4.575487 2.593631 -5.919869
v 4.525111 2.571520 -5.918951
v 4.471868 2.551888 -5.917833
v 4.416704 2.534769 -5.916548
v 4.360563 2.520193 -5.915128
v 4.304394 2.508195 -5.913605
v 4.249143 2.498806 -5.912011
v 4.195755 2.492059 -5.910379
v 4.145176 2.487987 -5.908742
v 4.098353 2.486622 -5.907131
v 3.515865 2.524200 -5.884936
v 3.318974 2.824822 -5.866061
v 3.391302 2.940366 -5.864069
v 3.466769 3.061031 -5.861986
v 3.544981 3.186068 -5.859828
v 3.625548 3.314724 -5.857611
v 3.708076 3.446252 -5.855350
v 3.792173 3.579900 -5.853062
v 3.877446 3.714918 -5.850760
v 3.963505 3.850556 -5.848463
v 4.049953 3.986063 -5.846184
v 4.136401 4.120689 -5.843940
v 4.222456 4.253685 -5.841747
v 4.307723 4.384299 -5.839620
v 4.327742 4.413896 -5.839162
v 4.354093 4.445711 -5.838842
v 4.385665 4.478831 -5.838657
v 4.421349 4.512342 -5.838602
v 4.460033 4.545331 -5.838675
v 4.500607 4.576885 -5.838871
v 4.541962 4.606091 -5.839188
v 4.582985 4.632034 -5.839622
v 4.622567 4.653802 -5.840169
v 4.659597 4.670482 -5.840827
v 4.692965 4.681159 -5.841591
v 4.721560 4.684921 -5.842460
v 4.721613 4.722499 -5.840977
v 4.693213 4.726446 -5.839811
v 4.660386 4.737634 -5.838202
v 4.624176 4.755086 -5.836226
v 4.585625 4.777822 -5.833957
v 4.545774 4.804863 -5.831472
v 4.505667 4.835232 -5.828846
v 4.466346 4.867950 -5.826156
v 4.428854 4.902037 -5.823476
v 4.394234 4.936516 -5.820884
v 4.363527 4.970408 -5.818453
v 4.337777 5.002734 -5.816261
v 4.318027 5.032516 -5.814382
v 4.186776 5.239193 -5.801552
v 4.164140 5.281137 -5.799090
v 4.143139 5.326570 -5.796549
v 4.123838 5.374679 -5.793962
v 4.106302 5.424646 -5.791366
v 4.090595 5.475658 -5.788792
v 4.076779 5.526898 -5.786277
v 4.064920 5.577551 -5.783854
v 4.055082 5.626801 -5.781559
v 4.047330 5.673833 -5.779426
v 4.041725 5.717832 -5.777489
v 4.038334 5.757981 -5.775783
v 4.037220 5.793466 -5.774342
v 3.999637 5.793466 -5.773005
v 3.998419 5.757986 -5.774363
v 3.994877 5.717875 -5.775822
v 3.989047 5.673980 -5.777348
v 3.980961 5.627149 -5.778911
v 3.970654 5.578230 -5.780476
v 3.958158 5.528072 -5.782013
v 3.943510 5.477523 -5.783489
v 3.926742 5.427430 -5.784871
v 3.907887 5.378642 -5.786128
v 3.886980 5.332007 -5.787227
v 3.864054 5.288373 -5.788135
v 3.839144 5.248588 -5.788821
v 3.660241 4.976149 -5.793221
v 3.611254 5.074982 -5.787575
v 3.562689 5.174172 -5.781930
v 3.514584 5.273689 -5.776289
v 3.466967 5.373499 -5.770654
v 3.419872 5.473571 -5.765027
v 3.373333 5.573871 -5.759410
v 3.327381 5.674366 -5.753807
v 3.282049 5.775025 -5.748219
v 3.237370 5.875814 -5.742650
v 3.193377 5.976701 -5.737101
v 3.150100 6.077652 -5.731574
v 3.107574 6.178638 -5.726073
v 3.090042 6.230699 -5.723394
v 3.074930 6.287457 -5.720614
v 3.062302 6.347737 -5.717784
v 3.052222 6.410367 -5.714952
v 3.044753 6.474171 -5.712167
v 3.039960 6.537974 -5.709476
v 3.037905 6.600605 -5.706929
v 3.038653 6.660885 -5.704575
v 3.042268 6.717643 -5.702461
v 3.048810 6.769704 -5.700638
v 3.058347 6.815894 -5.699152
v 3.070941 6.855037 -5.698054
v 3.042779 6.873827 -5.696311
v 3.024859 6.836603 -5.697144
v 2.999953 6.796018 -5.697861
v 2.968910 6.753020 -5.698456
v 2.932581 6.708554 -5.698920
v 2.891813 6.663566 -5.699248
v 2.847457 6.619002 -5.699431
v 2.800364 6.575808 -5.699463
v 2.751381 6.534930 -5.699336
v 2.701359 6.497314 -5.699043
v 2.651146 6.463907 -5.698577
v 2.601594 6.435653 -5.697931
v 2.553551 6.413499 -5.697098
v 2.521684 6.399993 -5.696498
v 2.487438 6.387663 -5.695768
v 2.451172 6.376507 -5.694919
v 2.413242 6.366526 -5.693964
v 2.374010 6.357719 -5.692918
v 2.333834 6.350086 -5.691791
v 2.293072 6.343627 -5.690597
v 2.252084 6.338343 -5.689348
v 2.211226 6.334233 -5.688057
v 2.170860 6.331297 -5.686738
v 2.131345 6.329535 -5.685403
v 2.093038 6.328949 -5.684064
v 2.071919 6.329144 -5.683305
v 2.050932 6.329731 -5.682536
v 2.030206 6.330710 -5.681760
v 2.009871 6.332080 -5.680983
v 1.990061 6.333842 -5.680209
v 1.970901 6.335994 -5.679443
v 1.952527 6.338539 -5.678689
v 1.935066 6.341475 -5.677952
v 1.918650 6.344802 -5.677237
v 1.903409 6.348520 -5.676548
v 1.889473 6.352630 -5.675890
v 1.876972 6.357132 -5.675268
v 1.858142 6.328949 -5.675712
v 1.897326 6.311084 -5.677811
v 1.939208 6.286238 -5.680281
v 1.982974 6.255260 -5.683061
v 2.027808 6.218999 -5.686088
v 2.072898 6.178301 -5.689298
v 2.117428 6.134014 -5.692631
v 2.160584 6.086987 -5.696023
v 2.201551 6.038069 -5.699411
v 2.239516 5.988107 -5.702735
v 2.273664 5.937949 -5.705930
v 2.303179 5.888443 -5.708935
v 2.327248 5.840438 -5.711687
v 2.390868 5.699532 -5.719514
v 2.455305 5.558692 -5.727368
v 2.520591 5.417981 -5.735248
v 2.586757 5.277467 -5.743151
v 2.653837 5.137214 -5.751075
v 2.721864 4.997286 -5.759021
v 2.790870 4.857751 -5.766986
v 2.860888 4.718672 -5.774969
v 2.931951 4.580114 -5.782969
v 3.004090 4.442144 -5.790983
v 3.077341 4.304827 -5.799011
v 3.151734 4.168227 -5.807052
v 2.822116 3.623350 -5.816854
v 2.744982 3.752539 -5.809009
v 2.668273 3.881826 -5.801175
v 2.592021 4.011310 -5.793349
v 2.516259 4.141087 -5.785529
v 2.441020 4.271256 -5.777713
v 2.366336 4.401914 -5.769897
v 2.292240 4.533158 -5.762078
v 2.218765 4.665089 -5.754254
v 2.145943 4.797801 -5.746423
v 2.073807 4.931395 -5.738582
v 2.002391 5.065967 -5.730727
v 1.931727 5.201615 -5.722857
v 1.909493 5.247016 -5.720273
v 1.889711 5.297865 -5.717561
v 1.872481 5.352954 -5.714772
v 1.857899 5.411077 -5.711958
v 1.846059 5.471026 -5.709169
v 1.837057 5.531595 -5.706457
v 1.830991 5.591578 -5.703872
v 1.827958 5.649765 -5.701466
v 1.828052 5.704952 -5.699289
v 1.831368 5.755931 -5.697393
v 1.838007 5.801496 -5.695830
v 1.848061 5.840438 -5.694649
v 1.810490 5.849833 -5.692942
v 1.776318 5.765527 -5.695057
v 1.731224 5.686604 -5.696571
v 1.676415 5.613356 -5.697515
v 1.613101 5.546078 -5.697922
v 1.542488 5.485063 -5.697821
v 1.465782 5.430605 -5.697245
v 1.384192 5.382997 -5.696224
v 1.298925 5.342532 -5.694791
v 1.211191 5.309505 -5.692976
v 1.122193 5.284209 -5.690811
v 1.033143 5.266936 -5.688327
v 0.945246 5.257982 -5.685555
v 0.933758 5.291031 -5.683841
v 0.922762 5.324309 -5.682136
v 0.912352 5.357651 -5.680449
v 0.902627 5.390896 -5.678790
v 0.893686 5.423880 -5.677169
v 0.885625 5.456439 -5.675596
v 0.878541 5.488412 -5.674082
v 0.872534 5.519635 -5.672635
v 0.867699 5.549944 -5.671266
v 0.864135 5.579176 -5.669984
v 0.861939 5.607170 -5.668800
v 0.861209 5.633760 -5.667724
v 0.863751 5.685621 -5.665766
v 0.870931 5.741754 -5.663805
v 0.882291 5.800953 -5.661870
v 0.897373 5.862011 -5.659995
v 0.915719 5.923722 -5.658209
v 0.936870 5.984879 -5.656546
v 0.960366 6.044273 -5.655035
v 0.985751 6.100699 -5.653709
v 1.012566 6.152950 -5.652598
v 1.040351 6.199819 -5.651735
v 1.068649 6.240098 -5.651150
v 1.097002 6.272582 -5.650876
v 1.068852 6.300765 -5.648761
v 1.036320 6.272461 -5.648723
v 0.995956 6.244224 -5.648403
v 0.948939 6.216508 -5.647826
v 0.896441 6.189771 -5.647016
v 0.839640 6.164469 -5.645995
v 0.779709 6.141059 -5.644789
v 0.717823 6.119998 -5.643420
v 0.655159 6.101742 -5.641913
v 0.592891 6.086747 -5.640292
v 0.532193 6.075472 -5.638579
v 0.474243 6.068372 -5.636799
v 0.420213 6.065904 -5.634975
v -3.638782 6.065904 -5.490655
v -3.690642 6.068373 -5.488713
v -3.746776 6.075473 -5.486437
v -3.805966 6.086748 -5.483887
v -3.867015 6.101743 -5.481124
v -3.928708 6.119999 -5.478209
v -3.989844 6.141060 -5.475204
v -4.049216 6.164470 -5.472168
v -4.105615 6.189772 -5.469164
v -4.157836 6.216509 -5.466251
v -4.204675 6.244225 -5.463490
v -4.244920 6.272462 -5.460944
v -4.277368 6.300765 -5.458673
v -4.305593 6.272582 -5.458782
v -4.277333 6.240097 -5.461071
v -4.249148 6.199817 -5.463664
v -4.221494 6.152948 -5.466498
v -4.194825 6.100698 -5.469510
v -4.169599 6.044271 -5.472636
v -4.146268 5.984877 -5.475811
v -4.125289 5.923720 -5.478973
v -4.107118 5.862010 -5.482057
v -4.092206 5.800951 -5.484998
v -4.081012 5.741753 -5.487735
v -4.073991 5.685620 -5.490201
v -4.071595 5.633760 -5.492335
v -4.074140 5.579741 -5.494378
v -4.081321 5.521810 -5.496411
v -4.092683 5.461137 -5.498404
v -4.107768 5.398899 -5.500326
v -4.126113 5.336269 -5.502147
v -4.147264 5.274423 -5.503838
v -4.170762 5.214533 -5.505368
v -4.196149 5.157775 -5.506707
v -4.222962 5.105322 -5.507825
v -4.250749 5.058350 -5.508693
v -4.279048 5.018033 -5.509279
v -4.307397 4.985544 -5.509554
v -4.279252 4.957360 -5.511668
v -4.246726 4.985663 -5.511707
v -4.206401 5.013901 -5.512025
v -4.159486 5.041617 -5.512599
v -4.107190 5.068354 -5.513402
v -4.050719 5.093656 -5.514410
v -3.991282 5.117066 -5.515599
v -3.930087 5.138127 -5.516943
v -3.868340 5.156383 -5.518417
v -3.807252 5.171377 -5.519998
v -3.748029 5.182652 -5.521658
v -3.691876 5.189753 -5.523374
v -3.640006 5.192221 -5.525121
v -2.146070 5.192221 -5.578238
v -2.154292 -0.669910 -5.809493
v -3.789166 -0.669910 -5.751363
v -3.841031 -0.667442 -5.749422
v -3.897161 -0.660342 -5.747146
v -3.956353 -0.649066 -5.744596
v -4.017400 -0.634072 -5.741833
v -4.079095 -0.615816 -5.738918
v -4.140229 -0.594755 -5.735912
v -4.199601 -0.571345 -5.732877
v -4.255998 -0.546043 -5.729872
v -4.308221 -0.519306 -5.726959
v -4.355058 -0.491590 -5.724199
v -4.395303 -0.463352 -5.721653
v -4.427752 -0.435049 -5.719381
v -4.455977 -0.463233 -5.719491
v 1.573741 2.716949 -5.808269
v 1.595556 2.806555 -5.805505
v 1.617698 2.896161 -5.802753
v 1.640134 2.985571 -5.800019
v 1.662828 3.074590 -5.797310
v 1.685752 3.163022 -5.794632
v 1.708869 3.250671 -5.791992
v 1.732149 3.337341 -5.789397
v 1.755557 3.422837 -5.786852
v 1.779060 3.506963 -5.784365
v 1.802628 3.589523 -5.781942
v 1.826225 3.670322 -5.779589
v 1.880134 3.578732 -5.785124
v 1.934107 3.487174 -5.790659
v 1.988212 3.395681 -5.796197
v 2.042511 3.304286 -5.801737
v 2.097074 3.213022 -5.807282
v 2.151961 3.121922 -5.812832
v 2.207240 3.031016 -5.818388
v 2.262977 2.940339 -5.823952
v 2.319236 2.849923 -5.829523
v 2.376082 2.759800 -5.835104
v 2.433582 2.670004 -5.840695
v 2.491800 2.580566 -5.846298
v 1.552284 2.627539 -5.811038
v 3.724701 -1.160786 -6.037913
v 3.727943 -1.214135 -6.040135
v 3.727527 -1.270421 -6.042344
v 3.723780 -1.328565 -6.044508
v 3.717032 -1.387492 -6.046595
v 3.707609 -1.446126 -6.048576
v 3.695837 -1.503390 -6.050419
v 3.682048 -1.558207 -6.052094
v 3.666566 -1.609501 -6.053570
v 3.649721 -1.656196 -6.054815
v 3.631839 -1.697215 -6.055799
v 3.613250 -1.731482 -6.056492
v 3.641411 -1.750271 -6.058236
v 3.666349 -1.721027 -6.057967
v 3.698174 -1.690120 -6.057878
v 3.735938 -1.658235 -6.057961
v 3.778694 -1.626056 -6.058210
v 3.825495 -1.594268 -6.058619
v 3.875393 -1.563556 -6.059180
v 3.927442 -1.534607 -6.059887
v 3.980695 -1.508103 -6.060734
v 4.034205 -1.484731 -6.061713
v 4.087025 -1.465176 -6.062819
v 4.138206 -1.450122 -6.064044
v 4.186803 -1.440254 -6.065382
v 4.196393 -1.438096 -6.065638
v 4.206341 -1.436297 -6.065920
v 4.216614 -1.434823 -6.066227
v 4.227180 -1.433643 -6.066557
v 4.238008 -1.432725 -6.066905
v 4.249063 -1.432034 -6.067271
v 4.260313 -1.431540 -6.067652
v 4.271728 -1.431208 -6.068045
v 4.283271 -1.431007 -6.068447
v 4.294912 -1.430903 -6.068857
v 4.306618 -1.430865 -6.069272
v 4.318357 -1.430860 -6.069689
v 4.363672 -1.431822 -6.071338
v 4.409962 -1.434644 -6.073095
v 4.456641 -1.439227 -6.074936
v 4.503122 -1.445474 -6.076835
v 4.548818 -1.453286 -6.078769
v 4.593141 -1.462566 -6.080711
v 4.635506 -1.473217 -6.082638
v 4.675323 -1.485139 -6.084525
v 4.712007 -1.498236 -6.086346
v 4.744969 -1.512409 -6.088078
v 4.773625 -1.527561 -6.089695
v 4.797386 -1.543593 -6.091174
v 4.816218 -1.515410 -6.090730
v 4.787185 -1.490516 -6.088715
v 4.756791 -1.458739 -6.086379
v 4.725623 -1.421025 -6.083781
v 4.694264 -1.378321 -6.080979
v 4.663304 -1.331571 -6.078032
v 4.633327 -1.281723 -6.074997
v 4.604919 -1.229722 -6.071933
v 4.578666 -1.176514 -6.068898
v 4.555153 -1.123045 -6.065950
v 4.534966 -1.070261 -6.063147
v 4.518694 -1.019108 -6.060548
v 4.506920 -0.970532 -6.058211
v 4.481689 -0.820031 -6.051369
v 4.457275 -0.669171 -6.044542
v 4.433710 -0.517984 -6.037733
v 4.411025 -0.366505 -6.030943
v 4.389256 -0.214764 -6.024175
v 4.368430 -0.062794 -6.017432
v 4.348585 0.089370 -6.010716
v 4.329752 0.241699 -6.004030
v 4.311962 0.394157 -5.997375
v 4.295250 0.546713 -5.990756
v 4.279647 0.699335 -5.984172
v 4.265185 0.851989 -5.977629
v 4.262836 0.901321 -5.975596
v 4.264765 0.954632 -5.973559
v 4.270547 1.010814 -5.971546
v 4.279757 1.068757 -5.969584
v 4.291971 1.127353 -5.967704
v 4.306760 1.185492 -5.965934
v 4.323700 1.242065 -5.964302
v 4.342367 1.295964 -5.962836
v 4.362331 1.346078 -5.961567
v 4.383171 1.391300 -5.960522
v 4.404459 1.430520 -5.959729
v 4.425770 1.462628 -5.959219
v 4.397609 1.481417 -5.957476
v 4.372484 1.454892 -5.957630
v 4.340115 1.427355 -5.957566
v 4.301480 1.399362 -5.957299
v 4.257562 1.371467 -5.956839
v 4.209337 1.344224 -5.956200
v 4.157786 1.318188 -5.955396
v 4.103890 1.293914 -5.954438
v 4.048626 1.271956 -5.953341
v 3.992974 1.252868 -5.952116
v 3.937916 1.237205 -5.950777
v 3.884428 1.225522 -5.949337
v 3.833490 1.218372 -5.947808
v 3.788646 1.219183 -5.946181
v 3.739364 1.221722 -5.944329
v 3.686692 1.226152 -5.942281
v 3.631675 1.232638 -5.940069
v 3.575356 1.241342 -5.937722
v 3.518780 1.252427 -5.935273
v 3.462989 1.266057 -5.932751
v 3.409030 1.282394 -5.930187
v 3.357945 1.301601 -5.927612
v 3.310781 1.323843 -5.925056
v 3.268578 1.349280 -5.922551
v 3.232383 1.378078 -5.920127
v 3.204156 1.349895 -5.920237
v 3.232620 1.322472 -5.922331
v 3.261401 1.287874 -5.924722
v 3.290043 1.247143 -5.927349
v 3.318089 1.201324 -5.930156
v 3.345086 1.151459 -5.933085
v 3.370579 1.098593 -5.936080
v 3.394111 1.043771 -5.939082
v 3.415228 0.988035 -5.942034
v 3.433475 0.932429 -5.944879
v 3.448395 0.877998 -5.947560
v 3.459533 0.825785 -5.950018
v 3.466434 0.776834 -5.952197
v 3.480895 0.619298 -5.958934
v 3.496529 0.461468 -5.965724
v 3.513337 0.303442 -5.972563
v 3.531320 0.145319 -5.979448
v 3.550478 -0.012805 -5.986375
v 3.570808 -0.170830 -5.993340
v 3.592315 -0.328660 -6.000338
v 3.614996 -0.486197 -6.007367
v 3.638853 -0.643342 -6.014422
v 3.663884 -0.799997 -6.021500
v 3.690091 -0.956066 -6.028596
v 3.717474 -1.111449 -6.035707
v 13.354990 5.487331 -6.117733
v 13.403638 5.517635 -6.118266
v 13.455741 5.545981 -6.118999
v 13.510679 5.572175 -6.119918
v 13.567832 5.596020 -6.121008
v 13.626580 5.617321 -6.122255
v 13.686303 5.635881 -6.123646
v 13.746382 5.651505 -6.125165
v 13.806194 5.663999 -6.126798
v 13.865121 5.673165 -6.128531
v 13.922543 5.678808 -6.130350
v 13.977838 5.680732 -6.132240
v 13.987287 5.718310 -6.131092
v 13.944418 5.726046 -6.129262
v 13.896403 5.739491 -6.127024
v 13.844350 5.758089 -6.124438
v 13.789367 5.781287 -6.121567
v 13.732562 5.808530 -6.118471
v 13.675045 5.839263 -6.115212
v 13.617924 5.872932 -6.111851
v 13.562306 5.908982 -6.108450
v 13.509301 5.946859 -6.105069
v 13.460017 5.986008 -6.101770
v 13.415563 6.025875 -6.098615
v 13.377046 6.065904 -6.095665
v 13.344308 6.109159 -6.092792
v 13.312100 6.158284 -6.089706
v 13.280944 6.212106 -6.086473
v 13.251358 6.269451 -6.083156
v 13.223863 6.329145 -6.079821
v 13.198980 6.390013 -6.076531
v 13.177229 6.450881 -6.073354
v 13.159130 6.510575 -6.070353
v 13.145204 6.567920 -6.067593
v 13.135970 6.621742 -6.065138
v 13.131950 6.670867 -6.063055
v 13.133663 6.714121 -6.061407
v 13.096081 6.714121 -6.060071
v 13.087916 6.673597 -6.061381
v 13.073383 6.627918 -6.062669
v 13.053168 6.578196 -6.063914
v 13.027957 6.525537 -6.065098
v 12.998438 6.471051 -6.066200
v 12.965295 6.415848 -6.067202
v 12.929217 6.361036 -6.068085
v 12.890890 6.307724 -6.068828
v 12.851002 6.257023 -6.069412
v 12.810236 6.210040 -6.069818
v 12.769282 6.167884 -6.070027
v 12.728827 6.131666 -6.070019
v 12.653787 6.075114 -6.069585
v 12.579205 6.018236 -6.069180
v 12.505142 5.961097 -6.068803
v 12.431668 5.903763 -6.068455
v 12.358847 5.846298 -6.068136
v 12.286742 5.788768 -6.067844
v 12.215421 5.731238 -6.067581
v 12.144947 5.673773 -6.067345
v 12.075388 5.616439 -6.067137
v 12.006807 5.559300 -6.066955
v 11.939272 5.502423 -6.066800
v 11.872845 5.445871 -6.066672
v 11.843119 5.422418 -6.066542
v 11.810619 5.399160 -6.066305
v 11.775706 5.376294 -6.065967
v 11.738739 5.354015 -6.065532
v 11.700076 5.332518 -6.065006
v 11.660077 5.312000 -6.064395
v 11.619101 5.292657 -6.063702
v 11.577507 5.274684 -6.062933
v 11.535654 5.258276 -6.062093
v 11.493901 5.243630 -6.061187
v 11.452608 5.230941 -6.060220
v 11.412134 5.220405 -6.059197
v 11.412726 5.643155 -6.042520
v 11.416248 5.719207 -6.039641
v 11.426171 5.800642 -6.036777
v 11.441841 5.885796 -6.033971
v 11.462605 5.973004 -6.031265
v 11.487804 6.060604 -6.028701
v 11.516788 6.146932 -6.026321
v 11.548898 6.230324 -6.024169
v 11.583481 6.309116 -6.022286
v 11.619884 6.381645 -6.020716
v 11.657449 6.446249 -6.019500
v 11.695522 6.501261 -6.018681
v 11.733450 6.545021 -6.018301
v 11.705301 6.573204 -6.016187
v 11.661484 6.535345 -6.016124
v 11.606409 6.497354 -6.015666
v 11.541744 6.459885 -6.014847
v 11.469152 6.423590 -6.013700
v 11.390301 6.389122 -6.012258
v 11.306850 6.357133 -6.010554
v 11.220470 6.328275 -6.008623
v 11.132822 6.303201 -6.006496
v 11.045572 6.282564 -6.004210
v 10.960384 6.267015 -6.001795
v 10.878923 6.257208 -5.999286
v 10.802855 6.253793 -5.996716
v 6.029779 6.253793 -5.827006
v 5.953721 6.257206 -5.824167
v 5.872289 6.267014 -5.820884
v 5.787145 6.282562 -5.817243
v 5.699952 6.303200 -5.813327
v 5.612374 6.328274 -5.809223
v 5.526074 6.357131 -5.805015
v 5.442715 6.389120 -5.800787
v 5.363959 6.423588 -5.796626
v 5.291470 6.459883 -5.792614
v 5.226911 6.497352 -5.788839
v 5.171942 6.535343 -5.785384
v 5.128229 6.573204 -5.782334
v 5.100002 6.545021 -5.782444
v 5.137805 6.501260 -5.785517
v 5.175724 6.446247 -5.789038
v 5.213109 6.381645 -5.792919
v 5.249308 6.309115 -5.797071
v 5.283670 6.230323 -5.801404
v 5.315547 6.146931 -5.805832
v 5.344287 6.060603 -5.810264
v 5.369242 5.973003 -5.814611
v 5.389760 5.885795 -5.818785
v 5.405191 5.800642 -5.822697
v 5.414886 5.719207 -5.826259
v 5.418195 5.643155 -5.829380
v 5.417444 5.107671 -5.850504
v 5.414519 5.046433 -5.852819
v 5.406303 4.981020 -5.855111
v 5.393387 4.912736 -5.857348
v 5.376356 4.842887 -5.859502
v 5.355803 4.772777 -5.861540
v 5.332314 4.703711 -5.863433
v 5.306479 4.636992 -5.865150
v 5.278890 4.573928 -5.866660
v 5.250131 4.515821 -5.867932
v 5.220795 4.463978 -5.868937
v 5.191469 4.419702 -5.869643
v 5.162743 4.384299 -5.870020
v 5.156075 4.386648 -5.869690
v 5.150091 4.388997 -5.869385
v 5.144695 4.391345 -5.869101
v 5.139789 4.393693 -5.868833
v 5.135273 4.396042 -5.868580
v 5.131051 4.398391 -5.868337
v 5.127026 4.400739 -5.868101
v 5.123097 4.403088 -5.867868
v 5.119170 4.405437 -5.867636
v 5.115144 4.407785 -5.867400
v 5.110923 4.410134 -5.867157
v 5.106407 4.412482 -5.866904
v 5.078180 4.384299 -5.867014
v 5.109357 4.356311 -5.869227
v 5.141468 4.320104 -5.871799
v 5.173896 4.276850 -5.874661
v 5.206021 4.227725 -5.877744
v 5.237226 4.173903 -5.880979
v 5.266895 4.116558 -5.884299
v 5.294406 4.056864 -5.887635
v 5.319142 3.995996 -5.890919
v 5.340486 3.935127 -5.894082
v 5.357818 3.875433 -5.897056
v 5.370522 3.818089 -5.899773
v 5.377976 3.764266 -5.902164
v 5.399237 3.582211 -5.910110
v 5.427486 3.428894 -5.917171
v 5.464973 3.301737 -5.923526
v 5.513943 3.198164 -5.929358
v 5.576646 3.115599 -5.934849
v 5.655327 3.051463 -5.940180
v 5.752235 3.003181 -5.945533
v 5.869618 2.968174 -5.951089
v 6.009722 2.943867 -5.957030
v 6.174795 2.927682 -5.963539
v 6.367085 2.917043 -5.970796
v 6.588838 2.909372 -5.978984
v 7.293524 2.909372 -6.004039
v 7.371065 2.911932 -6.006695
v 7.444039 2.914983 -6.009170
v 7.512577 2.918620 -6.011463
v 7.576810 2.922942 -6.013576
v 7.636868 2.928047 -6.015510
v 7.692881 2.934032 -6.017265
v 7.744981 2.940997 -6.018842
v 7.793298 2.949038 -6.020243
v 7.837963 2.958252 -6.021467
v 7.879106 2.968740 -6.022515
v 7.916858 2.980597 -6.023389
v 7.951350 2.993922 -6.024089
v 7.950164 2.148422 -6.057443
v 5.732751 2.148422 -5.978601
v 5.681264 2.150700 -5.976681
v 5.626192 2.157251 -5.974464
v 5.568646 2.167651 -5.972007
v 5.509735 2.181477 -5.969367
v 5.450567 2.198303 -5.966598
v 5.392251 2.217706 -5.963758
v 5.335896 2.239262 -5.960903
v 5.282609 2.262547 -5.958089
v 5.233500 2.287137 -5.955371
v 5.189678 2.312608 -5.952807
v 5.152250 2.338535 -5.950452
v 5.122326 2.364495 -5.948363
v 5.103508 2.345705 -5.948436
v 5.129431 2.315750 -5.950541
v 5.155310 2.278292 -5.952940
v 5.180722 2.234440 -5.955576
v 5.205247 2.185304 -5.958389
v 5.228459 2.131993 -5.961320
v 5.249939 2.075615 -5.964311
v 5.269263 2.017281 -5.967302
v 5.286008 1.958098 -5.970235
v 5.299753 1.899176 -5.973051
v 5.310074 1.841624 -5.975691
v 5.316549 1.786551 -5.978096
v 5.318755 1.735067 -5.980208
v 5.316404 1.683582 -5.982159
v 5.309775 1.628510 -5.984098
v 5.299292 1.570958 -5.985999
v 5.285382 1.512036 -5.987832
v 5.268471 1.452853 -5.989568
v 5.248983 1.394518 -5.991179
v 5.227345 1.338141 -5.992637
v 5.203981 1.284830 -5.993912
v 5.179319 1.235694 -5.994976
v 5.153784 1.191842 -5.995800
v 5.127800 1.154384 -5.996355
v 5.101795 1.124428 -5.996614
v 5.120561 1.105639 -5.998023
v 5.150556 1.131599 -5.998065
v 5.188056 1.157526 -5.998374
v 5.231950 1.182996 -5.998928
v 5.281128 1.207586 -5.999705
v 5.334479 1.230871 -6.000683
v 5.390896 1.252427 -6.001837
v 5.449265 1.271830 -6.003146
v 5.508482 1.288657 -6.004587
v 5.567430 1.302482 -6.006137
v 5.625006 1.312882 -6.007773
v 5.680096 1.319433 -6.009473
v 5.731591 1.321712 -6.011214
v 7.394651 1.321712 -6.070345
v 7.271672 1.157890 -6.072443
v 7.142724 0.995211 -6.074285
v 7.007710 0.833641 -6.075866
v 6.866531 0.673147 -6.077185
v 6.719090 0.513697 -6.078241
v 6.565289 0.355258 -6.079031
v 6.405029 0.197798 -6.079552
v 6.238214 0.041284 -6.079803
v 6.064744 -0.114317 -6.079781
v 5.884522 -0.269037 -6.079484
v 5.697450 -0.422909 -6.078911
v 5.503429 -0.575966 -6.078057
v 5.465193 -0.599767 -6.077638
v 5.421671 -0.623895 -6.077044
v 5.373843 -0.647892 -6.076291
v 5.322687 -0.671302 -6.075397
v 5.269184 -0.693668 -6.074378
v 5.214314 -0.714534 -6.073251
v 5.159055 -0.733442 -6.072033
v 5.104386 -0.749937 -6.070741
v 5.051286 -0.763561 -6.069391
v 5.000737 -0.773858 -6.068000
v 4.953716 -0.780371 -6.066586
v 4.911203 -0.782643 -6.065164
v 4.904346 -0.782638 -6.064920
v 4.897849 -0.782600 -6.064688
v 4.891678 -0.782497 -6.064464
v 4.885800 -0.782296 -6.064247
v 4.880184 -0.781964 -6.064034
v 4.874796 -0.781469 -6.063823
v 4.869605 -0.780779 -6.063611
v 4.864577 -0.779860 -6.063396
v 4.859678 -0.778680 -6.063175
v 4.854879 -0.777207 -6.062946
v 4.850146 -0.775407 -6.062707
v 4.845446 -0.773249 -6.062455
v 4.835998 -0.810827 -6.063603
v 4.875742 -0.824185 -6.065544
v 4.919164 -0.844882 -6.067905
v 4.965251 -0.872037 -6.070617
v 5.012994 -0.904771 -6.073607
v 5.061383 -0.942202 -6.076806
v 5.109408 -0.983450 -6.080143
v 5.156059 -1.027633 -6.083547
v 5.200325 -1.073871 -6.086947
v 5.241198 -1.121284 -6.090273
v 5.277664 -1.168990 -6.093454
v 5.308717 -1.216109 -6.096419
v 5.333344 -1.261760 -6.099098
v 5.360077 -1.318899 -6.102305
v 5.384027 -1.381452 -6.105628
v 5.405168 -1.448181 -6.109015
v 5.423464 -1.517846 -6.112417
v 5.438887 -1.589206 -6.115784
v 5.451406 -1.661024 -6.119066
v 5.460990 -1.732058 -6.122212
v 5.467609 -1.801071 -6.125174
v 5.471231 -1.866821 -6.127900
v 5.471825 -1.928069 -6.130340
v 5.469358 -1.983577 -6.132445
v 5.463805 -2.032104 -6.134164
v 5.491979 -2.041499 -6.135537
v 5.504671 -1.994119 -6.134117
v 5.523438 -1.941944 -6.132723
v 5.547691 -1.886050 -6.131378
v 5.576841 -1.827514 -6.130102
v 5.610300 -1.767413 -6.128918
v 5.647479 -1.706822 -6.127847
v 5.687789 -1.646818 -6.126910
v 5.730641 -1.588478 -6.126129
v 5.775448 -1.532878 -6.125526
v 5.821619 -1.481094 -6.125122
v 5.868566 -1.434204 -6.124939
v 5.915700 -1.393282 -6.124999
v 6.119512 -1.225743 -6.125628
v 6.317060 -1.056605 -6.125971
v 6.508348 -0.885836 -6.126028
v 6.693374 -0.713403 -6.125795
v 6.872139 -0.539274 -6.125274
v 7.044642 -0.363417 -6.124461
v 7.210884 -0.185798 -6.123356
v 7.370864 -0.006384 -6.121958
v 7.524584 0.174855 -6.120265
v 7.672042 0.357955 -6.118276
v 7.813239 0.542946 -6.115989
v 7.948174 0.729861 -6.113404
v 7.945143 -1.430860 -6.198642
v 7.942204 -1.494631 -6.201056
v 7.933909 -1.562904 -6.203458
v 7.920782 -1.634308 -6.205812
v 7.903344 -1.707474 -6.208081
v 7.882122 -1.781031 -6.210232
v 7.857639 -1.853610 -6.212228
v 7.830419 -1.923840 -6.214035
v 7.800985 -1.990351 -6.215615
v 7.769863 -2.051774 -6.216935
v 7.737574 -2.106738 -6.217957
v 7.704644 -2.153873 -6.218648
v 7.671597 -2.191810 -6.218972
v 7.699746 -2.219993 -6.221086
v 7.737734 -2.187004 -6.221134
v 7.784923 -2.154145 -6.221514
v 7.839939 -2.121939 -6.222198
v 7.901415 -2.090906 -6.223158
v 7.967977 -2.061571 -6.224366
v 8.038256 -2.034453 -6.225793
v 8.110878 -2.010075 -6.227413
v 8.184475 -1.988959 -6.229196
v 8.257676 -1.971627 -6.231113
v 8.329109 -1.958601 -6.233139
v 8.397404 -1.950403 -6.235243
v 8.461189 -1.947554 -6.237399
v 8.524965 -1.950403 -6.239779
v 8.593237 -1.958601 -6.242530
v 8.664634 -1.971627 -6.245583
v 8.737785 -1.988959 -6.248869
v 8.811324 -2.010075 -6.252317
v 8.883880 -2.034453 -6.255860
v 8.954082 -2.061570 -6.259427
v 9.020561 -2.090906 -6.262950
v 9.081949 -2.121938 -6.266358
v 9.136877 -2.154145 -6.269583
v 9.183972 -2.187004 -6.272555
v 9.221869 -2.219993 -6.275206
v 9.250095 -2.191810 -6.275096
v 9.217154 -2.153873 -6.272427
v 9.184357 -2.106738 -6.269399
v 9.152223 -2.051774 -6.266086
v 9.121271 -1.990351 -6.262559
v 9.092026 -1.923840 -6.258892
v 9.065002 -1.853610 -6.255157
v 9.040722 -1.781031 -6.251427
v 9.019707 -1.707474 -6.247774
v 9.002475 -1.634308 -6.244272
v 8.989548 -1.562904 -6.240992
v 8.981443 -1.494631 -6.238007
v 8.978683 -1.430860 -6.235390
v 8.981714 0.729861 -6.150152
v 9.120447 0.538259 -6.162653
v 9.264795 0.348647 -6.175274
v 9.414886 0.161057 -6.188021
v 9.570852 -0.024477 -6.200894
v 9.732825 -0.207924 -6.213900
v 9.900934 -0.389251 -6.227039
v 10.075311 -0.568425 -6.240316
v 10.256084 -0.745414 -6.253735
v 10.443385 -0.920184 -6.267297
v 10.637346 -1.092704 -6.281008
v 10.838095 -1.262940 -6.294870
v 11.045763 -1.430860 -6.308887
v 11.092783 -1.471966 -6.312181
v 11.139597 -1.519368 -6.315719
v 11.185622 -1.571923 -6.319431
v 11.230270 -1.628491 -6.323253
v 11.272958 -1.687930 -6.327118
v 11.313098 -1.749097 -6.330961
v 11.350105 -1.810851 -6.334716
v 11.383394 -1.872051 -6.338317
v 11.412379 -1.931554 -6.341698
v 11.436474 -1.988220 -6.344793
v 11.455093 -2.040906 -6.347536
v 11.467653 -2.088471 -6.349862
v 11.505236 -2.088471 -6.351198
v 11.498034 -2.039759 -6.349018
v 11.494987 -1.983740 -6.346697
v 11.495928 -1.921719 -6.344280
v 11.500691 -1.855002 -6.341815
v 11.509114 -1.784891 -6.339345
v 11.521031 -1.712693 -6.336917
v 11.536277 -1.639712 -6.334576
v 11.554687 -1.567253 -6.332369
v 11.576095 -1.496621 -6.330340
v 11.600336 -1.429120 -6.328536
v 11.627248 -1.366056 -6.327002
v 11.656663 -1.308732 -6.325783
v 11.686105 -1.263081 -6.325027
v 11.721911 -1.215962 -6.324439
v 11.763003 -1.168256 -6.324016
v 11.808304 -1.120843 -6.323754
v 11.856734 -1.074605 -6.323649
v 11.907217 -1.030422 -6.323699
v 11.958674 -0.989174 -6.323899
v 12.010029 -0.951743 -6.324247
v 12.060202 -0.919010 -6.324738
v 12.108116 -0.891854 -6.325369
v 12.152695 -0.871157 -6.326137
v 12.192858 -0.857799 -6.327037
v 12.192897 -0.829616 -6.325925
v 12.135441 -0.828055 -6.323821
v 12.076197 -0.823396 -6.321530
v 12.015717 -0.815671 -6.319075
v 11.954556 -0.804912 -6.316475
v 11.893269 -0.791152 -6.313752
v 11.832410 -0.774423 -6.310927
v 11.772533 -0.754759 -6.308022
v 11.714194 -0.732192 -6.305057
v 11.657948 -0.706754 -6.302052
v 11.604347 -0.678478 -6.299029
v 11.553948 -0.647397 -6.296010
v 11.507305 -0.613544 -6.293014
v 11.306864 -0.460286 -6.279834
v 11.113765 -0.305789 -6.266865
v 10.927910 -0.149987 -6.254103
v 10.749203 0.007185 -6.241541
v 10.577543 0.165793 -6.229173
v 10.412835 0.325900 -6.216992
v 10.254980 0.487574 -6.204994
v 10.103882 0.650879 -6.193171
v 9.959440 0.815879 -6.181518
v 9.821558 0.982641 -6.170029
v 9.690140 1.151231 -6.158697
v 9.565085 1.321712 -6.147517
v 11.199958 1.321712 -6.205646
v 11.226540 1.321130 -6.206614
v 11.254458 1.319406 -6.207675
v 11.283484 1.316574 -6.208818
v 11.313391 1.312665 -6.210036
v 11.343946 1.307712 -6.211318
v 11.374927 1.301748 -6.212656
v 11.406100 1.294806 -6.214038
v 11.437240 1.286917 -6.215457
v 11.468118 1.278115 -6.216903
v 11.498505 1.268433 -6.218366
v 11.528172 1.257902 -6.219836
v 11.556893 1.246556 -6.221305
v 11.535774 1.246936 -6.220540
v 11.514788 1.248034 -6.219750
v 11.494062 1.249785 -6.218944
v 11.473730 1.252123 -6.218129
v 11.453920 1.254982 -6.217311
v 11.434764 1.258299 -6.216499
v 11.416390 1.262007 -6.215700
v 11.398932 1.266041 -6.214920
v 11.382517 1.270335 -6.214166
v 11.367276 1.274826 -6.213447
v 11.353342 1.279447 -6.212769
v 11.340842 1.284134 -6.212139
v 11.321998 1.246556 -6.212954
v 11.361170 1.227946 -6.215081
v 11.402973 1.201019 -6.217631
v 11.446527 1.166850 -6.220530
v 11.490953 1.126516 -6.223702
v 11.535374 1.081093 -6.227076
v 11.578906 1.031658 -6.230577
v 11.620674 0.979287 -6.234130
v 11.659796 0.925057 -6.237663
v 11.695394 0.870044 -6.241102
v 11.726587 0.815325 -6.244372
v 11.752498 0.761975 -6.247401
v 11.772245 0.711073 -6.250113
v 11.839862 0.522684 -6.259959
v 11.911523 0.333642 -6.269974
v 11.986967 0.144470 -6.280128
v 12.065936 -0.044310 -6.290392
v 12.148169 -0.232177 -6.300736
v 12.233405 -0.418609 -6.311131
v 12.321384 -0.603083 -6.321546
v 12.411847 -0.785079 -6.331951
v 12.504532 -0.964074 -6.342317
v 12.599179 -1.139545 -6.352612
v 12.695528 -1.310972 -6.362809
v 12.793320 -1.477832 -6.372877
v 12.820601 -1.530833 -6.375941
v 12.846014 -1.590261 -6.379191
v 12.869266 -1.654712 -6.382564
v 12.890066 -1.722783 -6.385992
v 12.908123 -1.793073 -6.389411
v 12.923145 -1.864179 -6.392754
v 12.934839 -1.934697 -6.395955
v 12.942916 -2.003225 -6.398949
v 12.947083 -2.068361 -6.401670
v 12.947046 -2.128702 -6.404052
v 12.942517 -2.182845 -6.406029
v 12.933203 -2.229388 -6.407537
v 12.970773 -2.238782 -6.409243
v 12.984386 -2.193392 -6.407934
v 13.005708 -2.142619 -6.406687
v 13.033819 -2.087737 -6.405519
v 13.067808 -2.030016 -6.404448
v 13.106758 -1.970730 -6.403491
v 13.149754 -1.911151 -6.402666
v 13.195879 -1.852550 -6.401991
v 13.244221 -1.796199 -6.401484
v 13.293862 -1.743372 -6.401163
v 13.343888 -1.695340 -6.401044
v 13.393384 -1.653374 -6.401146
v 13.441434 -1.618749 -6.401487
v 13.483815 -1.593528 -6.401998
v 13.530502 -1.569645 -6.402715
v 13.580709 -1.547263 -6.403616
v 13.633656 -1.526544 -6.404680
v 13.688556 -1.507652 -6.405886
v 13.744628 -1.490749 -6.407212
v 13.801089 -1.476000 -6.408637
v 13.857155 -1.463567 -6.410139
v 13.912044 -1.453612 -6.411697
v 13.964971 -1.446300 -6.413291
v 14.015153 -1.441793 -6.414897
v 14.061808 -1.440254 -6.416495
v 14.071013 -1.440260 -6.416822
v 14.079860 -1.440298 -6.417139
v 14.088381 -1.440401 -6.417446
v 14.096607 -1.440602 -6.417746
v 14.104572 -1.440934 -6.418042
v 14.112309 -1.441429 -6.418337
v 14.119849 -1.442119 -6.418633
v 14.127227 -1.443038 -6.418931
v 14.134473 -1.444218 -6.419235
v 14.141622 -1.445691 -6.419548
v 14.148704 -1.447490 -6.419870
v 14.155753 -1.449649 -6.420206
v 14.155806 -1.412071 -6.418724
v 14.113332 -1.398523 -6.416678
v 14.066463 -1.377277 -6.414173
v 14.016278 -1.349246 -6.411282
v 13.963849 -1.315343 -6.408078
v 13.910253 -1.276482 -6.404637
v 13.856565 -1.233577 -6.401034
v 13.803859 -1.187540 -6.397342
v 13.753212 -1.139284 -6.393635
v 13.705699 -1.089724 -6.389988
v 13.662395 -1.039773 -6.386475
v 13.624375 -0.990343 -6.383171
v 13.592715 -0.942349 -6.380149
v 13.502119 -0.786008 -6.370753
v 13.413158 -0.627156 -6.361316
v 13.325896 -0.466021 -6.351848
v 13.240399 -0.302831 -6.342362
v 13.156732 -0.137814 -6.332870
v 13.074959 0.028802 -6.323381
v 12.995145 0.196787 -6.313908
v 12.917356 0.365914 -6.304462
v 12.841656 0.535954 -6.295054
v 12.768109 0.706680 -6.285696
v 12.696782 0.877862 -6.276398
v 12.627740 1.049273 -6.267173
v 12.610579 1.104046 -6.264399
v 12.596495 1.164137 -6.261525
v 12.585416 1.228207 -6.258600
v 12.577277 1.294920 -6.255676
v 12.572011 1.362937 -6.252802
v 12.569551 1.430922 -6.250029
v 12.569829 1.497536 -6.247408
v 12.572779 1.561443 -6.244988
v 12.578333 1.621306 -6.242822
v 12.586424 1.675786 -6.240957
v 12.596985 1.723547 -6.239446
v 12.609949 1.763250 -6.238339
v 12.581788 1.782039 -6.236596
v 12.543697 1.706916 -6.238208
v 12.496152 1.636686 -6.239292
v 12.440262 1.571545 -6.239878
v 12.377137 1.511688 -6.239997
v 12.307886 1.457311 -6.239683
v 12.233620 1.408610 -6.238966
v 12.155445 1.365781 -6.237878
v 12.074474 1.329018 -6.236451
v 11.991816 1.298519 -6.234717
v 11.908579 1.274478 -6.232707
v 11.825874 1.257092 -6.230453
v 11.744810 1.246556 -6.227987
v 11.726482 1.283079 -6.225893
v 11.709072 1.321885 -6.223741
v 11.692708 1.362519 -6.221554
v 11.677521 1.404522 -6.219355
v 11.663639 1.447438 -6.217166
v 11.651194 1.490811 -6.215011
v 11.640315 1.534184 -6.212911
v 11.631131 1.577101 -6.210889
v 11.623774 1.619104 -6.208968
v 11.618371 1.659737 -6.207171
v 11.615055 1.698544 -6.205521
v 11.613953 1.735067 -6.204039
v 11.616303 1.786552 -6.202089
v 11.622932 1.841624 -6.200149
v 11.633415 1.899176 -6.198249
v 11.647326 1.958098 -6.196416
v 11.664237 2.017281 -6.194680
v 11.683725 2.075615 -6.193069
v 11.705363 2.131993 -6.191611
v 11.728726 2.185304 -6.190336
v 11.753389 2.234440 -6.189272
v 11.778925 2.278292 -6.188448
v 11.804908 2.315750 -6.187892
v 11.830914 2.345705 -6.187634
v 11.812148 2.364495 -6.186224
v 11.782152 2.338535 -6.186183
v 11.744652 2.312608 -6.185874
v 11.700758 2.287137 -6.185319
v 11.651581 2.262547 -6.184542
v 11.598228 2.239263 -6.183565
v 11.541813 2.217706 -6.182410
v 11.483442 2.198303 -6.181101
v 11.424227 2.181477 -6.179660
v 11.365277 2.167652 -6.178111
v 11.307702 2.157251 -6.176474
v 11.252612 2.150700 -6.174774
v 11.201117 2.148422 -6.173033
v 8.983704 2.148422 -6.094192
v 8.984560 2.759061 -6.070103
v 8.987096 2.810730 -6.068151
v 8.994237 2.866314 -6.066210
v 9.005493 2.924638 -6.064307
v 9.020372 2.984528 -6.062470
v 9.038383 3.044808 -6.060730
v 9.059036 3.104306 -6.059114
v 9.081841 3.161848 -6.057652
v 9.106303 3.216257 -6.056373
v 9.131935 3.266361 -6.055305
v 9.158243 3.310984 -6.054478
v 9.184739 3.348953 -6.053920
v 9.210930 3.379094 -6.053661
v 9.182782 3.407278 -6.051547
v 9.152596 3.381134 -6.051506
v 9.114545 3.354695 -6.051198
v 9.069775 3.328453 -6.050642
v 9.019426 3.302895 -6.049861
v 8.964643 3.278512 -6.048877
v 8.906567 3.255792 -6.047709
v 8.846340 3.235226 -6.046380
v 8.785107 3.217301 -6.044911
v 8.724009 3.202508 -6.043323
v 8.664186 3.191336 -6.041637
v 8.606785 3.184274 -6.039875
v 8.552946 3.181811 -6.038058
v 8.130134 3.181811 -6.023025
v 8.139174 3.208064 -6.022309
v 8.147432 3.235263 -6.021528
v 8.154911 3.263571 -6.020676
v 8.161608 3.293152 -6.019746
v 8.167524 3.324168 -6.018731
v 8.172659 3.356781 -6.017626
v 8.177013 3.391158 -6.016423
v 8.180589 3.427458 -6.015116
v 8.183383 3.465846 -6.013699
v 8.185398 3.506485 -6.012166
v 8.186632 3.549537 -6.010509
v 8.187088 3.595166 -6.008723
v 8.189672 5.436477 -5.936085
v 8.659462 5.436477 -5.952789
v 8.673654 5.118908 -5.965837
v 8.716967 4.814747 -5.979391
v 8.789137 4.524482 -5.993423
v 8.889908 4.248601 -6.007902
v 9.019016 3.987596 -6.022802
v 9.176205 3.741954 -6.038094
v 9.361210 3.512166 -6.053748
v 9.573773 3.298719 -6.069736
v 9.813635 3.102105 -6.086031
v 10.080534 2.922812 -6.102603
v 10.374209 2.761328 -6.119423
v 10.694402 2.618144 -6.136463
v 10.738064 2.598339 -6.138798
v 10.783902 2.572433 -6.141451
v 10.830974 2.541374 -6.144351
v 10.878333 2.506107 -6.147429
v 10.925035 2.467578 -6.150611
v 10.970136 2.426733 -6.153828
v 11.012690 2.384518 -6.157008
v 11.051751 2.341878 -6.160081
v 11.086378 2.299761 -6.162976
v 11.115623 2.259111 -6.165621
v 11.138542 2.220876 -6.167946
v 11.154190 2.186000 -6.169880
v 11.191787 2.195394 -6.170846
v 11.182585 2.232733 -6.169044
v 11.178158 2.278031 -6.167098
v 11.178176 2.329853 -6.165051
v 11.182312 2.386763 -6.162951
v 11.190237 2.447326 -6.160840
v 11.201624 2.510108 -6.158765
v 11.216145 2.573673 -6.156771
v 11.233469 2.636585 -6.154902
v 11.253270 2.697410 -6.153203
v 11.275220 2.754712 -6.151720
v 11.298989 2.807055 -6.150498
v 11.324251 2.853005 -6.149581
v 11.355481 2.897929 -6.148917
v 11.392062 2.943079 -6.148435
v 11.433080 2.987904 -6.148122
v 11.477619 3.031848 -6.147970
v 11.524767 3.074357 -6.147967
v 11.573607 3.114876 -6.148104
v 11.623228 3.152850 -6.148368
v 11.672714 3.187726 -6.148750
v 11.721150 3.218948 -6.149239
v 11.767624 3.245963 -6.149824
v 11.811219 3.268215 -6.150496
v 11.851023 3.285150 -6.151242
v 11.841666 3.313333 -6.149796
v 11.826805 3.308831 -6.149446
v 11.810509 3.304721 -6.149028
v 11.792909 3.301003 -6.148549
v 11.774134 3.297675 -6.148013
v 11.754316 3.294739 -6.147425
v 11.733585 3.292195 -6.146788
v 11.712072 3.290042 -6.146108
v 11.689907 3.288281 -6.145390
v 11.667220 3.286911 -6.144637
v 11.644142 3.285933 -6.143855
v 11.620804 3.285345 -6.143048
v 11.597336 3.285150 -6.142222
v 11.472193 3.291440 -6.137524
v 11.346250 3.309636 -6.132327
v 11.220257 3.338727 -6.126698
v 11.094963 3.377702 -6.120704
v 10.971118 3.425550 -6.114410
v 10.849468 3.481258 -6.107885
v 10.730765 3.543817 -6.101193
v 10.615757 3.612215 -6.094402
v 10.505193 3.685441 -6.087579
v 10.399820 3.762483 -6.080790
v 10.300390 3.842330 -6.074100
v 10.207650 3.923972 -6.067578
v 10.249008 3.952275 -6.067930
v 10.297120 3.980512 -6.068526
v 10.350908 4.008228 -6.069344
v 10.409294 4.034965 -6.070364
v 10.471202 4.060267 -6.071565
v 10.535554 4.083677 -6.072928
v 10.601273 4.104739 -6.074433
v 10.667281 4.122994 -6.076059
v 10.732502 4.137989 -6.077786
v 10.795858 4.149264 -6.079593
v 10.856272 4.156364 -6.081461
v 10.912666 4.158833 -6.083368
v 10.974094 4.155989 -6.085665
v 11.040016 4.147829 -6.088331
v 11.109064 4.134906 -6.091297
v 11.179868 4.117775 -6.094491
v 11.251058 4.096992 -6.097843
v 11.321264 4.073109 -6.101283
v 11.389118 4.046681 -6.104739
v 11.453251 4.018264 -6.108142
v 11.512292 3.988411 -6.111420
v 11.564872 3.957678 -6.114503
v 11.609621 3.926619 -6.117321
v 11.645171 3.895788 -6.119803
v 11.673399 3.923972 -6.119694
v 11.642612 3.959560 -6.117193
v 11.611612 4.004346 -6.114322
v 11.580948 4.056962 -6.111154
v 11.551174 4.116036 -6.107761
v 11.522842 4.180199 -6.104220
v 11.496507 4.248080 -6.100602
v 11.472719 4.318310 -6.096982
v 11.452032 4.389518 -6.093434
v 11.434998 4.460335 -6.090032
v 11.422171 4.529391 -6.086848
v 11.414101 4.595315 -6.083957
v 11.411343 4.656738 -6.081433
v 11.411936 5.079488 -6.064756
v 11.449832 5.061917 -6.066797
v 11.488181 5.042259 -6.068937
v 11.526659 5.020773 -6.071154
v 11.564939 4.997722 -6.073425
v 11.602694 4.973366 -6.075730
v 11.639600 4.947966 -6.078045
v 11.675331 4.921783 -6.080350
v 11.709559 4.895079 -6.082622
v 11.741961 4.868114 -6.084839
v 11.772210 4.841147 -6.086980
v 11.799979 4.814443 -6.089022
v 11.824944 4.788260 -6.090944
v 11.859472 4.742479 -6.093980
v 11.892491 4.690532 -6.097206
v 11.923676 4.633693 -6.100559
v 11.952703 4.573232 -6.103980
v 11.979248 4.510423 -6.107404
v 12.002985 4.446537 -6.110772
v 12.023590 4.382848 -6.114020
v 12.040739 4.320626 -6.117087
v 12.054109 4.261144 -6.119912
v 12.063372 4.205675 -6.122433
v 12.068206 4.155489 -6.124587
v 12.068286 4.111860 -6.126313
v 12.105869 4.111860 -6.127649
v 12.111693 4.154924 -6.126155
v 12.123919 4.203500 -6.124671
v 12.141893 4.256447 -6.123219
v 12.164962 4.312624 -6.121820
v 12.192470 4.370887 -6.120497
v 12.223763 4.430098 -6.119271
v 12.258188 4.489112 -6.118164
v 12.295092 4.546789 -6.117198
v 12.333818 4.601986 -6.116395
v 12.373714 4.653563 -6.115776
v 12.414125 4.700378 -6.115364
v 12.454397 4.741288 -6.115180
v 12.520827 4.800189 -6.115215
v 12.588367 4.859415 -6.115277
v 12.656950 4.918902 -6.115366
v 12.726513 4.978585 -6.115482
v 12.796989 5.038399 -6.115625
v 12.868315 5.098277 -6.115796
v 12.940422 5.158155 -6.115995
v 13.013247 5.217969 -6.116222
v 13.086725 5.277652 -6.116477
v 13.160789 5.337139 -6.116761
v 13.235376 5.396366 -6.117073
v 13.310419 5.455266 -6.117415
v 10.412838 4.600355 -6.048157
v 10.405653 4.539960 -6.050287
v 10.394287 4.476629 -6.052385
v 10.379199 4.411438 -6.054423
v 10.360847 4.345466 -6.056376
v 10.339691 4.279786 -6.058218
v 10.316188 4.215477 -6.059923
v 10.290794 4.153614 -6.061463
v 10.263972 4.095273 -6.062814
v 10.236176 4.041533 -6.063949
v 10.207868 3.993468 -6.064841
v 10.179502 3.952155 -6.065464
v 10.085280 4.050612 -6.058225
v 9.999611 4.153440 -6.051117
v 9.922432 4.260705 -6.044136
v 9.853674 4.372470 -6.037277
v 9.793276 4.488802 -6.030535
v 9.741171 4.609766 -6.023904
v 9.697292 4.735427 -6.017380
v 9.661578 4.865851 -6.010959
v 9.633961 5.001103 -6.004635
v 9.614376 5.141248 -5.998403
v 9.602758 5.286350 -5.992259
v 9.599044 5.436477 -5.986197
v 10.416480 5.436477 -6.015261
v 10.415386 4.656738 -6.046021
v 6.256135 3.959777 -5.925665
v 6.254178 4.010000 -5.923612
v 6.255291 4.064008 -5.921518
v 6.259248 4.120559 -5.919425
v 6.265816 4.178415 -5.917373
v 6.274765 4.236337 -5.915403
v 6.285866 4.293084 -5.913557
v 6.298889 4.347417 -5.911874
v 6.313602 4.398098 -5.910395
v 6.329778 4.443884 -5.909162
v 6.347184 4.483539 -5.908214
v 6.365592 4.515821 -5.907594
v 6.337430 4.534610 -5.905850
v 6.315210 4.505927 -5.906193
v 6.286759 4.476591 -5.906340
v 6.252892 4.447125 -5.906300
v 6.214425 4.418050 -5.906081
v 6.172175 4.389888 -5.905691
v 6.126959 4.363162 -5.905138
v 6.079591 4.338393 -5.904433
v 6.030890 4.316103 -5.903582
v 5.981671 4.296814 -5.902594
v 5.932751 4.281048 -5.901477
v 5.884945 4.269326 -5.900240
v 5.839070 4.262171 -5.898891
v 5.792090 4.262171 -5.897221
v 5.742402 4.262411 -5.895445
v 5.692130 4.263302 -5.893622
v 5.641467 4.265107 -5.891750
v 5.590611 4.268086 -5.889824
v 5.539756 4.272501 -5.887841
v 5.489099 4.278612 -5.885798
v 5.438836 4.286680 -5.883693
v 5.389163 4.296966 -5.881520
v 5.340278 4.309731 -5.879278
v 5.292375 4.325236 -5.876963
v 5.245649 4.343742 -5.874570
v 5.200299 4.365510 -5.872098
v 5.237710 4.393998 -5.872303
v 5.283244 4.422747 -5.872787
v 5.335630 4.451235 -5.873524
v 5.393595 4.478940 -5.874490
v 5.455863 4.505340 -5.875661
v 5.521162 4.529913 -5.877013
v 5.588221 4.552138 -5.878519
v 5.655763 4.571492 -5.880156
v 5.722519 4.587454 -5.881899
v 5.787213 4.599502 -5.883724
v 5.848575 4.607113 -5.885605
v 5.905329 4.609766 -5.887518
v 5.989891 4.609766 -5.890524
v 6.041380 4.607488 -5.892445
v 6.096451 4.600937 -5.894662
v 6.153996 4.590537 -5.897119
v 6.212908 4.576712 -5.899760
v 6.272075 4.559885 -5.902528
v 6.330391 4.540482 -5.905368
v 6.386747 4.518926 -5.908223
v 6.440033 4.495641 -5.911037
v 6.489142 4.471051 -5.913755
v 6.532965 4.445580 -5.916319
v 6.570392 4.419653 -5.918674
v 6.600315 4.393693 -5.920763
v 6.619133 4.412482 -5.920690
v 6.593210 4.442438 -5.918585
v 6.567332 4.479897 -5.916185
v 6.541919 4.523748 -5.913550
v 6.517395 4.572884 -5.910737
v 6.494182 4.626195 -5.907806
v 6.472702 4.682573 -5.904816
v 6.453378 4.740908 -5.901824
v 6.436633 4.800090 -5.898891
v 6.422888 4.859012 -5.896075
v 6.412567 4.916564 -5.893435
v 6.406092 4.971637 -5.891029
v 6.403886 5.023121 -5.888917
v 6.404466 5.436477 -5.872611
v 7.250090 5.436477 -5.902678
v 7.248074 3.999127 -5.959380
v 7.247876 3.927898 -5.962186
v 7.247108 3.868476 -5.964506
v 7.245179 3.819753 -5.966362
v 7.241503 3.780620 -5.967777
v 7.235490 3.749969 -5.968774
v 7.226551 3.726689 -5.969375
v 7.214097 3.709672 -5.969604
v 7.197540 3.697810 -5.969484
v 7.176291 3.689991 -5.969038
v 7.149760 3.685110 -5.968287
v 7.117360 3.682054 -5.967256
v 7.078500 3.679716 -5.965967
v 6.524147 3.679716 -5.946256
v 6.486139 3.682185 -5.944807
v 6.451818 3.685371 -5.943461
v 6.420955 3.689992 -5.942181
v 6.393327 3.696766 -5.940931
v 6.368703 3.706410 -5.939675
v 6.346858 3.719643 -5.938375
v 6.327564 3.737181 -5.936996
v 6.310593 3.759743 -5.935502
v 6.295718 3.788046 -5.933855
v 6.282711 3.822808 -5.932020
v 6.271346 3.864746 -5.929959
v 6.261395 3.914577 -5.927637
v 11.480365 2.938843 -6.151742
v 11.529363 2.924376 -6.154055
v 11.582855 2.904234 -6.156753
v 11.639570 2.879101 -6.159762
v 11.698236 2.849661 -6.163011
v 11.757582 2.816602 -6.166427
v 11.816337 2.780606 -6.169937
v 11.873229 2.742359 -6.173471
v 11.926988 2.702547 -6.176955
v 11.976339 2.661855 -6.180317
v 12.020016 2.620966 -6.183485
v 12.056743 2.580566 -6.186386
v 12.091271 2.534785 -6.189423
v 12.124290 2.482838 -6.192648
v 12.155476 2.425999 -6.196002
v 12.184503 2.365538 -6.199422
v 12.211047 2.302729 -6.202847
v 12.234784 2.238844 -6.206214
v 12.255389 2.175154 -6.209463
v 12.272539 2.112932 -6.212530
v 12.285908 2.053450 -6.215355
v 12.295171 1.997981 -6.217875
v 12.300005 1.947795 -6.220029
v 12.300085 1.904167 -6.221756
v 12.337668 1.904167 -6.223092
v 12.343313 1.947230 -6.221591
v 12.355066 1.995806 -6.220091
v 12.372372 2.048753 -6.218615
v 12.394673 2.104929 -6.217189
v 12.421414 2.163193 -6.215838
v 12.452040 2.222403 -6.214588
v 12.485991 2.281418 -6.213465
v 12.522715 2.339095 -6.212492
v 12.561653 2.394292 -6.211697
v 12.602250 2.445869 -6.211102
v 12.643950 2.492684 -6.210736
v 12.686196 2.533594 -6.210622
v 12.766557 2.604238 -6.210690
v 12.847733 2.675207 -6.210773
v 12.929758 2.746437 -6.210876
v 13.012665 2.817863 -6.211002
v 13.096485 2.889420 -6.211156
v 13.181251 2.961041 -6.211341
v 13.266996 3.032663 -6.211561
v 13.353752 3.104220 -6.211819
v 13.441552 3.175646 -6.212120
v 13.530428 3.246876 -6.212466
v 13.620413 3.317846 -6.212862
v 13.711540 3.388489 -6.213312
v 13.754132 3.420554 -6.213560
v 13.801453 3.450857 -6.214046
v 13.852751 3.479204 -6.214750
v 13.907276 3.505397 -6.215654
v 13.964277 3.529242 -6.216739
v 14.023004 3.550543 -6.217985
v 14.082705 3.569103 -6.219375
v 14.142631 3.584728 -6.220889
v 14.202030 3.597221 -6.222507
v 14.260153 3.606388 -6.224212
v 14.316247 3.612031 -6.225983
v 14.369563 3.613955 -6.227803
v 14.379012 3.651533 -6.226655
v 14.336143 3.659269 -6.224825
v 14.288128 3.672714 -6.222587
v 14.236075 3.691313 -6.220001
v 14.181092 3.714510 -6.217130
v 14.124288 3.741754 -6.214034
v 14.066771 3.772487 -6.210775
v 14.009649 3.806155 -6.207414
v 13.954032 3.842206 -6.204013
v 13.901027 3.880082 -6.200632
v 13.851743 3.919231 -6.197333
v 13.807288 3.959098 -6.194178
v 13.768771 3.999127 -6.191227
v 13.736218 4.042381 -6.188362
v 13.704522 4.091506 -6.185294
v 13.674137 4.145329 -6.182088
v 13.645519 4.202673 -6.178805
v 13.619123 4.262367 -6.175509
v 13.595404 4.323235 -6.172261
v 13.574816 4.384103 -6.169126
v 13.557815 4.443797 -6.166163
v 13.544857 4.501143 -6.163437
v 13.536395 4.554965 -6.161010
v 13.532887 4.604090 -6.158945
v 13.534785 4.647344 -6.157304
v 13.497202 4.647344 -6.155968
v 13.489038 4.606825 -6.157278
v 13.474504 4.561184 -6.158564
v 13.454289 4.511564 -6.159805
v 13.429079 4.459106 -6.160981
v 13.399559 4.404953 -6.162070
v 13.366418 4.350244 -6.163053
v 13.330341 4.296123 -6.163908
v 13.292015 4.243731 -6.164615
v 13.252128 4.194209 -6.165153
v 13.211365 4.148699 -6.165501
v 13.170414 4.108343 -6.165639
v 13.129961 4.074283 -6.165545
v 13.038837 4.005982 -6.165004
v 12.948856 3.937323 -6.164516
v 12.859982 3.868339 -6.164081
v 12.772186 3.799060 -6.163696
v 12.685432 3.729520 -6.163358
v 12.599690 3.659752 -6.163065
v 12.514927 3.589789 -6.162815
v 12.431108 3.519662 -6.162604
v 12.348204 3.449405 -6.162432
v 12.266180 3.379050 -6.162294
v 12.185004 3.308630 -6.162189
v 12.104644 3.238177 -6.162115
v 12.061150 3.203220 -6.161949
v 12.011458 3.169111 -6.161530
v 11.956810 3.136306 -6.160882
v 11.898445 3.105263 -6.160033
v 11.837605 3.076438 -6.159009
v 11.775527 3.050288 -6.157834
v 11.713454 3.027270 -6.156536
v 11.652626 3.007840 -6.155141
v 11.594282 2.992454 -6.153674
v 11.539665 2.981570 -6.152163
v 11.490013 2.975644 -6.150631
v 11.446568 2.975133 -6.149107
v 11.437133 2.946949 -6.149884
v -10.053756 -2.225976 -2.814536
v -10.086696 -2.188039 -2.811866
v -10.119496 -2.140904 -2.808838
v -10.151628 -2.085940 -2.805524
v -10.182578 -2.024517 -2.801998
v -10.211825 -1.958006 -2.798331
v -10.238851 -1.887776 -2.794596
v -10.263129 -1.815197 -2.790866
v -10.284144 -1.741640 -2.787213
v -10.301375 -1.668474 -2.783711
v -10.314305 -1.597070 -2.780431
v -10.322410 -1.528797 -2.777446
v -10.325170 -1.465026 -2.774829
v -10.322045 0.761456 -2.686997
v -10.320100 0.800469 -2.685525
v -10.314626 0.841831 -2.684086
v -10.306020 0.884758 -2.682696
v -10.294671 0.928469 -2.681373
v -10.280971 0.972179 -2.680134
v -10.265317 1.015107 -2.678995
v -10.248097 1.056468 -2.677974
v -10.229707 1.095481 -2.677086
v -10.210538 1.131363 -2.676351
v -10.190984 1.163330 -2.675783
v -10.171437 1.190600 -2.675401
v -10.152287 1.212390 -2.675221
v -10.180436 1.240573 -2.673107
v -10.202256 1.221458 -2.673087
v -10.229556 1.201952 -2.672886
v -10.261558 1.182445 -2.672519
v -10.297471 1.163330 -2.671997
v -10.336514 1.144998 -2.671333
v -10.377906 1.127840 -2.670539
v -10.420861 1.112247 -2.669628
v -10.464597 1.098613 -2.668611
v -10.508330 1.087326 -2.667502
v -10.551276 1.078780 -2.666312
v -10.592650 1.073365 -2.665055
v -10.631671 1.071473 -2.663743
v -10.941733 1.071473 -2.652718
v -10.820256 1.149755 -2.653945
v -10.700309 1.229569 -2.655057
v -10.581861 1.310885 -2.656057
v -10.464877 1.393668 -2.656947
v -10.349332 1.477886 -2.657729
v -10.235183 1.563507 -2.658405
v -10.122403 1.650498 -2.658979
v -10.010961 1.738827 -2.659453
v -9.900819 1.828460 -2.659829
v -9.791949 1.919365 -2.660109
v -9.684316 2.011510 -2.660296
v -9.577889 2.104862 -2.660393
v -8.713475 2.104862 -2.691128
v -8.607314 2.011510 -2.698590
v -8.499940 1.919365 -2.706047
v -8.391326 1.828460 -2.713500
v -8.281436 1.738827 -2.720947
v -8.170241 1.650498 -2.728390
v -8.057706 1.563507 -2.735827
v -7.943797 1.477886 -2.743259
v -7.828485 1.393668 -2.750686
v -7.711734 1.310885 -2.758107
v -7.593514 1.229569 -2.765522
v -7.473792 1.149755 -2.772931
v -7.352532 1.071473 -2.780335
v -8.000842 1.071473 -2.757283
v -8.012765 1.072223 -2.756830
v -8.024940 1.074343 -2.756313
v -8.037246 1.077638 -2.755746
v -8.049550 1.081911 -2.755139
v -8.061721 1.086967 -2.754507
v -8.073632 1.092611 -2.753860
v -8.085149 1.098645 -2.753213
v -8.096147 1.104876 -2.752576
v -8.106492 1.111106 -2.751962
v -8.116054 1.117141 -2.751383
v -8.124701 1.122784 -2.750853
v -8.132306 1.127840 -2.750383
v -8.151124 1.109051 -2.750456
v -8.146079 1.101440 -2.750936
v -8.140447 1.092785 -2.751478
v -8.134425 1.083216 -2.752070
v -8.128207 1.072865 -2.752700
v -8.121991 1.061862 -2.753356
v -8.115973 1.050336 -2.754025
v -8.110345 1.038419 -2.754696
v -8.105306 1.026241 -2.755356
v -8.101048 1.013932 -2.755993
v -8.097770 1.001624 -2.756596
v -8.095668 0.989446 -2.757152
v -8.094934 0.977529 -2.757649
v -8.095065 0.883584 -2.761355
v -8.082641 0.515413 -2.776339
v -8.043426 0.175652 -2.791153
v -7.976113 -0.137034 -2.805897
v -7.879405 -0.423983 -2.820670
v -7.751992 -0.686532 -2.835570
v -7.592578 -0.926020 -2.850698
v -7.399856 -1.143783 -2.866152
v -7.172524 -1.341159 -2.882031
v -6.909278 -1.519485 -2.898434
v -6.608815 -1.680098 -2.915462
v -6.269832 -1.824336 -2.933211
v -5.891028 -1.953537 -2.951783
v -5.840138 -1.972978 -2.954360
v -5.786778 -1.997900 -2.957242
v -5.731988 -2.027518 -2.960360
v -5.676814 -2.061051 -2.963646
v -5.622294 -2.097715 -2.967033
v -5.569478 -2.136729 -2.970452
v -5.519403 -2.177307 -2.973835
v -5.473111 -2.218669 -2.977115
v -5.431649 -2.260031 -2.980223
v -5.396058 -2.300609 -2.983091
v -5.367383 -2.339622 -2.985652
v -5.346663 -2.376287 -2.987837
v -5.318463 -2.366892 -2.988468
v -5.330760 -2.326836 -2.986449
v -5.339654 -2.278167 -2.984210
v -5.345273 -2.222453 -2.981810
v -5.347754 -2.161259 -2.979305
v -5.347226 -2.096150 -2.976752
v -5.343825 -2.028693 -2.974208
v -5.337684 -1.960452 -2.971731
v -5.328933 -1.892995 -2.969378
v -5.317708 -1.827886 -2.967205
v -5.304137 -1.766692 -2.965271
v -5.288354 -1.710978 -2.963631
v -5.270494 -1.662309 -2.962344
v -5.243756 -1.609797 -2.961220
v -5.211276 -1.556143 -2.960256
v -5.173965 -1.502163 -2.959450
v -5.132739 -1.448673 -2.958803
v -5.088513 -1.396487 -2.958315
v -5.042203 -1.346421 -2.957983
v -4.994723 -1.299291 -2.957810
v -4.946988 -1.255913 -2.957794
v -4.899909 -1.217101 -2.957935
v -4.854407 -1.183671 -2.958232
v -4.811391 -1.156439 -2.958686
v -4.771779 -1.136221 -2.959296
v -4.790517 -1.098643 -2.957146
v -4.813004 -1.107646 -2.956702
v -4.838000 -1.115866 -2.956138
v -4.865279 -1.123303 -2.955462
v -4.894612 -1.129958 -2.954681
v -4.925773 -1.135829 -2.953805
v -4.958528 -1.140918 -2.952842
v -4.992654 -1.145224 -2.951798
v -5.027919 -1.148746 -2.950684
v -5.064097 -1.151487 -2.949505
v -5.100961 -1.153444 -2.948272
v -5.138278 -1.154618 -2.946992
v -5.175826 -1.155010 -2.945672
v -5.206531 -1.154803 -2.944572
v -5.237462 -1.154140 -2.943446
v -5.268458 -1.152954 -2.942297
v -5.299357 -1.151182 -2.941129
v -5.329993 -1.148757 -2.939944
v -5.360206 -1.145615 -2.938745
v -5.389829 -1.141690 -2.937537
v -5.418698 -1.136917 -2.936322
v -5.446654 -1.131230 -2.935103
v -5.473533 -1.124565 -2.933884
v -5.499171 -1.116856 -2.932668
v -5.523404 -1.108037 -2.931458
v -5.824723 -1.003356 -2.916610
v -6.086984 -0.894531 -2.902987
v -6.312633 -0.779379 -2.890415
v -6.504113 -0.655712 -2.878722
v -6.663865 -0.521347 -2.867735
v -6.794333 -0.374097 -2.857280
v -6.897965 -0.211776 -2.847184
v -6.977204 -0.032200 -2.837273
v -7.034492 0.166818 -2.827375
v -7.072270 0.387462 -2.817317
v -7.092986 0.631919 -2.806925
v -7.099082 0.902373 -2.796026
v -6.976447 0.828365 -2.803309
v -6.852603 0.756542 -2.810549
v -6.727515 0.686741 -2.817754
v -6.601153 0.618800 -2.824930
v -6.473483 0.552555 -2.832087
v -6.344476 0.487843 -2.839230
v -6.214093 0.424502 -2.846367
v -6.082307 0.362367 -2.853507
v -5.949084 0.301276 -2.860657
v -5.814391 0.241065 -2.867824
v -5.678199 0.181573 -2.875017
v -5.540469 0.122635 -2.882242
v -5.485271 0.097941 -2.885180
v -5.428319 0.066790 -2.888435
v -5.370593 0.030158 -2.891934
v -5.313069 -0.010975 -2.895605
v -5.256724 -0.055632 -2.899372
v -5.202537 -0.102832 -2.903163
v -5.151483 -0.151598 -2.906904
v -5.104539 -0.200952 -2.910523
v -5.062686 -0.249914 -2.913945
v -5.026898 -0.297506 -2.917097
v -4.998155 -0.342749 -2.919906
v -4.977431 -0.384665 -2.922298
v -4.949231 -0.375271 -2.922930
v -4.963679 -0.330691 -2.920656
v -4.974328 -0.277760 -2.918186
v -4.981313 -0.217914 -2.915574
v -4.984765 -0.152588 -2.912871
v -4.984820 -0.083217 -2.910129
v -4.981608 -0.011236 -2.907400
v -4.975263 0.061919 -2.904736
v -4.965917 0.134813 -2.902189
v -4.953702 0.206010 -2.899812
v -4.938750 0.274076 -2.897655
v -4.921195 0.337576 -2.895771
v -4.901172 0.395073 -2.894211
v -4.876401 0.448140 -2.892996
v -4.845166 0.503327 -2.891927
v -4.808452 0.559623 -2.891009
v -4.767232 0.616017 -2.890247
v -4.722493 0.671497 -2.889646
v -4.675210 0.725053 -2.889212
v -4.626367 0.775673 -2.888949
v -4.576941 0.822347 -2.888863
v -4.527911 0.864062 -2.888958
v -4.480264 0.899807 -2.889241
v -4.434972 0.928572 -2.889715
v -4.393020 0.949345 -2.890386
v -4.402377 0.977529 -2.888940
v -4.419974 0.970684 -2.888585
v -4.439719 0.964264 -2.888136
v -4.461425 0.958300 -2.887600
v -4.484889 0.952825 -2.886982
v -4.509917 0.947872 -2.886288
v -4.536317 0.943474 -2.885523
v -4.563890 0.939663 -2.884693
v -4.592441 0.936472 -2.883804
v -4.621774 0.933933 -2.882861
v -4.651690 0.932079 -2.881871
v -4.682000 0.930943 -2.880838
v -4.712504 0.930557 -2.879769
v -4.892562 0.947024 -2.872716
v -5.099950 0.993404 -2.863511
v -5.328769 1.065161 -2.852540
v -5.573121 1.157763 -2.840195
v -5.827107 1.266675 -2.826862
v -6.084826 1.387362 -2.812932
v -6.340384 1.515290 -2.798792
v -6.587880 1.645926 -2.784832
v -6.821416 1.774735 -2.771441
v -7.035090 1.897184 -2.759007
v -7.223008 2.008737 -2.747919
v -7.379270 2.104862 -2.738566
v -6.082646 2.104862 -2.784669
v -6.021029 2.102018 -2.786972
v -5.954556 2.093858 -2.789658
v -5.884633 2.080935 -2.792655
v -5.812663 2.063804 -2.795890
v -5.740041 2.043020 -2.799293
v -5.668178 2.019137 -2.802792
v -5.598468 1.992710 -2.806314
v -5.532319 1.964293 -2.809788
v -5.471131 1.934441 -2.813143
v -5.416305 1.903708 -2.816307
v -5.369243 1.872648 -2.819207
v -5.331351 1.841817 -2.821772
v -5.312533 1.860606 -2.821699
v -5.343314 1.898537 -2.819106
v -5.374312 1.945635 -2.816144
v -5.404973 2.000495 -2.812886
v -5.434743 2.061717 -2.809410
v -5.463073 2.127897 -2.805789
v -5.489406 2.197632 -2.802098
v -5.513190 2.269520 -2.798413
v -5.533877 2.342158 -2.794808
v -5.550910 2.414144 -2.791359
v -5.563737 2.484075 -2.788141
v -5.571805 2.550548 -2.785228
v -5.574561 2.612161 -2.782697
v -5.570397 5.580805 -2.665587
v -5.566876 5.656857 -2.662708
v -5.556954 5.738292 -2.659845
v -5.541284 5.823446 -2.657038
v -5.520520 5.910654 -2.654332
v -5.495320 5.998254 -2.651768
v -5.466338 6.084582 -2.649389
v -5.434228 6.167974 -2.647236
v -5.399644 6.246766 -2.645354
v -5.363240 6.319295 -2.643784
v -5.325677 6.383899 -2.642567
v -5.287602 6.438912 -2.641748
v -5.249673 6.482672 -2.641368
v -5.277822 6.510855 -2.639254
v -5.321641 6.472995 -2.639192
v -5.376714 6.435004 -2.638734
v -5.441381 6.397535 -2.637915
v -5.513970 6.361240 -2.636767
v -5.592826 6.326772 -2.635325
v -5.676272 6.294783 -2.633622
v -5.762654 6.265925 -2.631690
v -5.850303 6.240851 -2.629564
v -5.937552 6.220214 -2.627277
v -6.022740 6.204666 -2.624862
v -6.104199 6.194858 -2.622353
v -6.180268 6.191443 -2.619783
v -12.099633 6.191443 -2.409316
v -12.175694 6.194857 -2.406477
v -12.257127 6.204665 -2.403194
v -12.342271 6.220213 -2.399553
v -12.429463 6.240851 -2.395638
v -12.517041 6.265924 -2.391533
v -12.603339 6.294782 -2.387325
v -12.686700 6.326771 -2.383098
v -12.765454 6.361239 -2.378936
v -12.837945 6.397534 -2.374925
v -12.902505 6.435003 -2.371149
v -12.957473 6.472994 -2.367694
v -13.001185 6.510855 -2.364645
v -13.029412 6.482672 -2.364754
v -12.991603 6.438912 -2.367827
v -12.953685 6.383899 -2.371348
v -12.916301 6.319295 -2.375229
v -12.880103 6.246766 -2.379381
v -12.845742 6.167974 -2.383715
v -12.813865 6.084582 -2.388142
v -12.785125 5.998254 -2.392574
v -12.760173 5.910654 -2.396921
v -12.739654 5.823446 -2.401095
v -12.724223 5.738292 -2.405007
v -12.714526 5.656857 -2.408569
v -12.711219 5.580805 -2.411690
v -12.715238 2.715500 -2.524723
v -12.718764 2.639448 -2.527602
v -12.728688 2.558013 -2.530465
v -12.744359 2.472860 -2.533272
v -12.765121 2.385651 -2.535978
v -12.790320 2.298051 -2.538542
v -12.819303 2.211724 -2.540921
v -12.851411 2.128331 -2.543074
v -12.885995 2.049539 -2.544956
v -12.922399 1.977009 -2.546527
v -12.959962 1.912406 -2.547743
v -12.998033 1.857393 -2.548562
v -13.035962 1.813634 -2.548942
v -13.007813 1.785451 -2.551056
v -12.963996 1.823311 -2.551119
v -12.908921 1.861302 -2.551576
v -12.844254 1.898771 -2.552395
v -12.771663 1.935066 -2.553543
v -12.692811 1.969534 -2.554985
v -12.609361 2.001523 -2.556689
v -12.522981 2.030380 -2.558620
v -12.435334 2.055454 -2.560746
v -12.348084 2.076091 -2.563033
v -12.262895 2.091640 -2.565448
v -12.181436 2.101448 -2.567957
v -12.105365 2.104862 -2.570527
v -10.912097 2.104862 -2.612954
v -11.068629 2.008737 -2.611186
v -11.256858 1.897184 -2.608899
v -11.470876 1.774735 -2.606126
v -11.704772 1.645926 -2.602898
v -11.952634 1.515290 -2.599245
v -12.208550 1.387361 -2.595198
v -12.466609 1.266674 -2.590790
v -12.720901 1.157763 -2.586050
v -12.965512 1.065161 -2.581010
v -13.194535 0.993404 -2.575702
v -13.402051 0.947024 -2.570155
v -13.582156 0.930557 -2.564402
v -13.612660 0.930943 -2.563302
v -13.642968 0.932079 -2.562180
v -13.672881 0.933933 -2.561043
v -13.702205 0.936471 -2.559900
v -13.730744 0.939663 -2.558759
v -13.758309 0.943474 -2.557629
v -13.784694 0.947872 -2.556517
v -13.809711 0.952825 -2.555432
v -13.833161 0.958300 -2.554382
v -13.854844 0.964263 -2.553375
v -13.874576 0.970684 -2.552420
v -13.892154 0.977529 -2.551525
v -13.901589 0.949345 -2.552302
v -13.859694 0.928572 -2.554612
v -13.814485 0.899807 -2.557356
v -13.766936 0.864062 -2.560459
v -13.718026 0.822346 -2.563845
v -13.668731 0.775673 -2.567441
v -13.620028 0.725053 -2.571173
v -13.572896 0.671497 -2.574964
v -13.528310 0.616017 -2.578741
v -13.487250 0.559623 -2.582428
v -13.450690 0.503327 -2.585951
v -13.419612 0.448140 -2.589236
v -13.394990 0.395073 -2.592208
v -13.373149 0.337576 -2.595255
v -13.354487 0.274076 -2.598427
v -13.339026 0.206010 -2.601665
v -13.326800 0.134813 -2.604912
v -13.317838 0.061919 -2.608110
v -13.312173 -0.011236 -2.611201
v -13.309833 -0.083217 -2.614127
v -13.310849 -0.152588 -2.616831
v -13.315253 -0.217914 -2.619255
v -13.323075 -0.277760 -2.621341
v -13.334346 -0.330691 -2.623031
v -13.349093 -0.375271 -2.624267
v -13.311538 -0.394060 -2.626345
v -13.292855 -0.351959 -2.625346
v -13.265782 -0.306204 -2.624501
v -13.231334 -0.257840 -2.623816
v -13.190520 -0.207911 -2.623295
v -13.144359 -0.157459 -2.622943
v -13.093856 -0.107529 -2.622767
v -13.040029 -0.059165 -2.622770
v -12.983890 -0.013411 -2.622959
v -12.926448 0.028690 -2.623339
v -12.868724 0.066094 -2.623914
v -12.811721 0.097757 -2.624690
v -12.756459 0.122635 -2.625672
v -12.632661 0.174886 -2.628010
v -12.510364 0.228279 -2.630250
v -12.389501 0.282781 -2.632394
v -12.270009 0.338359 -2.634448
v -12.151818 0.394981 -2.636413
v -12.034867 0.452615 -2.638295
v -11.919086 0.511227 -2.640097
v -11.804416 0.570784 -2.641821
v -11.690787 0.631256 -2.643473
v -11.578135 0.692608 -2.645055
v -11.466397 0.754808 -2.646571
v -11.355506 0.817823 -2.648025
v -11.358708 -1.465026 -2.738081
v -11.361648 -1.528797 -2.740495
v -11.369943 -1.597070 -2.742897
v -11.383069 -1.668474 -2.745250
v -11.400506 -1.741640 -2.747520
v -11.421729 -1.815197 -2.749671
v -11.446214 -1.887776 -2.751667
v -11.473432 -1.958006 -2.753474
v -11.502866 -2.024517 -2.755054
v -11.533988 -2.085940 -2.756374
v -11.566278 -2.140904 -2.757397
v -11.599206 -2.188039 -2.758088
v -11.632255 -2.225976 -2.758411
v -11.604106 -2.254159 -2.760525
v -11.566119 -2.221170 -2.760573
v -11.518931 -2.188311 -2.760952
v -11.463912 -2.156105 -2.761637
v -11.402436 -2.125072 -2.762597
v -11.335876 -2.095737 -2.763805
v -11.265597 -2.068619 -2.765232
v -11.192973 -2.044241 -2.766852
v -11.119376 -2.023126 -2.768634
v -11.046174 -2.005794 -2.770553
v -10.974742 -1.992768 -2.772578
v -10.906447 -1.984569 -2.774682
v -10.842664 -1.981720 -2.776838
v -10.778888 -1.984569 -2.779218
v -10.710616 -1.992767 -2.781969
v -10.639218 -2.005794 -2.785022
v -10.566068 -2.023125 -2.788308
v -10.492530 -2.044241 -2.791756
v -10.419976 -2.068619 -2.795299
v -10.349772 -2.095737 -2.798866
v -10.283292 -2.125072 -2.802389
v -10.221904 -2.156105 -2.805797
v -10.166976 -2.188311 -2.809022
v -10.119880 -2.221170 -2.811995
v -10.081983 -2.254159 -2.814645
v -6.585410 5.392916 -2.636919
v -6.586635 4.519233 -2.671385
v -8.653716 4.519233 -2.597888
v -8.652492 5.392916 -2.563423
v -11.696736 5.392916 -2.455182
v -9.629655 5.392916 -2.528679
v -9.630879 4.519233 -2.563145
v -11.697961 4.519233 -2.489648
v -6.588927 2.884600 -2.735869
v -8.656009 2.884600 -2.662373
v -8.654731 3.795861 -2.626424
v -6.587649 3.795861 -2.699921
v -11.700253 2.884600 -2.554132
v -11.698976 3.795861 -2.518184
v -9.631894 3.795861 -2.591681
v -9.633172 2.884600 -2.627629
v -4.329310 -0.605038 -2.954047
v -4.301126 -0.645318 -2.956640
v -4.273471 -0.692187 -2.959475
v -4.246804 -0.744438 -2.962487
v -4.221576 -0.800864 -2.965613
v -4.198245 -0.860259 -2.968788
v -4.177266 -0.921415 -2.971950
v -4.159095 -0.983126 -2.975034
v -4.144183 -1.044184 -2.977975
v -4.132991 -1.103384 -2.980712
v -4.125968 -1.159516 -2.983179
v -4.123572 -1.211376 -2.985312
v -4.126117 -1.265394 -2.987355
v -4.133300 -1.323327 -2.989388
v -4.144660 -1.383999 -2.991381
v -4.159745 -1.446237 -2.993303
v -4.178090 -1.508867 -2.995124
v -4.199241 -1.570714 -2.996815
v -4.222739 -1.630603 -2.998345
v -4.248126 -1.687361 -2.999684
v -4.274941 -1.739814 -3.000803
v -4.302726 -1.786786 -3.001670
v -4.331025 -1.827103 -3.002256
v -4.359376 -1.859593 -3.002532
v -4.331229 -1.887776 -3.004646
v -4.298701 -1.859473 -3.004684
v -4.258376 -1.831235 -3.005003
v -4.211461 -1.803519 -3.005576
v -4.159163 -1.776782 -3.006379
v -4.102695 -1.751480 -3.007388
v -4.043258 -1.728070 -3.008576
v -3.982064 -1.707009 -3.009920
v -3.920318 -1.688753 -3.011395
v -3.859229 -1.673759 -3.012975
v -3.800006 -1.662483 -3.014635
v -3.743855 -1.655383 -3.016351
v -3.691985 -1.652915 -3.018098
v 0.855592 -1.652915 -3.179790
v 0.904737 -1.655193 -3.181627
v 0.957499 -1.661744 -3.183762
v 1.012799 -1.672144 -3.186139
v 1.069563 -1.685969 -3.188704
v 1.126714 -1.702796 -3.191400
v 1.183175 -1.722199 -3.194174
v 1.237873 -1.743755 -3.196970
v 1.289728 -1.767040 -3.199734
v 1.337668 -1.791630 -3.202410
v 1.380615 -1.817100 -3.204943
v 1.417493 -1.843027 -3.207278
v 1.447226 -1.868987 -3.209361
v 1.475453 -1.840804 -3.209251
v 1.449530 -1.811038 -3.207154
v 1.423651 -1.774129 -3.204775
v 1.398236 -1.731153 -3.202174
v 1.373712 -1.683186 -3.199408
v 1.350496 -1.631304 -3.196533
v 1.329013 -1.576585 -3.193608
v 1.309688 -1.520104 -3.190690
v 1.292939 -1.462938 -3.187836
v 1.279191 -1.406164 -3.185105
v 1.268867 -1.350857 -3.182553
v 1.262389 -1.298095 -3.180239
v 1.260180 -1.248954 -3.178219
v 1.260746 -0.844993 -3.162284
v 1.458032 -0.863782 -3.170040
v 1.482229 -0.867452 -3.171046
v 1.507564 -0.873568 -3.172188
v 1.533614 -0.881837 -3.173441
v 1.559954 -0.891965 -3.174778
v 1.586162 -0.903659 -3.176171
v 1.611814 -0.916626 -3.177596
v 1.636486 -0.930570 -3.179024
v 1.659753 -0.945200 -3.180429
v 1.681193 -0.960222 -3.181784
v 1.700382 -0.975341 -3.183064
v 1.716897 -0.990264 -3.184240
v 1.730312 -1.004698 -3.185287
v 1.758539 -0.976515 -3.185178
v 1.746849 -0.960738 -3.184139
v 1.735359 -0.941895 -3.182986
v 1.724264 -0.920442 -3.181745
v 1.713759 -0.896836 -3.180439
v 1.704040 -0.871534 -3.179094
v 1.695301 -0.844993 -3.177735
v 1.687739 -0.817669 -3.176386
v 1.681546 -0.790018 -3.175074
v 1.676920 -0.762498 -3.173823
v 1.674054 -0.735565 -3.172657
v 1.673145 -0.709676 -3.171602
v 1.674385 -0.685287 -3.170683
v 1.682349 -0.574647 -3.166596
v 1.691755 -0.459342 -3.162376
v 1.702470 -0.340189 -3.158051
v 1.714365 -0.218001 -3.153647
v 1.727306 -0.093595 -3.149193
v 1.741163 0.032213 -3.144717
v 1.755804 0.158609 -3.140245
v 1.771097 0.284776 -3.135805
v 1.786911 0.409899 -3.131425
v 1.803113 0.533163 -3.127133
v 1.819572 0.653752 -3.122955
v 1.836157 0.770851 -3.118919
v 1.843562 0.817269 -3.117349
v 1.855865 0.866622 -3.115837
v 1.872478 0.917933 -3.114401
v 1.892811 0.970222 -3.113059
v 1.916277 1.022511 -3.111828
v 1.942286 1.073822 -3.110726
v 1.970248 1.123175 -3.109771
v 1.999578 1.169593 -3.108980
v 2.029684 1.212096 -3.108371
v 2.059979 1.249707 -3.107963
v 2.089875 1.281446 -3.107772
v 2.118783 1.306334 -3.107817
v 2.090634 1.334517 -3.105703
v 2.066642 1.316142 -3.105576
v 2.037429 1.298679 -3.105227
v 2.003651 1.282261 -3.104675
v 1.965960 1.267017 -3.103936
v 1.925007 1.253077 -3.103031
v 1.881447 1.240573 -3.101976
v 1.835931 1.229635 -3.100790
v 1.789112 1.220392 -3.099490
v 1.741644 1.212977 -3.098095
v 1.694180 1.207519 -3.096623
v 1.647369 1.204148 -3.095092
v 1.601868 1.202995 -3.093520
v 1.592663 1.203180 -3.093185
v 1.583817 1.203691 -3.092850
v 1.575297 1.204463 -3.092517
v 1.567072 1.205431 -3.092186
v 1.559108 1.206529 -3.091860
v 1.551372 1.207693 -3.091539
v 1.543831 1.208856 -3.091225
v 1.536455 1.209954 -3.090919
v 1.529208 1.210922 -3.090623
v 1.522058 1.211694 -3.090338
v 1.514975 1.212205 -3.090066
v 1.507922 1.212390 -3.089808
v 1.461506 1.221888 -3.087783
v 1.412127 1.235920 -3.085473
v 1.360731 1.253931 -3.082934
v 1.308263 1.275367 -3.080222
v 1.255669 1.299675 -3.077392
v 1.203894 1.326298 -3.074499
v 1.153882 1.354682 -3.071600
v 1.106580 1.384273 -3.068749
v 1.062933 1.414517 -3.066003
v 1.023886 1.444859 -3.063416
v 0.990384 1.474744 -3.061044
v 0.963374 1.503618 -3.058944
v 0.935146 1.475434 -3.059053
v 0.955812 1.445669 -3.060963
v 0.975420 1.408760 -3.063118
v 0.993716 1.365783 -3.065467
v 1.010440 1.317816 -3.067956
v 1.025331 1.265935 -3.070534
v 1.038131 1.211215 -3.073151
v 1.048578 1.154735 -3.075753
v 1.056415 1.097569 -3.078290
v 1.061381 1.040795 -3.080709
v 1.063218 0.985488 -3.082959
v 1.061665 0.932726 -3.084988
v 1.056463 0.883584 -3.086744
v 1.035342 0.746990 -3.091388
v 1.014705 0.605796 -3.096231
v 0.994650 0.461275 -3.101227
v 0.975277 0.314699 -3.106327
v 0.956686 0.167340 -3.111487
v 0.938977 0.020470 -3.116658
v 0.922251 -0.124638 -3.121795
v 0.906604 -0.266713 -3.126851
v 0.892137 -0.404482 -3.131778
v 0.878951 -0.536673 -3.136530
v 0.867145 -0.662013 -3.141062
v 0.856817 -0.779232 -3.145324
v -1.022347 -0.779232 -3.078509
v -1.014125 5.082900 -2.847255
v 0.517395 5.082900 -2.901710
v 0.571418 5.080431 -2.903728
v 0.629349 5.073331 -2.906068
v 0.690014 5.062056 -2.908670
v 0.752240 5.047061 -2.911475
v 0.814853 5.028806 -2.914423
v 0.876679 5.007744 -2.917453
v 0.936545 4.984334 -2.920506
v 0.993277 4.959032 -2.923522
v 1.045699 4.932295 -2.926442
v 1.092639 4.904579 -2.929206
v 1.132922 4.876342 -2.931754
v 1.165377 4.848039 -2.934026
v 1.184195 4.866827 -2.933953
v 1.195724 4.852735 -2.934919
v 1.206861 4.838643 -2.935872
v 1.217607 4.824552 -2.936810
v 1.227962 4.810460 -2.937735
v 1.237927 4.796368 -2.938646
v 1.247499 4.782277 -2.939543
v 1.256679 4.768185 -2.940426
v 1.265468 4.754094 -2.941295
v 1.273865 4.740002 -2.942150
v 1.281870 4.725911 -2.942991
v 1.289484 4.711819 -2.943819
v 1.296708 4.697728 -2.944632
v 1.341043 4.615531 -2.949455
v 1.385085 4.533368 -2.954267
v 1.428931 4.451270 -2.959068
v 1.472679 4.369270 -2.963863
v 1.516427 4.287400 -2.968652
v 1.560274 4.205694 -2.973438
v 1.604318 4.124183 -2.978224
v 1.648654 4.042900 -2.983011
v 1.693382 3.961879 -2.987802
v 1.738602 3.881150 -2.992598
v 1.784408 3.800749 -2.997402
v 1.830899 3.720706 -3.002217
v 1.502164 3.805255 -2.987189
v 1.463170 3.814933 -2.985420
v 1.421899 3.829438 -2.983380
v 1.379198 3.848118 -2.981124
v 1.335915 3.870321 -2.978708
v 1.292895 3.895394 -2.976188
v 1.250991 3.922686 -2.973620
v 1.211044 3.951543 -2.971060
v 1.173905 3.981314 -2.968563
v 1.140421 4.011346 -2.966187
v 1.111438 4.040986 -2.963985
v 1.087803 4.069583 -2.962015
v 1.070365 4.096483 -2.960333
v 1.032755 4.077694 -2.959738
v 1.048172 4.048685 -2.961432
v 1.061592 4.013934 -2.963282
v 1.072983 3.974355 -2.965250
v 1.082313 3.930862 -2.967299
v 1.089549 3.884368 -2.969393
v 1.094663 3.835787 -2.971494
v 1.097622 3.786031 -2.973564
v 1.098394 3.736014 -2.975568
v 1.096950 3.686650 -2.977466
v 1.093256 3.638852 -2.979223
v 1.087282 3.593533 -2.980800
v 1.078997 3.551606 -2.982162
v 1.043604 3.425638 -2.985879
v 1.008303 3.296998 -2.989705
v 0.973194 3.166139 -2.993625
v 0.938377 3.033519 -2.997626
v 0.903950 2.899594 -3.001691
v 0.870010 2.764821 -3.005808
v 0.836658 2.629656 -3.009961
v 0.803991 2.494556 -3.014136
v 0.772108 2.359979 -3.018318
v 0.741107 2.226380 -3.022492
v 0.711086 2.094217 -3.026645
v 0.682146 1.963945 -3.030762
v 0.670041 1.915375 -3.032250
v 0.653076 1.864260 -3.033666
v 0.631867 1.811579 -3.034992
v 0.607036 1.758311 -3.036214
v 0.579205 1.705435 -3.037313
v 0.548992 1.653929 -3.038273
v 0.517023 1.604771 -3.039078
v 0.483915 1.558940 -3.039711
v 0.450293 1.517416 -3.040155
v 0.416775 1.481175 -3.040395
v 0.383985 1.451198 -3.040413
v 0.352540 1.428462 -3.040193
v 0.371292 1.400279 -3.041973
v 0.411320 1.422047 -3.042537
v 0.455649 1.440553 -3.043382
v 0.503499 1.456058 -3.044471
v 0.554085 1.468823 -3.045765
v 0.606625 1.479110 -3.047227
v 0.660336 1.487178 -3.048818
v 0.714436 1.493288 -3.050500
v 0.768141 1.497703 -3.052235
v 0.820670 1.500682 -3.053986
v 0.871241 1.502487 -3.055712
v 0.919068 1.503378 -3.057378
v 0.963374 1.503618 -3.058944
v 0.967878 1.501459 -3.059189
v 0.972024 1.499660 -3.059407
v 0.975845 1.498186 -3.059601
v 0.979372 1.497007 -3.059773
v 0.982639 1.496088 -3.059926
v 0.985678 1.495397 -3.060061
v 0.988521 1.494903 -3.060182
v 0.991200 1.494571 -3.060290
v 0.993750 1.494370 -3.060389
v 0.996202 1.494267 -3.060480
v 0.998590 1.494228 -3.060566
v 1.000944 1.494223 -3.060650
v 1.235774 1.447251 -3.070855
v 1.254904 1.443587 -3.071680
v 1.274520 1.437509 -3.072618
v 1.294328 1.429343 -3.073645
v 1.314034 1.419415 -3.074737
v 1.333348 1.408053 -3.075873
v 1.351975 1.395581 -3.077028
v 1.369622 1.382327 -3.078179
v 1.385997 1.368616 -3.079303
v 1.400805 1.354774 -3.080376
v 1.413754 1.341129 -3.081375
v 1.424550 1.328005 -3.082277
v 1.432901 1.315729 -3.083059
v 1.470510 1.334517 -3.083654
v 1.463504 1.347750 -3.082882
v 1.456631 1.363658 -3.082010
v 1.450023 1.381783 -3.081059
v 1.443809 1.401670 -3.080052
v 1.438118 1.422862 -3.079013
v 1.433081 1.444902 -3.077963
v 1.428828 1.467334 -3.076926
v 1.425488 1.489700 -3.075924
v 1.423192 1.511544 -3.074980
v 1.422069 1.532410 -3.074116
v 1.422249 1.551840 -3.073354
v 1.423862 1.569379 -3.072719
v 1.428388 1.583286 -3.072330
v 1.432555 1.596866 -3.071942
v 1.436397 1.610186 -3.071553
v 1.439944 1.623310 -3.071161
v 1.443231 1.636303 -3.070764
v 1.446288 1.649231 -3.070362
v 1.449150 1.662160 -3.069953
v 1.451849 1.675153 -3.069536
v 1.454417 1.688277 -3.069109
v 1.456888 1.701596 -3.068671
v 1.459295 1.715177 -3.068220
v 1.461668 1.729084 -3.067755
v 2.213268 1.682112 -3.096334
v 2.208683 -1.587154 -3.225303
v 2.205757 -1.646418 -3.227540
v 2.197504 -1.710543 -3.229779
v 2.184485 -1.778125 -3.231985
v 2.167255 -1.847763 -3.234123
v 2.146368 -1.918052 -3.236157
v 2.122385 -1.987592 -3.238051
v 2.095859 -2.054979 -3.239769
v 2.067348 -2.118810 -3.241277
v 2.037408 -2.177683 -3.242538
v 2.006597 -2.230195 -3.243516
v 1.975470 -2.274943 -3.244177
v 1.944585 -2.310526 -3.244485
v 1.972733 -2.338709 -3.246599
v 2.008365 -2.307878 -3.246648
v 2.053164 -2.276819 -3.247014
v 2.105725 -2.246086 -3.247669
v 2.164649 -2.216233 -3.248585
v 2.228529 -2.187817 -3.249733
v 2.295961 -2.161389 -3.251087
v 2.365546 -2.137506 -3.252618
v 2.435875 -2.116722 -3.254298
v 2.505547 -2.099591 -3.256098
v 2.573156 -2.086668 -3.257992
v 2.637302 -2.078508 -3.259950
v 2.696579 -2.075665 -3.261946
v 2.758006 -2.078508 -3.264242
v 2.823928 -2.086668 -3.266908
v 2.892976 -2.099591 -3.269874
v 2.963779 -2.116722 -3.273068
v 3.034970 -2.137506 -3.276420
v 3.105176 -2.161389 -3.279860
v 3.173032 -2.187816 -3.283316
v 3.237164 -2.216233 -3.286719
v 3.296205 -2.246086 -3.289997
v 3.348784 -2.276819 -3.293081
v 3.393535 -2.307878 -3.295898
v 3.429085 -2.338709 -3.298380
v 3.457312 -2.310526 -3.298271
v 3.426526 -2.274943 -3.295771
v 3.395525 -2.230195 -3.292901
v 3.364861 -2.177682 -3.289736
v 3.335088 -2.118810 -3.286352
v 3.306755 -2.054978 -3.282824
v 3.280418 -1.987592 -3.279226
v 3.256629 -1.918052 -3.275633
v 3.235941 -1.847763 -3.272121
v 3.218905 -1.778125 -3.268765
v 3.206075 -1.710543 -3.265639
v 3.198004 -1.646418 -3.262820
v 3.195243 -1.587154 -3.260380
v 3.199749 1.625745 -3.133636
v 4.167439 1.569379 -3.170269
v 4.216575 1.562414 -3.172291
v 4.269291 1.551242 -3.174607
v 4.324481 1.536351 -3.177157
v 4.381037 1.518231 -3.179884
v 4.437851 1.497371 -3.182728
v 4.493812 1.474260 -3.185630
v 4.547813 1.449387 -3.188533
v 4.598747 1.423243 -3.191376
v 4.645503 1.396315 -3.194103
v 4.686975 1.369094 -3.196652
v 4.722051 1.342069 -3.198967
v 4.749624 1.315729 -3.200988
v 4.777839 1.334517 -3.201249
v 4.754264 1.366631 -3.199142
v 4.730700 1.405889 -3.196754
v 4.707535 1.451214 -3.194139
v 4.685160 1.501530 -3.191357
v 4.663963 1.555760 -3.188461
v 4.644339 1.612828 -3.185509
v 4.626673 1.671657 -3.182557
v 4.611358 1.731172 -3.179662
v 4.598783 1.790295 -3.176880
v 4.589337 1.847950 -3.174266
v 4.583411 1.903060 -3.171879
v 4.581396 1.954551 -3.169774
v 4.586271 2.003686 -3.168006
v 4.595720 2.056411 -3.166260
v 4.609217 2.111614 -3.164559
v 4.626239 2.168187 -3.162930
v 4.646264 2.225021 -3.161397
v 4.668766 2.281007 -3.159986
v 4.693224 2.335037 -3.158721
v 4.719111 2.385999 -3.157629
v 4.745907 2.432787 -3.156733
v 4.773087 2.474290 -3.156060
v 4.800127 2.509399 -3.155635
v 4.826505 2.537006 -3.155482
v 4.798356 2.565189 -3.153368
v 4.762260 2.535837 -3.153244
v 4.720457 2.508866 -3.152823
v 4.673895 2.484309 -3.152138
v 4.623519 2.462198 -3.151220
v 4.570275 2.442567 -3.150102
v 4.515112 2.425447 -3.148817
v 4.458971 2.410872 -3.147397
v 4.402802 2.398873 -3.145873
v 4.347550 2.389484 -3.144280
v 4.294163 2.382737 -3.142648
v 4.243584 2.378665 -3.141010
v 4.196761 2.377301 -3.139400
v 3.614273 2.414878 -3.117204
v 3.417382 2.715500 -3.098330
v 3.489710 2.831044 -3.096338
v 3.565177 2.951709 -3.094255
v 3.643389 3.076746 -3.092097
v 3.723956 3.205403 -3.089880
v 3.806484 3.336931 -3.087619
v 3.890581 3.470579 -3.085330
v 3.975854 3.605597 -3.083029
v 4.061913 3.741234 -3.080731
v 4.148361 3.876741 -3.078453
v 4.234809 4.011368 -3.076209
v 4.320864 4.144363 -3.074015
v 4.406131 4.274978 -3.071888
v 4.426149 4.304574 -3.071431
v 4.452500 4.336390 -3.071111
v 4.484073 4.369509 -3.070925
v 4.519756 4.403020 -3.070871
v 4.558441 4.436010 -3.070943
v 4.599014 4.467564 -3.071139
v 4.640369 4.496769 -3.071456
v 4.681393 4.522712 -3.071890
v 4.720975 4.544481 -3.072438
v 4.758005 4.561160 -3.073095
v 4.791372 4.571837 -3.073860
v 4.819968 4.575600 -3.074728
v 4.820021 4.613177 -3.073246
v 4.791621 4.617124 -3.072080
v 4.758794 4.628313 -3.070471
v 4.722584 4.645764 -3.068494
v 4.684032 4.668500 -3.066226
v 4.644181 4.695542 -3.063740
v 4.604074 4.725911 -3.061115
v 4.564754 4.758628 -3.058424
v 4.527262 4.792716 -3.055745
v 4.492641 4.827195 -3.053152
v 4.461935 4.861086 -3.050722
v 4.436185 4.893413 -3.048529
v 4.416435 4.923194 -3.046651
v 4.285184 5.129872 -3.033821
v 4.262547 5.171815 -3.031359
v 4.241547 5.217248 -3.028818
v 4.222246 5.265357 -3.026231
v 4.204710 5.315325 -3.023634
v 4.189003 5.366336 -3.021061
v 4.175187 5.417576 -3.018546
v 4.163328 5.468229 -3.016123
v 4.153490 5.517479 -3.013828
v 4.145738 5.564511 -3.011695
v 4.140133 5.608510 -3.009758
v 4.136742 5.648659 -3.008051
v 4.135628 5.684144 -3.006610
v 4.098044 5.684144 -3.005274
v 4.096827 5.648664 -3.006632
v 4.093285 5.608553 -3.008090
v 4.087455 5.564658 -3.009617
v 4.079369 5.517828 -3.011179
v 4.069061 5.468909 -3.012745
v 4.056566 5.418751 -3.014282
v 4.041918 5.368201 -3.015757
v 4.025149 5.318109 -3.017140
v 4.006294 5.269320 -3.018396
v 3.985388 5.222685 -3.019495
v 3.962461 5.179051 -3.020403
v 3.937551 5.139266 -3.021089
v 3.758649 4.866827 -3.025489
v 3.709661 4.965660 -3.019844
v 3.661097 5.064851 -3.014199
v 3.612991 5.164368 -3.008558
v 3.565374 5.264178 -3.002922
v 3.518280 5.364250 -2.997295
v 3.471741 5.464549 -2.991679
v 3.425789 5.565044 -2.986075
v 3.380457 5.665703 -2.980488
v 3.335777 5.766493 -2.974918
v 3.291784 5.867379 -2.969369
v 3.248507 5.968331 -2.963843
v 3.205982 6.069316 -2.958342
v 3.188450 6.121377 -2.955662
v 3.173338 6.178135 -2.952883
v 3.160709 6.238416 -2.950053
v 3.150630 6.301046 -2.947221
v 3.143161 6.364850 -2.944435
v 3.138368 6.428653 -2.941745
v 3.136312 6.491283 -2.939198
v 3.137061 6.551564 -2.936843
v 3.140676 6.608322 -2.934730
v 3.147218 6.660383 -2.932906
v 3.156754 6.706572 -2.931421
v 3.169349 6.745716 -2.930323
v 3.141187 6.764505 -2.928579
v 3.123267 6.727281 -2.929412
v 3.098361 6.686697 -2.930130
v 3.067318 6.643698 -2.930724
v 3.030989 6.599232 -2.931189
v 2.990221 6.554245 -2.931517
v 2.945865 6.509680 -2.931700
v 2.898771 6.466486 -2.931731
v 2.849789 6.425608 -2.931604
v 2.799767 6.387993 -2.931311
v 2.749554 6.354585 -2.930846
v 2.700002 6.326331 -2.930200
v 2.651958 6.304177 -2.929367
v 2.620091 6.290672 -2.928767
v 2.585846 6.278342 -2.928036
v 2.549580 6.267186 -2.927187
v 2.511650 6.257205 -2.926233
v 2.472418 6.248397 -2.925186
v 2.432241 6.240764 -2.924059
v 2.391479 6.234305 -2.922865
v 2.350492 6.229022 -2.921616
v 2.309634 6.224911 -2.920326
v 2.269268 6.221975 -2.919007
v 2.229753 6.220214 -2.917671
v 2.191445 6.219627 -2.916332
v 2.170327 6.219823 -2.915574
v 2.149340 6.220410 -2.914804
v 2.128613 6.221388 -2.914029
v 2.108279 6.222759 -2.913252
v 2.088469 6.224520 -2.912478
v 2.069309 6.226673 -2.911711
v 2.050935 6.229217 -2.910958
v 2.033474 6.232153 -2.910221
v 2.017057 6.235480 -2.909506
v 2.001817 6.239198 -2.908817
v 1.987881 6.243309 -2.908159
v 1.975380 6.247810 -2.907537
v 1.956550 6.219627 -2.907980
v 1.995734 6.201762 -2.910079
v 2.037616 6.176917 -2.912550
v 2.081382 6.145939 -2.915329
v 2.126216 6.109677 -2.918356
v 2.171306 6.068979 -2.921567
v 2.215836 6.024692 -2.924899
v 2.258992 5.977666 -2.928291
v 2.299959 5.928747 -2.931680
v 2.337924 5.878785 -2.935003
v 2.372071 5.828627 -2.938199
v 2.401587 5.779121 -2.941204
v 2.425655 5.731116 -2.943955
v 2.489276 5.590210 -2.951783
v 2.553713 5.449370 -2.959637
v 2.618999 5.308660 -2.967516
v 2.685164 5.168145 -2.975419
v 2.752245 5.027892 -2.983344
v 2.820271 4.887965 -2.991290
v 2.889277 4.748429 -2.999255
v 2.959296 4.609350 -3.007238
v 3.030358 4.470793 -3.015237
v 3.102498 4.332823 -3.023252
v 3.175749 4.195505 -3.031280
v 3.250142 4.058906 -3.039321
v 2.920524 3.514028 -3.049123
v 2.843390 3.643218 -3.041277
v 2.766681 3.772505 -3.033443
v 2.690429 3.901989 -3.025618
v 2.614667 4.031765 -3.017798
v 2.539428 4.161934 -3.009981
v 2.464744 4.292592 -3.002165
v 2.390648 4.423837 -2.994346
v 2.317173 4.555767 -2.986523
v 2.244350 4.688480 -2.978692
v 2.172215 4.822073 -2.970850
v 2.100799 4.956645 -2.962996
v 2.030135 5.092294 -2.955125
v 2.007901 5.137695 -2.952541
v 1.988119 5.188543 -2.949829
v 1.970889 5.243632 -2.947041
v 1.956306 5.301755 -2.944227
v 1.944467 5.361704 -2.941438
v 1.935465 5.422274 -2.938725
v 1.929399 5.482256 -2.936140
v 1.926366 5.540443 -2.933734
v 1.926459 5.595631 -2.931558
v 1.929776 5.646610 -2.929662
v 1.936415 5.692174 -2.928098
v 1.946468 5.731116 -2.926918
v 1.908897 5.740511 -2.925211
v 1.874725 5.656205 -2.927326
v 1.829632 5.577282 -2.928840
v 1.774823 5.504035 -2.929784
v 1.711509 5.436757 -2.930190
v 1.640896 5.375741 -2.930089
v 1.564190 5.321283 -2.929513
v 1.482600 5.273675 -2.928493
v 1.397333 5.233211 -2.927059
v 1.309599 5.200183 -2.925244
v 1.220601 5.174887 -2.923079
v 1.131551 5.157615 -2.920595
v 1.043653 5.148661 -2.917824
v 1.032166 5.181710 -2.916110
v 1.021170 5.214987 -2.914404
v 1.010759 5.248330 -2.912717
v 1.001035 5.281574 -2.911058
v 0.992094 5.314558 -2.909438
v 0.984033 5.347118 -2.907865
v 0.976949 5.379090 -2.906350
v 0.970942 5.410313 -2.904903
v 0.966106 5.440622 -2.903534
v 0.962543 5.469855 -2.902253
v 0.960347 5.497848 -2.901069
v 0.959617 5.524438 -2.899993
v 0.962159 5.576299 -2.898035
v 0.969338 5.632432 -2.896073
v 0.980699 5.691632 -2.894139
v 0.995781 5.752690 -2.892263
v 1.014127 5.814400 -2.890478
v 1.035277 5.875557 -2.888814
v 1.058774 5.934951 -2.887304
v 1.084159 5.991378 -2.885978
v 1.110973 6.043629 -2.884867
v 1.138759 6.090497 -2.884004
v 1.167057 6.130777 -2.883419
v 1.195410 6.163260 -2.883144
v 1.167260 6.191443 -2.881030
v 1.134727 6.163140 -2.880991
v 1.094364 6.134902 -2.880672
v 1.047347 6.107186 -2.880095
v 0.994849 6.080449 -2.879284
v 0.938047 6.055148 -2.878264
v 0.878117 6.031738 -2.877058
v 0.816231 6.010676 -2.875689
v 0.753567 5.992420 -2.874182
v 0.691298 5.977426 -2.872560
v 0.630601 5.966150 -2.870847
v 0.572651 5.959051 -2.869067
v 0.518620 5.956583 -2.867244
v -3.540374 5.956583 -2.722924
v -3.592235 5.959052 -2.720982
v -3.648368 5.966151 -2.718706
v -3.707559 5.977427 -2.716156
v -3.768607 5.992421 -2.713393
v -3.830300 6.010677 -2.710478
v -3.891437 6.031738 -2.707473
v -3.950809 6.055148 -2.704437
v -4.007207 6.080450 -2.701432
v -4.059428 6.107187 -2.698519
v -4.106267 6.134903 -2.695759
v -4.146512 6.163141 -2.693213
v -4.178960 6.191443 -2.690941
v -4.207185 6.163260 -2.691051
v -4.178926 6.130775 -2.693339
v -4.150741 6.090496 -2.695932
v -4.123086 6.043627 -2.698767
v -4.096417 5.991376 -2.701779
v -4.071191 5.934950 -2.704904
v -4.047860 5.875556 -2.708080
v -4.026881 5.814399 -2.711241
v -4.008710 5.752688 -2.714325
v -3.993798 5.691630 -2.717267
v -3.982604 5.632431 -2.720003
v -3.975583 5.576298 -2.722470
v -3.973187 5.524438 -2.724604
v -3.975732 5.470420 -2.726647
v -3.982913 5.412488 -2.728680
v -3.994275 5.351815 -2.730672
v -4.009360 5.289577 -2.732594
v -4.027705 5.226948 -2.734416
v -4.048856 5.165101 -2.736106
v -4.072354 5.105211 -2.737637
v -4.097741 5.048453 -2.738976
v -4.124555 4.996001 -2.740094
v -4.152341 4.949028 -2.740962
v -4.180640 4.908711 -2.741548
v -4.208989 4.876222 -2.741823
v -4.180844 4.848039 -2.743937
v -4.148318 4.876342 -2.743976
v -4.107993 4.904579 -2.744294
v -4.061078 4.932295 -2.744867
v -4.008782 4.959032 -2.745671
v -3.952312 4.984334 -2.746679
v -3.892875 5.007744 -2.747868
v -3.831679 5.028806 -2.749212
v -3.769933 5.047061 -2.750686
v -3.708844 5.062056 -2.752266
v -3.649621 5.073331 -2.753926
v -3.593469 5.080431 -2.755642
v -3.541598 5.082900 -2.757389
v -2.047662 5.082900 -2.810507
v -2.055884 -0.779232 -3.041761
v -3.690759 -0.779232 -2.983632
v -3.742623 -0.776764 -2.981690
v -3.798753 -0.769663 -2.979414
v -3.857945 -0.758388 -2.976864
v -3.918992 -0.743394 -2.974102
v -3.980687 -0.725138 -2.971187
v -4.041821 -0.704076 -2.968181
v -4.101193 -0.680666 -2.965146
v -4.157590 -0.655364 -2.962141
v -4.209813 -0.628627 -2.959228
v -4.256650 -0.600911 -2.956468
v -4.296895 -0.572674 -2.953922
v -4.329345 -0.544371 -2.951650
v -4.357570 -0.572554 -2.951759
v 1.672149 2.607628 -3.040538
v 1.693964 2.697233 -3.037774
v 1.716105 2.786839 -3.035022
v 1.738542 2.876250 -3.032288
v 1.761236 2.965269 -3.029579
v 1.784160 3.053700 -3.026901
v 1.807277 3.141349 -3.024261
v 1.830557 3.228020 -3.021665
v 1.853965 3.313516 -3.019120
v 1.877468 3.397642 -3.016633
v 1.901035 3.480202 -3.014210
v 1.924633 3.561000 -3.011858
v 1.978541 3.469410 -3.017392
v 2.032515 3.377852 -3.022928
v 2.086619 3.286360 -3.028465
v 2.140919 3.194965 -3.034006
v 2.195481 3.103701 -3.039551
v 2.250369 3.012600 -3.045101
v 2.305648 2.921694 -3.050657
v 2.361384 2.831017 -3.056220
v 2.417644 2.740601 -3.061792
v 2.474490 2.650479 -3.067373
v 2.531990 2.560682 -3.072964
v 2.590208 2.471245 -3.078567
v 1.650692 2.518217 -3.043306
v 3.823109 -1.270108 -3.270182
v 3.826351 -1.323457 -3.272404
v 3.825934 -1.379742 -3.274613
v 3.822187 -1.437887 -3.276776
v 3.815440 -1.496814 -3.278864
v 3.806017 -1.555448 -3.280845
v 3.794245 -1.612711 -3.282688
v 3.780456 -1.667529 -3.284363
v 3.764974 -1.718823 -3.285838
v 3.748129 -1.765518 -3.287084
v 3.730247 -1.806537 -3.288068
v 3.711658 -1.840804 -3.288761
v 3.739819 -1.859593 -3.290504
v 3.764757 -1.830349 -3.290236
v 3.796582 -1.799442 -3.290147
v 3.834346 -1.767556 -3.290230
v 3.877102 -1.735377 -3.290479
v 3.923903 -1.703589 -3.290887
v 3.973801 -1.672878 -3.291449
v 4.025849 -1.643928 -3.292156
v 4.079103 -1.617425 -3.293002
v 4.132613 -1.594053 -3.293982
v 4.185432 -1.574497 -3.295087
v 4.236614 -1.559443 -3.296313
v 4.285211 -1.549576 -3.297651
v 4.294801 -1.547418 -3.297906
v 4.304749 -1.545618 -3.298189
v 4.315022 -1.544145 -3.298496
v 4.325588 -1.542965 -3.298825
v 4.336415 -1.542046 -3.299174
v 4.347470 -1.541356 -3.299540
v 4.358721 -1.540861 -3.299920
v 4.370135 -1.540529 -3.300313
v 4.381679 -1.540328 -3.300715
v 4.393320 -1.540225 -3.301125
v 4.405025 -1.540187 -3.301540
v 4.416765 -1.540182 -3.301957
v 4.462080 -1.541144 -3.303607
v 4.508369 -1.543965 -3.305364
v 4.555049 -1.548548 -3.307204
v 4.601530 -1.554795 -3.309104
v 4.647225 -1.562608 -3.311037
v 4.691548 -1.571888 -3.312980
v 4.733913 -1.582538 -3.314907
v 4.773730 -1.594461 -3.316793
v 4.810414 -1.607557 -3.318615
v 4.843377 -1.621731 -3.320347
v 4.872033 -1.636882 -3.321964
v 4.895794 -1.652915 -3.323442
v 4.914626 -1.624732 -3.322999
v 4.885592 -1.599837 -3.320983
v 4.855199 -1.568060 -3.318647
v 4.824031 -1.530347 -3.316049
v 4.792672 -1.487642 -3.313248
v 4.761712 -1.440893 -3.310300
v 4.731734 -1.391045 -3.307266
v 4.703327 -1.339044 -3.304201
v 4.677073 -1.285836 -3.301166
v 4.653561 -1.232367 -3.298218
v 4.633374 -1.179583 -3.295416
v 4.617102 -1.128430 -3.292817
v 4.605328 -1.079854 -3.290479
v 4.580097 -0.929353 -3.283638
v 4.555683 -0.778492 -3.276811
v 4.532118 -0.627306 -3.270001
v 4.509433 -0.475826 -3.263211
v 4.487663 -0.324085 -3.256444
v 4.466838 -0.172116 -3.249701
v 4.446993 -0.019951 -3.242985
v 4.428160 0.132377 -3.236299
v 4.410370 0.284835 -3.229644
v 4.393658 0.437392 -3.223024
v 4.378055 0.590013 -3.216441
v 4.363593 0.742668 -3.209897
v 4.361243 0.791999 -3.207865
v 4.363173 0.845310 -3.205828
v 4.368955 0.901492 -3.203815
v 4.378165 0.959435 -3.201853
v 4.390379 1.018031 -3.199973
v 4.405168 1.076170 -3.198202
v 4.422108 1.132744 -3.196570
v 4.440775 1.186642 -3.195105
v 4.460739 1.236757 -3.193835
v 4.481579 1.281978 -3.192790
v 4.502867 1.321198 -3.191998
v 4.524178 1.353307 -3.191487
v 4.496017 1.372095 -3.189744
v 4.470892 1.345570 -3.189898
v 4.438522 1.318034 -3.189835
v 4.399888 1.290041 -3.189567
v 4.355969 1.262145 -3.189107
v 4.307745 1.234903 -3.188469
v 4.256194 1.208867 -3.187664
v 4.202298 1.184592 -3.186707
v 4.147034 1.162634 -3.185609
v 4.091382 1.143546 -3.184384
v 4.036324 1.127883 -3.183045
v 3.982836 1.116200 -3.181605
v 3.931898 1.109051 -3.180076
v 3.887053 1.109861 -3.178450
v 3.837771 1.112400 -3.176597
v 3.785100 1.116831 -3.174550
v 3.730083 1.123317 -3.172337
v 3.673763 1.132021 -3.169991
v 3.617188 1.143106 -3.167542
v 3.561397 1.156735 -3.165019
v 3.507438 1.173072 -3.162456
v 3.456353 1.192280 -3.159881
v 3.409188 1.214521 -3.157325
v 3.366985 1.239959 -3.154820
v 3.330791 1.268756 -3.152395
v 3.302564 1.240573 -3.152505
v 3.331028 1.213151 -3.154600
v 3.359809 1.178552 -3.156990
v 3.388451 1.137821 -3.159617
v 3.416497 1.092002 -3.162424
v 3.443494 1.042137 -3.165354
v 3.468987 0.989272 -3.168348
v 3.492518 0.934449 -3.171350
v 3.513636 0.878713 -3.174303
v 3.531882 0.823107 -3.177148
v 3.546803 0.768676 -3.179828
v 3.557940 0.716463 -3.182287
v 3.564842 0.667512 -3.184465
v 3.579303 0.509976 -3.191202
v 3.594936 0.352146 -3.197992
v 3.611745 0.194121 -3.204832
v 3.629727 0.035997 -3.211717
v 3.648886 -0.122126 -3.218643
v 3.669216 -0.280152 -3.225608
v 3.690722 -0.437982 -3.232607
v 3.713404 -0.595518 -3.239636
v 3.737261 -0.752663 -3.246691
v 3.762292 -0.909319 -3.253769
v 3.788499 -1.065387 -3.260865
v 3.815882 -1.220771 -3.267976
v 13.453400 5.378010 -3.350002
v 13.502047 5.408313 -3.350534
v 13.554150 5.436660 -3.351267
v 13.609087 5.462853 -3.352186
v 13.666241 5.486698 -3.353276
v 13.724989 5.507999 -3.354524
v 13.784712 5.526559 -3.355914
v 13.844790 5.542184 -3.357433
v 13.904603 5.554677 -3.359066
v 13.963530 5.563843 -3.360800
v 14.020951 5.569486 -3.362618
v 14.076246 5.571411 -3.364509
v 14.085695 5.608988 -3.363360
v 14.042827 5.616724 -3.361530
v 13.994812 5.630169 -3.359292
v 13.942759 5.648767 -3.356707
v 13.887775 5.671966 -3.353836
v 13.830971 5.699208 -3.350740
v 13.773454 5.729942 -3.347481
v 13.716332 5.763610 -3.344120
v 13.660715 5.799660 -3.340718
v 13.607710 5.837537 -3.337338
v 13.558426 5.876686 -3.334039
v 13.513971 5.916553 -3.330884
v 13.475454 5.956583 -3.327933
v 13.442717 5.999837 -3.325061
v 13.410509 6.048962 -3.321975
v 13.379353 6.102785 -3.318741
v 13.349767 6.160130 -3.315424
v 13.322271 6.219824 -3.312089
v 13.297389 6.280691 -3.308800
v 13.275638 6.341559 -3.305623
v 13.257539 6.401253 -3.302621
v 13.243612 6.458598 -3.299861
v 13.234379 6.512421 -3.297407
v 13.230359 6.561546 -3.295323
v 13.232073 6.604799 -3.293676
v 13.194489 6.604799 -3.292340
v 13.186325 6.564275 -3.293650
v 13.171792 6.518597 -3.294937
v 13.151577 6.468874 -3.296183
v 13.126366 6.416215 -3.297366
v 13.096846 6.361730 -3.298469
v 13.063704 6.306526 -3.299471
v 13.027626 6.251714 -3.300353
v 12.989299 6.198403 -3.301096
v 12.949409 6.147701 -3.301680
v 12.908646 6.100718 -3.302087
v 12.867691 6.058563 -3.302296
v 12.827235 6.022344 -3.302288
v 12.752195 5.965792 -3.301853
v 12.677612 5.908914 -3.301448
v 12.603552 5.851776 -3.301072
v 12.530077 5.794441 -3.300724
v 12.457255 5.736977 -3.300405
v 12.385151 5.679447 -3.300113
v 12.313829 5.621916 -3.299850
v 12.243357 5.564452 -3.299614
v 12.173797 5.507117 -3.299405
v 12.105217 5.449979 -3.299223
v 12.037681 5.393101 -3.299069
v 11.971254 5.336550 -3.298941
v 11.941527 5.313097 -3.298810
v 11.909028 5.289839 -3.298573
v 11.874115 5.266972 -3.298235
v 11.837148 5.244693 -3.297801
v 11.798485 5.223197 -3.297275
v 11.758486 5.202679 -3.296663
v 11.717509 5.183335 -3.295970
v 11.675916 5.165362 -3.295201
v 11.634063 5.148955 -3.294361
v 11.592310 5.134308 -3.293455
v 11.551017 5.121619 -3.292488
v 11.510542 5.111083 -3.291465
v 11.511135 5.533833 -3.274788
v 11.514656 5.609886 -3.271910
v 11.524580 5.691320 -3.269046
v 11.540251 5.776474 -3.266240
v 11.561013 5.863682 -3.263533
v 11.586213 5.951282 -3.260969
v 11.615196 6.037610 -3.258590
v 11.647306 6.121002 -3.256438
v 11.681890 6.199794 -3.254555
v 11.718292 6.272324 -3.252985
v 11.755857 6.336927 -3.251769
v 11.793931 6.391940 -3.250949
v 11.831859 6.435699 -3.250569
v 11.803710 6.463882 -3.248456
v 11.759892 6.426023 -3.248393
v 11.704818 6.388032 -3.247935
v 11.640153 6.350563 -3.247116
v 11.567561 6.314268 -3.245969
v 11.488708 6.279800 -3.244526
v 11.405260 6.247811 -3.242823
v 11.318879 6.218954 -3.240891
v 11.231231 6.193880 -3.238765
v 11.143981 6.173242 -3.236478
v 11.058793 6.157694 -3.234063
v 10.977332 6.147886 -3.231555
v 10.901264 6.144472 -3.228985
v 6.128187 6.144472 -3.059275
v 6.052129 6.147884 -3.056436
v 5.970696 6.157692 -3.053153
v 5.885552 6.173241 -3.049511
v 5.798360 6.193878 -3.045596
v 5.710782 6.218952 -3.041492
v 5.624482 6.247809 -3.037283
v 5.541122 6.279799 -3.033056
v 5.462367 6.314267 -3.028894
v 5.389877 6.350562 -3.024883
v 5.325318 6.388031 -3.021108
v 5.270350 6.426022 -3.017653
v 5.226637 6.463882 -3.014603
v 5.198410 6.435699 -3.014713
v 5.236213 6.391938 -3.017785
v 5.274132 6.336926 -3.021307
v 5.311517 6.272323 -3.025187
v 5.347715 6.199793 -3.029339
v 5.382078 6.121001 -3.033673
v 5.413955 6.037609 -3.038100
v 5.442695 5.951282 -3.042532
v 5.467649 5.863682 -3.046880
v 5.488168 5.776473 -3.051054
v 5.503599 5.691320 -3.054966
v 5.513294 5.609885 -3.058527
v 5.516603 5.533833 -3.061649
v 5.515852 4.998350 -3.082773
v 5.512927 4.937111 -3.085088
v 5.504711 4.871698 -3.087379
v 5.491795 4.803415 -3.089617
v 5.474764 4.733565 -3.091771
v 5.454210 4.663455 -3.093809
v 5.430722 4.594389 -3.095702
v 5.404887 4.527671 -3.097419
v 5.377297 4.464606 -3.098928
v 5.348538 4.406500 -3.100201
v 5.319202 4.354656 -3.101206
v 5.289877 4.310380 -3.101912
v 5.261150 4.274978 -3.102289
v 5.254482 4.277326 -3.101959
v 5.248499 4.279675 -3.101654
v 5.243103 4.282023 -3.101369
v 5.238196 4.284372 -3.101102
v 5.233681 4.286721 -3.100848
v 5.229459 4.289069 -3.100605
v 5.225433 4.291418 -3.100370
v 5.221505 4.293766 -3.100137
v 5.217578 4.296115 -3.099905
v 5.213552 4.298464 -3.099669
v 5.209331 4.300812 -3.099426
v 5.204815 4.303161 -3.099173
v 5.176588 4.274978 -3.099282
v 5.207765 4.246990 -3.101496
v 5.239876 4.210782 -3.104068
v 5.272304 4.167529 -3.106930
v 5.304429 4.118403 -3.110012
v 5.335634 4.064581 -3.113248
v 5.365303 4.007236 -3.116568
v 5.392814 3.947542 -3.119904
v 5.417550 3.886674 -3.123187
v 5.438893 3.825806 -3.126350
v 5.456225 3.766112 -3.129324
v 5.468929 3.708767 -3.132041
v 5.476384 3.654945 -3.134432
v 5.497644 3.472889 -3.142379
v 5.525894 3.319572 -3.149439
v 5.563381 3.192415 -3.155795
v 5.612350 3.088842 -3.161627
v 5.675054 3.006277 -3.167118
v 5.753735 2.942142 -3.172448
v 5.850643 2.893859 -3.177801
v 5.968026 2.858852 -3.183357
v 6.108130 2.834545 -3.189299
v 6.273203 2.818361 -3.195807
v 6.465493 2.807721 -3.203065
v 6.687246 2.800050 -3.211252
v 7.391933 2.800050 -3.236308
v 7.469474 2.802611 -3.238964
v 7.542448 2.805661 -3.241438
v 7.610986 2.809298 -3.243731
v 7.675219 2.813620 -3.245844
v 7.735276 2.818725 -3.247778
v 7.791290 2.824711 -3.249533
v 7.843390 2.831675 -3.251111
v 7.891706 2.839716 -3.252511
v 7.936371 2.848931 -3.253735
v 7.977515 2.859418 -3.254784
v 8.015266 2.871275 -3.255658
v 8.049759 2.884600 -3.256358
v 8.048573 2.039101 -3.289712
v 5.831159 2.039101 -3.210870
v 5.779672 2.041378 -3.208950
v 5.724600 2.047930 -3.206733
v 5.667054 2.058330 -3.204276
v 5.608143 2.072155 -3.201635
v 5.548975 2.088981 -3.198867
v 5.490659 2.108385 -3.196027
v 5.434303 2.129941 -3.193172
v 5.381017 2.153226 -3.190357
v 5.331907 2.177815 -3.187640
v 5.288086 2.203286 -3.185076
v 5.250658 2.229213 -3.182721
v 5.220734 2.255173 -3.180631
v 5.201916 2.236384 -3.180705
v 5.227839 2.206428 -3.182809
v 5.253717 2.168970 -3.185209
v 5.279130 2.125118 -3.187845
v 5.303655 2.075982 -3.190658
v 5.326867 2.022671 -3.193589
v 5.348347 1.966294 -3.196579
v 5.367671 1.907959 -3.199570
v 5.384416 1.848776 -3.202503
v 5.398161 1.789855 -3.205319
v 5.408482 1.732303 -3.207960
v 5.414957 1.677230 -3.210365
v 5.417163 1.625745 -3.212477
v 5.414812 1.574261 -3.214427
v 5.408183 1.519188 -3.216367
v 5.397699 1.461636 -3.218267
v 5.383790 1.402714 -3.220100
v 5.366879 1.343531 -3.221836
v 5.347391 1.285197 -3.223448
v 5.325753 1.228819 -3.224905
v 5.302389 1.175508 -3.226180
v 5.277727 1.126372 -3.227244
v 5.252192 1.082520 -3.228068
v 5.226208 1.045062 -3.228624
v 5.200203 1.015106 -3.228882
v 5.218968 0.996318 -3.230292
v 5.248963 1.022277 -3.230333
v 5.286464 1.048204 -3.230642
v 5.330358 1.073675 -3.231197
v 5.379536 1.098264 -3.231974
v 5.432887 1.121549 -3.232951
v 5.489304 1.143106 -3.234106
v 5.547673 1.162509 -3.235415
v 5.606890 1.179335 -3.236856
v 5.665838 1.193160 -3.238405
v 5.723413 1.203561 -3.240042
v 5.778503 1.210112 -3.241742
v 5.829999 1.212390 -3.243483
v 7.493060 1.212390 -3.302614
v 7.370080 1.048568 -3.304712
v 7.241133 0.885889 -3.306553
v 7.106118 0.724319 -3.308134
v 6.964940 0.563825 -3.309454
v 6.817499 0.404375 -3.310510
v 6.663698 0.245937 -3.311299
v 6.503438 0.088476 -3.311821
v 6.336622 -0.068038 -3.312071
v 6.163152 -0.223639 -3.312049
v 5.982930 -0.378359 -3.311753
v 5.795857 -0.532231 -3.311179
v 5.601837 -0.685287 -3.310326
v 5.563601 -0.709089 -3.309907
v 5.520079 -0.733216 -3.309312
v 5.472251 -0.757214 -3.308559
v 5.421095 -0.780624 -3.307665
v 5.367592 -0.802990 -3.306646
v 5.312722 -0.823855 -3.305520
v 5.257463 -0.842764 -3.304302
v 5.202794 -0.859259 -3.303010
v 5.149693 -0.872883 -3.301660
v 5.099145 -0.883180 -3.300269
v 5.052124 -0.889693 -3.298854
v 5.009611 -0.891965 -3.297432
v 5.002754 -0.891960 -3.297189
v 4.996257 -0.891922 -3.296956
v 4.990086 -0.891818 -3.296732
v 4.984208 -0.891617 -3.296515
v 4.978592 -0.891286 -3.296303
v 4.973204 -0.890791 -3.296092
v 4.968013 -0.890100 -3.295880
v 4.962985 -0.889182 -3.295665
v 4.958086 -0.888002 -3.295444
v 4.953287 -0.886528 -3.295215
v 4.948554 -0.884729 -3.294976
v 4.943853 -0.882571 -3.294724
v 4.934405 -0.920148 -3.295872
v 4.974150 -0.933506 -3.297812
v 5.017571 -0.954203 -3.300174
v 5.063659 -0.981359 -3.302885
v 5.111402 -1.014093 -3.305876
v 5.159791 -1.051524 -3.309075
v 5.207816 -1.092771 -3.312411
v 5.254467 -1.136955 -3.315815
v 5.298733 -1.183193 -3.319216
v 5.339605 -1.230605 -3.322542
v 5.376072 -1.278311 -3.325722
v 5.407125 -1.325431 -3.328688
v 5.431752 -1.371082 -3.331367
v 5.458485 -1.428221 -3.334574
v 5.482435 -1.490774 -3.337896
v 5.503575 -1.557503 -3.341284
v 5.521872 -1.627167 -3.344686
v 5.537294 -1.698528 -3.348053
v 5.549814 -1.770345 -3.351335
v 5.559398 -1.841380 -3.354481
v 5.566017 -1.910392 -3.357442
v 5.569638 -1.976142 -3.360168
v 5.570232 -2.037391 -3.362608
v 5.567766 -2.092899 -3.364713
v 5.562213 -2.141426 -3.366433
v 5.590386 -2.150820 -3.367805
v 5.603079 -2.103440 -3.366385
v 5.621845 -2.051265 -3.364992
v 5.646099 -1.995372 -3.363647
v 5.675249 -1.936836 -3.362371
v 5.708708 -1.876734 -3.361187
v 5.745887 -1.816143 -3.360115
v 5.786197 -1.756140 -3.359178
v 5.829049 -1.697799 -3.358397
v 5.873856 -1.642199 -3.357795
v 5.920027 -1.590416 -3.357391
v 5.966973 -1.543525 -3.357208
v 6.014108 -1.502604 -3.357267
v 6.217919 -1.335064 -3.357897
v 6.415469 -1.165926 -3.358240
v 6.606756 -0.995157 -3.358296
v 6.791782 -0.822725 -3.358064
v 6.970548 -0.648596 -3.357542
v 7.143051 -0.472738 -3.356730
v 7.309293 -0.295119 -3.355625
v 7.469273 -0.115706 -3.354226
v 7.622993 0.065534 -3.352533
v 7.770451 0.248633 -3.350544
v 7.911647 0.433624 -3.348258
v 8.046583 0.620540 -3.345672
v 8.043552 -1.540182 -3.430910
v 8.040613 -1.603953 -3.433324
v 8.032318 -1.672226 -3.435726
v 8.019190 -1.743630 -3.438080
v 8.001753 -1.816796 -3.440350
v 7.980531 -1.890353 -3.442501
v 7.956048 -1.962931 -3.444497
v 7.928827 -2.033161 -3.446303
v 7.899394 -2.099673 -3.447884
v 7.868271 -2.161095 -3.449203
v 7.835983 -2.216059 -3.450226
v 7.803053 -2.263195 -3.450917
v 7.770006 -2.301131 -3.451241
v 7.798154 -2.329315 -3.453354
v 7.836143 -2.296325 -3.453402
v 7.883331 -2.263467 -3.453782
v 7.938348 -2.231260 -3.454466
v 7.999824 -2.200228 -3.455426
v 8.066385 -2.170892 -3.456634
v 8.136663 -2.143775 -3.458062
v 8.209287 -2.119397 -3.459681
v 8.282885 -2.098281 -3.461464
v 8.356085 -2.080949 -3.463382
v 8.427519 -2.067923 -3.465407
v 8.495813 -2.059725 -3.467512
v 8.559597 -2.056876 -3.469667
v 8.623375 -2.059724 -3.472047
v 8.691647 -2.067923 -3.474799
v 8.763042 -2.080949 -3.477852
v 8.836195 -2.098281 -3.481137
v 8.909733 -2.119397 -3.484586
v 8.982288 -2.143774 -3.488129
v 9.052490 -2.170892 -3.491696
v 9.118971 -2.200228 -3.495218
v 9.180358 -2.231260 -3.498627
v 9.235285 -2.263466 -3.501852
v 9.282381 -2.296325 -3.504824
v 9.320276 -2.329315 -3.507475
v 9.348503 -2.301131 -3.507365
v 9.315563 -2.263195 -3.504695
v 9.282765 -2.216059 -3.501667
v 9.250631 -2.161095 -3.498354
v 9.219681 -2.099673 -3.494827
v 9.190434 -2.033161 -3.491160
v 9.163410 -1.962931 -3.487426
v 9.139132 -1.890353 -3.483696
v 9.118114 -1.816796 -3.480043
v 9.100883 -1.743630 -3.476540
v 9.087955 -1.672226 -3.473260
v 9.079851 -1.603953 -3.470275
v 9.077092 -1.540182 -3.467658
v 9.080123 0.620540 -3.382421
v 9.218857 0.428938 -3.394921
v 9.363203 0.239326 -3.407543
v 9.513295 0.051736 -3.420289
v 9.669262 -0.133799 -3.433163
v 9.831234 -0.317246 -3.446168
v 9.999344 -0.498573 -3.459307
v 10.173719 -0.677747 -3.472585
v 10.354493 -0.854735 -3.486003
v 10.541794 -1.029506 -3.499566
v 10.735754 -1.202025 -3.513277
v 10.936503 -1.372261 -3.527138
v 11.144173 -1.540182 -3.541155
v 11.191192 -1.581288 -3.544450
v 11.238007 -1.628689 -3.547987
v 11.284031 -1.681245 -3.551699
v 11.328679 -1.737813 -3.555521
v 11.371367 -1.797251 -3.559387
v 11.411507 -1.858418 -3.563230
v 11.448514 -1.920173 -3.566985
v 11.481803 -1.981372 -3.570586
v 11.510788 -2.040876 -3.573967
v 11.534883 -2.097542 -3.577062
v 11.553503 -2.150228 -3.579805
v 11.566061 -2.197793 -3.582130
v 11.603645 -2.197793 -3.583467
v 11.596443 -2.149081 -3.581286
v 11.593395 -2.093062 -3.578965
v 11.594336 -2.031041 -3.576549
v 11.599100 -1.964323 -3.574083
v 11.607523 -1.894213 -3.571613
v 11.619440 -1.822015 -3.569185
v 11.634686 -1.749034 -3.566845
v 11.653095 -1.676575 -3.564637
v 11.674503 -1.605943 -3.562609
v 11.698746 -1.538442 -3.560804
v 11.725657 -1.475377 -3.559270
v 11.755072 -1.418054 -3.558052
v 11.784513 -1.372403 -3.557296
v 11.820320 -1.325284 -3.556708
v 11.861412 -1.277578 -3.556284
v 11.906713 -1.230165 -3.556022
v 11.955143 -1.183927 -3.555918
v 12.005626 -1.139744 -3.555968
v 12.057083 -1.098496 -3.556168
v 12.108438 -1.061065 -3.556515
v 12.158611 -1.028331 -3.557006
v 12.206525 -1.001176 -3.557638
v 12.251102 -0.980478 -3.558405
v 12.291265 -0.967121 -3.559305
v 12.291306 -0.938937 -3.558194
v 12.233850 -0.937377 -3.556089
v 12.174605 -0.932718 -3.553799
v 12.114125 -0.924992 -3.551343
v 12.052964 -0.914233 -3.548743
v 11.991677 -0.900473 -3.546021
v 11.930819 -0.883745 -3.543196
v 11.870942 -0.864081 -3.540291
v 11.812603 -0.841514 -3.537325
v 11.756356 -0.816076 -3.534320
v 11.702756 -0.787800 -3.531298
v 11.652357 -0.756719 -3.528278
v 11.605714 -0.722865 -3.525282
v 11.405272 -0.569607 -3.512102
v 11.212173 -0.415110 -3.499134
v 11.026320 -0.259308 -3.486372
v 10.847610 -0.102136 -3.473809
v 10.675952 0.056471 -3.461441
v 10.511244 0.216579 -3.449261
v 10.353389 0.378252 -3.437263
v 10.202291 0.541557 -3.425440
v 10.057849 0.706558 -3.413787
v 9.919968 0.873320 -3.402297
v 9.788548 1.041909 -3.390965
v 9.663494 1.212390 -3.379786
v 11.298367 1.212390 -3.437914
v 11.324948 1.211808 -3.438883
v 11.352867 1.210085 -3.439943
v 11.381893 1.207252 -3.441087
v 11.411798 1.203343 -3.442305
v 11.442356 1.198390 -3.443587
v 11.473335 1.192427 -3.444924
v 11.504509 1.185484 -3.446307
v 11.535648 1.177596 -3.447726
v 11.566526 1.168794 -3.449171
v 11.596913 1.159111 -3.450634
v 11.626581 1.148580 -3.452105
v 11.655302 1.137234 -3.453574
v 11.634183 1.137615 -3.452808
v 11.613196 1.138713 -3.452019
v 11.592472 1.140463 -3.451212
v 11.572139 1.142801 -3.450397
v 11.552329 1.145661 -3.449580
v 11.533173 1.148977 -3.448768
v 11.514799 1.152685 -3.447968
v 11.497340 1.156719 -3.447188
v 11.480925 1.161014 -3.446435
v 11.465685 1.165504 -3.445715
v 11.451750 1.170125 -3.445037
v 11.439251 1.174812 -3.444408
v 11.420406 1.137234 -3.445222
v 11.459579 1.118625 -3.447350
v 11.501381 1.091697 -3.449900
v 11.544936 1.057528 -3.452798
v 11.589362 1.017194 -3.455971
v 11.633781 0.971771 -3.459344
v 11.677315 0.922336 -3.462845
v 11.719082 0.869966 -3.466399
v 11.758204 0.815736 -3.469932
v 11.793802 0.760723 -3.473370
v 11.824996 0.706003 -3.476641
v 11.850906 0.652654 -3.479669
v 11.870654 0.601751 -3.482382
v 11.938271 0.413362 -3.492227
v 12.009932 0.224321 -3.502242
v 12.085377 0.035149 -3.512397
v 12.164345 -0.153632 -3.522661
v 12.246578 -0.341499 -3.533005
v 12.331814 -0.527930 -3.543400
v 12.419793 -0.712405 -3.553814
v 12.510256 -0.894401 -3.564219
v 12.602941 -1.073395 -3.574585
v 12.697588 -1.248867 -3.584881
v 12.793938 -1.420294 -3.595078
v 12.891728 -1.587154 -3.605146
v 12.919010 -1.640155 -3.608209
v 12.944423 -1.699583 -3.611460
v 12.967674 -1.764033 -3.614833
v 12.988475 -1.832105 -3.618261
v 13.006532 -1.902395 -3.621679
v 13.021554 -1.973500 -3.625022
v 13.033249 -2.044018 -3.628223
v 13.041325 -2.112546 -3.631217
v 13.045490 -2.177682 -3.633938
v 13.045455 -2.238023 -3.636320
v 13.040926 -2.292166 -3.638298
v 13.031611 -2.338709 -3.639805
v 13.069181 -2.348104 -3.641512
v 13.082795 -2.302713 -3.640203
v 13.104116 -2.251941 -3.638956
v 13.132228 -2.197059 -3.637787
v 13.166217 -2.139338 -3.636716
v 13.205166 -2.080052 -3.635759
v 13.248161 -2.020473 -3.634934
v 13.294288 -1.961871 -3.634260
v 13.342629 -1.905521 -3.633753
v 13.392271 -1.852694 -3.633431
v 13.442297 -1.804661 -3.633313
v 13.491793 -1.762696 -3.633415
v 13.539843 -1.728070 -3.633756
v 13.582224 -1.702850 -3.634267
v 13.628911 -1.678967 -3.634983
v 13.679118 -1.656585 -3.635884
v 13.732064 -1.635866 -3.636949
v 13.786964 -1.616974 -3.638155
v 13.843037 -1.600071 -3.639481
v 13.899498 -1.585322 -3.640905
v 13.955564 -1.572888 -3.642408
v 14.010452 -1.562934 -3.643966
v 14.063379 -1.555622 -3.645559
v 14.113562 -1.551115 -3.647165
v 14.160216 -1.549576 -3.648764
v 14.169422 -1.549582 -3.649091
v 14.178268 -1.549620 -3.649407
v 14.186789 -1.549723 -3.649714
v 14.195016 -1.549924 -3.650014
v 14.202981 -1.550256 -3.650311
v 14.210717 -1.550750 -3.650605
v 14.218258 -1.551441 -3.650901
v 14.225636 -1.552360 -3.651199
v 14.232882 -1.553539 -3.651504
v 14.240030 -1.555013 -3.651816
v 14.247112 -1.556812 -3.652139
v 14.254162 -1.558970 -3.652475
v 14.254214 -1.521393 -3.650992
v 14.211740 -1.507845 -3.648947
v 14.164872 -1.486598 -3.646441
v 14.114687 -1.458567 -3.643550
v 14.062258 -1.424665 -3.640347
v 14.008661 -1.385804 -3.636906
v 13.954973 -1.342898 -3.633302
v 13.902267 -1.296861 -3.629610
v 13.851621 -1.248606 -3.625903
v 13.804108 -1.199046 -3.622256
v 13.760803 -1.149094 -3.618743
v 13.722784 -1.099665 -3.615439
v 13.691124 -1.051671 -3.612418
v 13.600528 -0.895330 -3.603022
v 13.511566 -0.736478 -3.593584
v 13.424305 -0.575343 -3.584117
v 13.338808 -0.412153 -3.574631
v 13.255140 -0.247136 -3.565138
v 13.173368 -0.080520 -3.555650
v 13.093554 0.087465 -3.546176
v 13.015764 0.256593 -3.536730
v 12.940064 0.426633 -3.527323
v 12.866518 0.597358 -3.517964
v 12.795191 0.768541 -3.508667
v 12.726149 0.939951 -3.499441
v 12.708988 0.994725 -3.496668
v 12.694903 1.054815 -3.493793
v 12.683825 1.118886 -3.490869
v 12.675686 1.185598 -3.487944
v 12.670420 1.253615 -3.485070
v 12.667959 1.321600 -3.482298
v 12.668238 1.388215 -3.479676
v 12.671188 1.452122 -3.477257
v 12.676742 1.511984 -3.475090
v 12.684833 1.566464 -3.473226
v 12.695395 1.614225 -3.471715
v 12.708359 1.653929 -3.470608
v 12.680197 1.672717 -3.468864
v 12.642106 1.597594 -3.470477
v 12.594561 1.527364 -3.471560
v 12.538671 1.462223 -3.472146
v 12.475546 1.402366 -3.472266
v 12.406295 1.347989 -3.471951
v 12.332028 1.299289 -3.471235
v 12.253855 1.256459 -3.470147
v 12.172884 1.219697 -3.468720
v 12.090225 1.189197 -3.466986
v 12.006989 1.165157 -3.464976
v 11.924283 1.147770 -3.462722
v 11.843218 1.137234 -3.460256
v 11.824891 1.173757 -3.458161
v 11.807481 1.212564 -3.456009
v 11.791117 1.253197 -3.453823
v 11.775929 1.295200 -3.451624
v 11.762048 1.338117 -3.449435
v 11.749603 1.381490 -3.447279
v 11.738724 1.424863 -3.445179
v 11.729540 1.467779 -3.443158
v 11.722182 1.509783 -3.441237
v 11.716780 1.550416 -3.439440
v 11.713464 1.589222 -3.437789
v 11.712362 1.625745 -3.436307
v 11.714712 1.677230 -3.434357
v 11.721342 1.732303 -3.432418
v 11.731824 1.789855 -3.430517
v 11.745734 1.848777 -3.428684
v 11.762646 1.907959 -3.426948
v 11.782134 1.966294 -3.425337
v 11.803772 2.022671 -3.423880
v 11.827135 2.075983 -3.422605
v 11.851797 2.125118 -3.421540
v 11.877333 2.168970 -3.420716
v 11.903316 2.206428 -3.420161
v 11.929322 2.236384 -3.419902
v 11.910557 2.255173 -3.418493
v 11.880560 2.229213 -3.418452
v 11.843060 2.203286 -3.418142
v 11.799167 2.177816 -3.417588
v 11.749989 2.153226 -3.416811
v 11.696637 2.129941 -3.415833
v 11.640222 2.108385 -3.414679
v 11.581851 2.088982 -3.413370
v 11.522636 2.072155 -3.411929
v 11.463686 2.058330 -3.410379
v 11.406111 2.047930 -3.408743
v 11.351021 2.041378 -3.407043
v 11.299526 2.039101 -3.405302
v 9.082113 2.039101 -3.326460
v 9.082970 2.649739 -3.302371
v 9.085505 2.701409 -3.300420
v 9.092646 2.756992 -3.298479
v 9.103901 2.815316 -3.296575
v 9.118780 2.875206 -3.294739
v 9.136792 2.935487 -3.292998
v 9.157445 2.994985 -3.291382
v 9.180249 3.052526 -3.289920
v 9.204712 3.106936 -3.288641
v 9.230343 3.157039 -3.287573
v 9.256653 3.201663 -3.286746
v 9.283148 3.239632 -3.286189
v 9.309339 3.269772 -3.285929
v 9.281191 3.297956 -3.283815
v 9.251003 3.271812 -3.283775
v 9.212954 3.245374 -3.283466
v 9.168184 3.219131 -3.282911
v 9.117836 3.193573 -3.282130
v 9.063052 3.169190 -3.281145
v 9.004976 3.146471 -3.279978
v 8.944750 3.125904 -3.278649
v 8.883516 3.107980 -3.277179
v 8.822416 3.093186 -3.275591
v 8.762595 3.082014 -3.273906
v 8.705194 3.074952 -3.272144
v 8.651354 3.072489 -3.270327
v 8.228542 3.072489 -3.255293
v 8.237582 3.098742 -3.254578
v 8.245842 3.125941 -3.253797
v 8.253320 3.154250 -3.252945
v 8.260017 3.183830 -3.252015
v 8.265932 3.214846 -3.251000
v 8.271069 3.247460 -3.249894
v 8.275423 3.281836 -3.248691
v 8.278997 3.318136 -3.247385
v 8.281792 3.356524 -3.245968
v 8.283806 3.397163 -3.244434
v 8.285042 3.440215 -3.242777
v 8.285498 3.485845 -3.240991
v 8.288080 5.327155 -3.168354
v 8.757872 5.327155 -3.185058
v 8.772062 5.009586 -3.198106
v 8.815374 4.705425 -3.211660
v 8.887547 4.415160 -3.225691
v 8.988316 4.139280 -3.240171
v 9.117426 3.878274 -3.255071
v 9.274612 3.632633 -3.270362
v 9.459619 3.402844 -3.286016
v 9.672182 3.189398 -3.302005
v 9.912045 2.992783 -3.318300
v 10.178943 2.813490 -3.334871
v 10.472618 2.652007 -3.351691
v 10.792810 2.508823 -3.368732
v 10.836472 2.489017 -3.371067
v 10.882311 2.463112 -3.373719
v 10.929382 2.432053 -3.376620
v 10.976742 2.396785 -3.379697
v 11.023444 2.358256 -3.382879
v 11.068544 2.317411 -3.386096
v 11.111097 2.275196 -3.389277
v 11.150160 2.232557 -3.392350
v 11.184786 2.190439 -3.395244
v 11.214031 2.149790 -3.397890
v 11.236951 2.111554 -3.400215
v 11.252600 2.076679 -3.402149
v 11.290195 2.086073 -3.403115
v 11.280994 2.123412 -3.401313
v 11.276567 2.168710 -3.399366
v 11.276585 2.220531 -3.397320
v 11.280721 2.277441 -3.395219
v 11.288647 2.338005 -3.393109
v 11.300034 2.400787 -3.391034
v 11.314553 2.464351 -3.389039
v 11.331878 2.527263 -3.387170
v 11.351679 2.588088 -3.385472
v 11.373629 2.645390 -3.383989
v 11.397398 2.697734 -3.382766
v 11.422660 2.743684 -3.381850
v 11.453890 2.788607 -3.381186
v 11.490471 2.833758 -3.380703
v 11.531488 2.878582 -3.380391
v 11.576028 2.922526 -3.380239
v 11.623175 2.965035 -3.380236
v 11.672016 3.005554 -3.380372
v 11.721637 3.043529 -3.380637
v 11.771122 3.078404 -3.381019
v 11.819559 3.109627 -3.381507
v 11.866032 3.136641 -3.382093
v 11.909628 3.158893 -3.382764
v 11.949431 3.175828 -3.383510
v 11.940075 3.204011 -3.382065
v 11.925214 3.199509 -3.381714
v 11.908918 3.195399 -3.381297
v 11.891317 3.191681 -3.380818
v 11.872543 3.188354 -3.380282
v 11.852725 3.185418 -3.379693
v 11.831994 3.182874 -3.379056
v 11.810480 3.180721 -3.378376
v 11.788315 3.178959 -3.377658
v 11.765629 3.177589 -3.376905
v 11.742551 3.176611 -3.376124
v 11.719213 3.176023 -3.375317
v 11.695745 3.175828 -3.374490
v 11.570601 3.182118 -3.369792
v 11.444658 3.200314 -3.364596
v 11.318666 3.229405 -3.358967
v 11.193372 3.268380 -3.352973
v 11.069527 3.316228 -3.346679
v 10.947878 3.371936 -3.340153
v 10.829174 3.434495 -3.333462
v 10.714166 3.502893 -3.326671
v 10.603601 3.576119 -3.319848
v 10.498230 3.653161 -3.313058
v 10.398799 3.733008 -3.306369
v 10.306059 3.814650 -3.299847
v 10.347417 3.842953 -3.300199
v 10.395529 3.871191 -3.300794
v 10.449317 3.898907 -3.301612
v 10.507703 3.925643 -3.302632
v 10.569611 3.950946 -3.303834
v 10.633963 3.974356 -3.305197
v 10.699681 3.995417 -3.306702
v 10.765690 4.013673 -3.308328
v 10.830911 4.028667 -3.310055
v 10.894266 4.039943 -3.311862
v 10.954680 4.047043 -3.313730
v 11.011075 4.049511 -3.315637
v 11.072503 4.046668 -3.317934
v 11.138426 4.038507 -3.320600
v 11.207473 4.025584 -3.323565
v 11.278276 4.008454 -3.326759
v 11.349466 3.987670 -3.330112
v 11.419673 3.963787 -3.333551
v 11.487527 3.937359 -3.337008
v 11.551660 3.908942 -3.340410
v 11.610701 3.879090 -3.343689
v 11.663280 3.848357 -3.346772
v 11.708030 3.817297 -3.349590
v 11.743580 3.786467 -3.352072
v 11.771807 3.814650 -3.351962
v 11.741021 3.850238 -3.349462
v 11.710020 3.895025 -3.346591
v 11.679357 3.947640 -3.343422
v 11.649583 4.006714 -3.340030
v 11.621251 4.070877 -3.336488
v 11.594915 4.138758 -3.332871
v 11.571128 4.208988 -3.329251
v 11.550441 4.280197 -3.325703
v 11.533406 4.351014 -3.322300
v 11.520578 4.420069 -3.319116
v 11.512509 4.485994 -3.316226
v 11.509752 4.547417 -3.313701
v 11.510345 4.970166 -3.297024
v 11.548241 4.952596 -3.299066
v 11.586590 4.932937 -3.301206
v 11.625067 4.911452 -3.303422
v 11.663347 4.888401 -3.305694
v 11.701103 4.864045 -3.307999
v 11.738008 4.838645 -3.310314
v 11.773739 4.812462 -3.312619
v 11.807968 4.785758 -3.314890
v 11.840370 4.758792 -3.317108
v 11.870619 4.731826 -3.319248
v 11.898388 4.705122 -3.321290
v 11.923352 4.678939 -3.323212
v 11.957881 4.633157 -3.326248
v 11.990900 4.581211 -3.329474
v 12.022085 4.524371 -3.332828
v 12.051113 4.463911 -3.336248
v 12.077657 4.401102 -3.339673
v 12.101394 4.337216 -3.343040
v 12.122000 4.273526 -3.346289
v 12.139149 4.211305 -3.349356
v 12.152517 4.151823 -3.352181
v 12.161781 4.096353 -3.354701
v 12.166615 4.046167 -3.356855
v 12.166695 4.002539 -3.358581
v 12.204278 4.002539 -3.359918
v 12.210102 4.045602 -3.358424
v 12.222328 4.094178 -3.356940
v 12.240303 4.147125 -3.355488
v 12.263371 4.203302 -3.354089
v 12.290878 4.261566 -3.352766
v 12.322172 4.320776 -3.351540
v 12.356598 4.379790 -3.350433
v 12.393500 4.437467 -3.349467
v 12.432227 4.492665 -3.348663
v 12.472123 4.544242 -3.348044
v 12.512534 4.591056 -3.347632
v 12.552806 4.631967 -3.347448
v 12.619236 4.690867 -3.347484
v 12.686775 4.750093 -3.347546
v 12.755359 4.809581 -3.347635
v 12.824922 4.869264 -3.347751
v 12.895398 4.929077 -3.347894
v 12.966723 4.988955 -3.348065
v 13.038831 5.048834 -3.348264
v 13.111656 5.108647 -3.348490
v 13.185134 5.168330 -3.348745
v 13.259198 5.227818 -3.349029
v 13.333785 5.287044 -3.349342
v 13.408827 5.345944 -3.349684
v 10.511248 4.491034 -3.280426
v 10.504061 4.430638 -3.282556
v 10.492695 4.367307 -3.284653
v 10.477608 4.302117 -3.286692
v 10.459256 4.236144 -3.288645
v 10.438100 4.170465 -3.290487
v 10.414597 4.106155 -3.292192
v 10.389204 4.044292 -3.293732
v 10.362381 3.985952 -3.295083
v 10.334585 3.932211 -3.296217
v 10.306276 3.884146 -3.297109
v 10.277911 3.842834 -3.297732
v 10.183689 3.941290 -3.290493
v 10.098021 4.044118 -3.283386
v 10.020840 4.151383 -3.276405
v 9.952084 4.263148 -3.269546
v 9.891685 4.379480 -3.262803
v 9.839579 4.500444 -3.256173
v 9.795702 4.626106 -3.249649
v 9.759987 4.756530 -3.243227
v 9.732370 4.891781 -3.236903
v 9.712786 5.031926 -3.230671
v 9.701168 5.177029 -3.224527
v 9.697453 5.327155 -3.218465
v 10.514889 5.327155 -3.247530
v 10.513796 4.547417 -3.278289
v 6.354544 3.850455 -3.157933
v 6.352586 3.900679 -3.155880
v 6.353700 3.954686 -3.153786
v 6.357656 4.011238 -3.151693
v 6.364224 4.069094 -3.149642
v 6.373173 4.127015 -3.147672
v 6.384274 4.183763 -3.145825
v 6.397297 4.238096 -3.144142
v 6.412011 4.288776 -3.142663
v 6.428186 4.334563 -3.141430
v 6.445592 4.374217 -3.140483
v 6.464000 4.406500 -3.139862
v 6.435839 4.425289 -3.138119
v 6.413619 4.396605 -3.138462
v 6.385168 4.367270 -3.138609
v 6.351300 4.337803 -3.138568
v 6.312833 4.308728 -3.138349
v 6.270583 4.280567 -3.137959
v 6.225367 4.253840 -3.137407
v 6.177999 4.229071 -3.136701
v 6.129297 4.206781 -3.135850
v 6.080079 4.187492 -3.134862
v 6.031158 4.171726 -3.133745
v 5.983353 4.160005 -3.132509
v 5.937478 4.152850 -3.131160
v 5.890498 4.152850 -3.129490
v 5.840810 4.153089 -3.127714
v 5.790538 4.153981 -3.125891
v 5.739875 4.155786 -3.124018
v 5.689018 4.158765 -3.122092
v 5.638164 4.163179 -3.120110
v 5.587506 4.169290 -3.118067
v 5.537244 4.177358 -3.115962
v 5.487571 4.187644 -3.113789
v 5.438685 4.200409 -3.111547
v 5.390782 4.215914 -3.109231
v 5.344057 4.234420 -3.106839
v 5.298707 4.256188 -3.104366
v 5.336118 4.284677 -3.104571
v 5.381652 4.313426 -3.105055
v 5.434038 4.341913 -3.105792
v 5.492002 4.369618 -3.106759
v 5.554271 4.396018 -3.107930
v 5.619570 4.420591 -3.109281
v 5.686628 4.442816 -3.110788
v 5.754170 4.462171 -3.112425
v 5.820927 4.478133 -3.114168
v 5.885621 4.490180 -3.115992
v 5.946982 4.497791 -3.117873
v 6.003736 4.500444 -3.119787
v 6.088299 4.500444 -3.122793
v 6.139788 4.498167 -3.124714
v 6.194859 4.491615 -3.126931
v 6.252404 4.481215 -3.129387
v 6.311316 4.467390 -3.132028
v 6.370483 4.450563 -3.134797
v 6.428800 4.431160 -3.137636
v 6.485156 4.409604 -3.140492
v 6.538442 4.386319 -3.143306
v 6.587551 4.361730 -3.146024
v 6.631373 4.336259 -3.148588
v 6.668800 4.310332 -3.150942
v 6.698724 4.284372 -3.153032
v 6.717542 4.303161 -3.152959
v 6.691619 4.333117 -3.150854
v 6.665740 4.370575 -3.148454
v 6.640328 4.414426 -3.145818
v 6.615804 4.463562 -3.143006
v 6.592591 4.516874 -3.140075
v 6.571110 4.573251 -3.137084
v 6.551786 4.631586 -3.134093
v 6.535041 4.690769 -3.131160
v 6.521297 4.749691 -3.128344
v 6.510975 4.807242 -3.125704
v 6.504501 4.862315 -3.123298
v 6.502295 4.913800 -3.121186
v 6.502875 5.327155 -3.104880
v 7.348498 5.327155 -3.134946
v 7.346482 3.889806 -3.191648
v 7.346285 3.818576 -3.194455
v 7.345516 3.759154 -3.196774
v 7.343588 3.710432 -3.198630
v 7.339912 3.671299 -3.200045
v 7.333899 3.640647 -3.201042
v 7.324960 3.617367 -3.201644
v 7.312506 3.600350 -3.201873
v 7.295949 3.588488 -3.201753
v 7.274700 3.580670 -3.201306
v 7.248169 3.575788 -3.200556
v 7.215768 3.572732 -3.199524
v 7.176909 3.570395 -3.198235
v 6.622556 3.570395 -3.178525
v 6.584548 3.572863 -3.177076
v 6.550226 3.576049 -3.175730
v 6.519364 3.580670 -3.174450
v 6.491735 3.587444 -3.173200
v 6.467112 3.597089 -3.171943
v 6.445267 3.610322 -3.170644
v 6.425972 3.627860 -3.169265
v 6.409001 3.650422 -3.167771
v 6.394126 3.678724 -3.166124
v 6.381120 3.713486 -3.164289
v 6.369754 3.755424 -3.162228
v 6.359803 3.805255 -3.159906
v 11.578773 2.829522 -3.384010
v 11.627771 2.815055 -3.386323
v 11.681264 2.794912 -3.389021
v 11.737978 2.769779 -3.392030
v 11.796644 2.740340 -3.395279
v 11.855990 2.707280 -3.398695
v 11.914745 2.671284 -3.402206
v 11.971638 2.633038 -3.405739
v 12.025396 2.593226 -3.409223
v 12.074749 2.552533 -3.412585
v 12.118423 2.511644 -3.415753
v 12.155151 2.471245 -3.418655
v 12.189680 2.425463 -3.421691
v 12.222699 2.373517 -3.424917
v 12.253884 2.316677 -3.428271
v 12.282911 2.256217 -3.431691
v 12.309456 2.193408 -3.435116
v 12.333193 2.129522 -3.438483
v 12.353798 2.065832 -3.441731
v 12.370947 2.003611 -3.444799
v 12.384315 1.944129 -3.447623
v 12.393579 1.888659 -3.450144
v 12.398414 1.838474 -3.452298
v 12.398494 1.794845 -3.454024
v 12.436077 1.794845 -3.455360
v 12.441722 1.837909 -3.453860
v 12.453475 1.886484 -3.452359
v 12.470780 1.939431 -3.450883
v 12.493082 1.995608 -3.449457
v 12.519823 2.053872 -3.448107
v 12.550447 2.113082 -3.446857
v 12.584400 2.172096 -3.445733
v 12.621123 2.229773 -3.444761
v 12.660062 2.284971 -3.443965
v 12.700659 2.336548 -3.443371
v 12.742359 2.383362 -3.443005
v 12.784605 2.424273 -3.442891
v 12.864965 2.494916 -3.442958
v 12.946142 2.565885 -3.443041
v 13.028168 2.637116 -3.443144
v 13.111073 2.708541 -3.443271
v 13.194894 2.780098 -3.443424
v 13.279659 2.851720 -3.443609
v 13.365404 2.923342 -3.443829
v 13.452161 2.994899 -3.444088
v 13.539961 3.066324 -3.444388
v 13.628837 3.137555 -3.444735
v 13.718822 3.208524 -3.445131
v 13.809949 3.279167 -3.445580
v 13.852541 3.311232 -3.445828
v 13.899861 3.341536 -3.446314
v 13.951159 3.369882 -3.447018
v 14.005685 3.396076 -3.447922
v 14.062686 3.419920 -3.449007
v 14.121412 3.441221 -3.450254
v 14.181114 3.459782 -3.451643
v 14.241039 3.475407 -3.453157
v 14.300439 3.487900 -3.454776
v 14.358561 3.497066 -3.456480
v 14.414656 3.502709 -3.458252
v 14.467972 3.504633 -3.460072
v 14.477421 3.542211 -3.458923
v 14.434552 3.549948 -3.457093
v 14.386537 3.563393 -3.454855
v 14.334484 3.581991 -3.452270
v 14.279501 3.605189 -3.449399
v 14.222696 3.632432 -3.446303
v 14.165179 3.663165 -3.443044
v 14.108058 3.696834 -3.439683
v 14.052441 3.732884 -3.436281
v 13.999435 3.770761 -3.432901
v 13.950151 3.809909 -3.429602
v 13.905697 3.849776 -3.426447
v 13.867180 3.889806 -3.423496
v 13.834627 3.933059 -3.420630
v 13.802931 3.982184 -3.417563
v 13.772546 4.036007 -3.414357
v 13.743928 4.093352 -3.411074
v 13.717531 4.153045 -3.407778
v 13.693811 4.213913 -3.404530
v 13.673224 4.274782 -3.401394
v 13.656223 4.334476 -3.398432
v 13.643266 4.391821 -3.395706
v 13.634804 4.445643 -3.393279
v 13.631295 4.494769 -3.391214
v 13.633194 4.538022 -3.389573
v 13.595611 4.538022 -3.388237
v 13.587446 4.497503 -3.389547
v 13.572913 4.451863 -3.390833
v 13.552698 4.402243 -3.392074
v 13.527488 4.349785 -3.393250
v 13.497968 4.295631 -3.394339
v 13.464827 4.240922 -3.395321
v 13.428750 4.186801 -3.396176
v 13.390424 4.134409 -3.396883
v 13.350536 4.084887 -3.397421
v 13.309774 4.039377 -3.397769
v 13.268823 3.999021 -3.397907
v 13.228370 3.964961 -3.397814
v 13.137246 3.896660 -3.397272
v 13.047264 3.828001 -3.396785
v 12.958391 3.759017 -3.396349
v 12.870594 3.689738 -3.395964
v 12.783841 3.620199 -3.395626
v 12.698099 3.550431 -3.395334
v 12.613336 3.480467 -3.395083
v 12.529517 3.410341 -3.394873
v 12.446612 3.340084 -3.394700
v 12.364589 3.269729 -3.394563
v 12.283413 3.199308 -3.394458
v 12.203053 3.128856 -3.394383
v 12.159558 3.093898 -3.394218
v 12.109867 3.059789 -3.393798
v 12.055219 3.026985 -3.393151
v 11.996854 2.995942 -3.392302
v 11.936012 2.967117 -3.391277
v 11.873936 2.940967 -3.390103
v 11.811863 2.917949 -3.388805
v 11.751034 2.898518 -3.387410
v 11.692692 2.883132 -3.385943
v 11.638074 2.872248 -3.384431
v 11.588422 2.866323 -3.382900
v 11.544976 2.865811 -3.381375
v 11.535542 2.837628 -3.382153
v 13.453400 5.378010 -3.350002
v 13.354990 5.487331 -6.117733
v 13.502047 5.408313 -3.350534
v 13.403638 5.517635 -6.118266
v 13.554150 5.436660 -3.351267
v 13.455741 5.545981 -6.118999
v 13.609087 5.462853 -3.352186
v 13.510679 5.572175 -6.119918
v 13.666241 5.486698 -3.353276
v 13.567832 5.596020 -6.121008
v 13.724989 5.507999 -3.354524
v 13.626580 5.617321 -6.122255
v 13.784712 5.526559 -3.355914
v 13.686303 5.635881 -6.123646
v 13.844790 5.542184 -3.357433
v 13.746382 5.651505 -6.125165
v 13.904603 5.554677 -3.359066
v 13.806194 5.663999 -6.126798
v 13.963530 5.563843 -3.360800
v 13.865121 5.673165 -6.128531
v 14.020951 5.569486 -3.362618
v 13.922543 5.678808 -6.130350
v 14.076246 5.571411 -3.364509
v 13.977838 5.680732 -6.132240
v 14.085695 5.608988 -3.363360
v 13.987287 5.718310 -6.131092
v 14.042827 5.616724 -3.361530
v 13.944418 5.726046 -6.129262
v 13.994812 5.630169 -3.359292
v 13.896403 5.739491 -6.127024
v 13.942759 5.648767 -3.356707
v 13.844350 5.758089 -6.124438
v 13.887775 5.671966 -3.353836
v 13.789367 5.781287 -6.121567
v 13.830971 5.699208 -3.350740
v 13.732562 5.808530 -6.118471
v 13.773454 5.729942 -3.347481
v 13.675045 5.839263 -6.115212
v 13.716332 5.763610 -3.344120
v 13.617924 5.872932 -6.111851
v 13.660715 5.799660 -3.340718
v 13.562306 5.908982 -6.108450
v 13.607710 5.837537 -3.337338
v 13.509301 5.946859 -6.105069
v 13.558426 5.876686 -3.334039
v 13.460017 5.986008 -6.101770
v 13.513971 5.916553 -3.330884
v 13.415563 6.025875 -6.098615
v 13.475454 5.956583 -3.327933
v 13.377046 6.065904 -6.095665
v 13.442717 5.999837 -3.325061
v 13.344308 6.109159 -6.092792
v 13.410509 6.048962 -3.321975
v 13.312100 6.158284 -6.089706
v 13.379353 6.102785 -3.318741
v 13.280944 6.212106 -6.086473
v 13.349767 6.160130 -3.315424
v 13.251358 6.269451 -6.083156
v 13.322271 6.219824 -3.312089
v 13.223863 6.329145 -6.079821
v 13.297389 6.280691 -3.308800
v 13.198980 6.390013 -6.076531
v 13.275638 6.341559 -3.305623
v 13.177229 6.450881 -6.073354
v 13.257539 6.401253 -3.302621
v 13.159130 6.510575 -6.070353
v 13.243612 6.458598 -3.299861
v 13.145204 6.567920 -6.067593
v 13.234379 6.512421 -3.297407
v 13.135970 6.621742 -6.065138
v 13.230359 6.561546 -3.295323
v 13.131950 6.670867 -6.063055
v 13.232073 6.604799 -3.293676
v 13.133663 6.714121 -6.061407
v 13.194489 6.604799 -3.292340
v 13.096081 6.714121 -6.060071
v 13.186325 6.564275 -3.293650
v 13.087916 6.673597 -6.061381
v 13.171792 6.518597 -3.294937
v 13.073383 6.627918 -6.062669
v 13.151577 6.468874 -3.296183
v 13.053168 6.578196 -6.063914
v 13.126366 6.416215 -3.297366
v 13.027957 6.525537 -6.065098
v 13.096846 6.361730 -3.298469
v 12.998438 6.471051 -6.066200
v 13.063704 6.306526 -3.299471
v 12.965295 6.415848 -6.067202
v 13.027626 6.251714 -3.300353
v 12.929217 6.361036 -6.068085
v 12.989299 6.198403 -3.301096
v 12.890890 6.307724 -6.068828
v 12.949409 6.147701 -3.301680
v 12.851002 6.257023 -6.069412
v 12.908646 6.100718 -3.302087
v 12.810236 6.210040 -6.069818
v 12.867691 6.058563 -3.302296
v 12.769282 6.167884 -6.070027
v 12.827235 6.022344 -3.302288
v 12.728827 6.131666 -6.070019
v 12.752195 5.965792 -3.301853
v 12.653787 6.075114 -6.069585
v 12.677612 5.908914 -3.301448
v 12.579205 6.018236 -6.069180
v 12.603552 5.851776 -3.301072
v 12.505142 5.961097 -6.068803
v 12.530077 5.794441 -3.300724
v 12.431668 5.903763 -6.068455
v 12.457255 5.736977 -3.300405
v 12.358847 5.846298 -6.068136
v 12.385151 5.679447 -3.300113
v 12.286742 5.788768 -6.067844
v 12.313829 5.621916 -3.299850
v 12.215421 5.731238 -6.067581
v 12.243357 5.564452 -3.299614
v 12.144947 5.673773 -6.067345
v 12.173797 5.507117 -3.299405
v 12.075388 5.616439 -6.067137
v 12.105217 5.449979 -3.299223
v 12.006807 5.559300 -6.066955
v 12.037681 5.393101 -3.299069
v 11.939272 5.502423 -6.066800
v 11.971254 5.336550 -3.298941
v 11.872845 5.445871 -6.066672
v 11.941527 5.313097 -3.298810
v 11.843119 5.422418 -6.066542
v 11.909028 5.289839 -3.298573
v 11.810619 5.399160 -6.066305
v 11.874115 5.266972 -3.298235
v 11.775706 5.376294 -6.065967
v 11.837148 5.244693 -3.297801
v 11.738739 5.354015 -6.065532
v 11.798485 5.223197 -3.297275
v 11.700076 5.332518 -6.065006
v 11.758486 5.202679 -3.296663
v 11.660077 5.312000 -6.064395
v 11.717509 5.183335 -3.295970
v 11.619101 5.292657 -6.063702
v 11.675916 5.165362 -3.295201
v 11.577507 5.274684 -6.062933
v 11.634063 5.148955 -3.294361
v 11.535654 5.258276 -6.062093
v 11.592310 5.134308 -3.293455
v 11.493901 5.243630 -6.061187
v 11.551017 5.121619 -3.292488
v 11.452608 5.230941 -6.060220
v 11.510542 5.111083 -3.291465
v 11.412134 5.220405 -6.059197
v 11.511135 5.533833 -3.274788
v 11.412726 5.643155 -6.042520
v 11.514656 5.609886 -3.271910
v 11.416248 5.719207 -6.039641
v 11.524580 5.691320 -3.269046
v 11.426171 5.800642 -6.036777
v 11.540251 5.776474 -3.266240
v 11.441841 5.885796 -6.033971
v 11.561013 5.863682 -3.263533
v 11.462605 5.973004 -6.031265
v 11.586213 5.951282 -3.260969
v 11.487804 6.060604 -6.028701
v 11.615196 6.037610 -3.258590
v 11.516788 6.146932 -6.026321
v 11.647306 6.121002 -3.256438
v 11.548898 6.230324 -6.024169
v 11.681890 6.199794 -3.254555
v 11.583481 6.309116 -6.022286
v 11.718292 6.272324 -3.252985
v 11.619884 6.381645 -6.020716
v 11.755857 6.336927 -3.251769
v 11.657449 6.446249 -6.019500
v 11.793931 6.391940 -3.250949
v 11.695522 6.501261 -6.018681
v 11.831859 6.435699 -3.250569
v 11.733450 6.545021 -6.018301
v 11.803710 6.463882 -3.248456
v 11.705301 6.573204 -6.016187
v 11.759892 6.426023 -3.248393
v 11.661484 6.535345 -6.016124
v 11.704818 6.388032 -3.247935
v 11.606409 6.497354 -6.015666
v 11.640153 6.350563 -3.247116
v 11.541744 6.459885 -6.014847
v 11.567561 6.314268 -3.245969
v 11.469152 6.423590 -6.013700
v 11.488708 6.279800 -3.244526
v 11.390301 6.389122 -6.012258
v 11.405260 6.247811 -3.242823
v 11.306850 6.357133 -6.010554
v 11.318879 6.218954 -3.240891
v 11.220470 6.328275 -6.008623
v 11.231231 6.193880 -3.238765
v 11.132822 6.303201 -6.006496
v 11.143981 6.173242 -3.236478
v 11.045572 6.282564 -6.004210
v 11.058793 6.157694 -3.234063
v 10.960384 6.267015 -6.001795
v 10.977332 6.147886 -3.231555
v 10.878923 6.257208 -5.999286
v 10.901264 6.144472 -3.228985
v 10.802855 6.253793 -5.996716
v 6.128187 6.144472 -3.059275
v 6.029779 6.253793 -5.827006
v 6.052129 6.147884 -3.056436
v 5.953721 6.257206 -5.824167
v 5.970696 6.157692 -3.053153
v 5.872289 6.267014 -5.820884
v 5.885552 6.173241 -3.049511
v 5.787145 6.282562 -5.817243
v 5.798360 6.193878 -3.045596
v 5.699952 6.303200 -5.813327
v 5.710782 6.218952 -3.041492
v 5.612374 6.328274 -5.809223
v 5.624482 6.247809 -3.037283
v 5.526074 6.357131 -5.805015
v 5.541122 6.279799 -3.033056
v 5.442715 6.389120 -5.800787
v 5.462367 6.314267 -3.028894
v 5.363959 6.423588 -5.796626
v 5.389877 6.350562 -3.024883
v 5.291470 6.459883 -5.792614
v 5.325318 6.388031 -3.021108
v 5.226911 6.497352 -5.788839
v 5.270350 6.426022 -3.017653
v 5.171942 6.535343 -5.785384
v 5.226637 6.463882 -3.014603
v 5.128229 6.573204 -5.782334
v 5.198410 6.435699 -3.014713
v 5.100002 6.545021 -5.782444
v 5.236213 6.391938 -3.017785
v 5.137805 6.501260 -5.785517
v 5.274132 6.336926 -3.021307
v 5.175724 6.446247 -5.789038
v 5.311517 6.272323 -3.025187
v 5.213109 6.381645 -5.792919
v 5.347715 6.199793 -3.029339
v 5.249308 6.309115 -5.797071
v 5.382078 6.121001 -3.033673
v 5.283670 6.230323 -5.801404
v 5.413955 6.037609 -3.038100
v 5.315547 6.146931 -5.805832
v 5.442695 5.951282 -3.042532
v 5.344287 6.060603 -5.810264
v 5.467649 5.863682 -3.046880
v 5.369242 5.973003 -5.814611
v 5.488168 5.776473 -3.051054
v 5.389760 5.885795 -5.818785
v 5.503599 5.691320 -3.054966
v 5.405191 5.800642 -5.822697
v 5.513294 5.609885 -3.058527
v 5.414886 5.719207 -5.826259
v 5.516603 5.533833 -3.061649
v 5.418195 5.643155 -5.829380
v 5.515852 4.998350 -3.082773
v 5.417444 5.107671 -5.850504
v 5.512927 4.937111 -3.085088
v 5.414519 5.046433 -5.852819
v 5.504711 4.871698 -3.087379
v 5.406303 4.981020 -5.855111
v 5.491795 4.803415 -3.089617
v 5.393387 4.912736 -5.857348
v 5.474764 4.733565 -3.091771
v 5.376356 4.842887 -5.859502
v 5.454210 4.663455 -3.093809
v 5.355803 4.772777 -5.861540
v 5.430722 4.594389 -3.095702
v 5.332314 4.703711 -5.863433
v 5.404887 4.527671 -3.097419
v 5.306479 4.636992 -5.865150
v 5.377297 4.464606 -3.098928
v 5.278890 4.573928 -5.866660
v 5.348538 4.406500 -3.100201
v 5.250131 4.515821 -5.867932
v 5.319202 4.354656 -3.101206
v 5.220795 4.463978 -5.868937
v 5.289877 4.310380 -3.101912
v 5.191469 4.419702 -5.869643
v 5.261150 4.274978 -3.102289
v 5.162743 4.384299 -5.870020
v 5.254482 4.277326 -3.101959
v 5.156075 4.386648 -5.869690
v 5.248499 4.279675 -3.101654
v 5.150091 4.388997 -5.869385
v 5.243103 4.282023 -3.101369
v 5.144695 4.391345 -5.869101
v 5.238196 4.284372 -3.101102
v 5.139789 4.393693 -5.868833
v 5.233681 4.286721 -3.100848
v 5.135273 4.396042 -5.868580
v 5.229459 4.289069 -3.100605
v 5.131051 4.398391 -5.868337
v 5.225433 4.291418 -3.100370
v 5.127026 4.400739 -5.868101
v 5.221505 4.293766 -3.100137
v 5.123097 4.403088 -5.867868
v 5.217578 4.296115 -3.099905
v 5.119170 4.405437 -5.867636
v 5.213552 4.298464 -3.099669
v 5.115144 4.407785 -5.867400
v 5.209331 4.300812 -3.099426
v 5.110923 4.410134 -5.867157
v 5.204815 4.303161 -3.099173
v 5.106407 4.412482 -5.866904
v 5.176588 4.274978 -3.099282
v 5.078180 4.384299 -5.867014
v 5.207765 4.246990 -3.101496
v 5.109357 4.356311 -5.869227
v 5.239876 4.210782 -3.104068
v 5.141468 4.320104 -5.871799
v 5.272304 4.167529 -3.106930
v 5.173896 4.276850 -5.874661
v 5.304429 4.118403 -3.110012
v 5.206021 4.227725 -5.877744
v 5.335634 4.064581 -3.113248
v 5.237226 4.173903 -5.880979
v 5.365303 4.007236 -3.116568
v 5.266895 4.116558 -5.884299
v 5.392814 3.947542 -3.119904
v 5.294406 4.056864 -5.887635
v 5.417550 3.886674 -3.123187
v 5.319142 3.995996 -5.890919
v 5.438893 3.825806 -3.126350
v 5.340486 3.935127 -5.894082
v 5.456225 3.766112 -3.129324
v 5.357818 3.875433 -5.897056
v 5.468929 3.708767 -3.132041
v 5.370522 3.818089 -5.899773
v 5.476384 3.654945 -3.134432
v 5.377976 3.764266 -5.902164
v 5.497644 3.472889 -3.142379
v 5.399237 3.582211 -5.910110
v 5.525894 3.319572 -3.149439
v 5.427486 3.428894 -5.917171
v 5.563381 3.192415 -3.155795
v 5.464973 3.301737 -5.923526
v 5.612350 3.088842 -3.161627
v 5.513943 3.198164 -5.929358
v 5.675054 3.006277 -3.167118
v 5.576646 3.115599 -5.934849
v 5.753735 2.942142 -3.172448
v 5.655327 3.051463 -5.940180
v 5.850643 2.893859 -3.177801
v 5.752235 3.003181 -5.945533
v 5.968026 2.858852 -3.183357
v 5.869618 2.968174 -5.951089
v 6.108130 2.834545 -3.189299
v 6.009722 2.943867 -5.957030
v 6.273203 2.818361 -3.195807
v 6.174795 2.927682 -5.963539
v 6.465493 2.807721 -3.203065
v 6.367085 2.917043 -5.970796
v 6.687246 2.800050 -3.211252
v 6.588838 2.909372 -5.978984
v 7.391933 2.800050 -3.236308
v 7.293524 2.909372 -6.004039
v 7.469474 2.802611 -3.238964
v 7.371065 2.911932 -6.006695
v 7.542448 2.805661 -3.241438
v 7.444039 2.914983 -6.009170
v 7.610986 2.809298 -3.243731
v 7.512577 2.918620 -6.011463
v 7.675219 2.813620 -3.245844
v 7.576810 2.922942 -6.013576
v 7.735276 2.818725 -3.247778
v 7.636868 2.928047 -6.015510
v 7.791290 2.824711 -3.249533
v 7.692881 2.934032 -6.017265
v 7.843390 2.831675 -3.251111
v 7.744981 2.940997 -6.018842
v 7.891706 2.839716 -3.252511
v 7.793298 2.949038 -6.020243
v 7.936371 2.848931 -3.253735
v 7.837963 2.958252 -6.021467
v 7.977515 2.859418 -3.254784
v 7.879106 2.968740 -6.022515
v 8.015266 2.871275 -3.255658
v 7.916858 2.980597 -6.023389
v 8.049759 2.884600 -3.256358
v 7.951350 2.993922 -6.024089
v 8.048573 2.039101 -3.289712
v 7.950164 2.148422 -6.057443
v 5.831159 2.039101 -3.210870
v 5.732751 2.148422 -5.978601
v 5.779672 2.041378 -3.208950
v 5.681264 2.150700 -5.976681
v 5.724600 2.047930 -3.206733
v 5.626192 2.157251 -5.974464
v 5.667054 2.058330 -3.204276
v 5.568646 2.167651 -5.972007
v 5.608143 2.072155 -3.201635
v 5.509735 2.181477 -5.969367
v 5.548975 2.088981 -3.198867
v 5.450567 2.198303 -5.966598
v 5.490659 2.108385 -3.196027
v 5.392251 2.217706 -5.963758
v 5.434303 2.129941 -3.193172
v 5.335896 2.239262 -5.960903
v 5.381017 2.153226 -3.190357
v 5.282609 2.262547 -5.958089
v 5.331907 2.177815 -3.187640
v 5.233500 2.287137 -5.955371
v 5.288086 2.203286 -3.185076
v 5.189678 2.312608 -5.952807
v 5.250658 2.229213 -3.182721
v 5.152250 2.338535 -5.950452
v 5.220734 2.255173 -3.180631
v 5.122326 2.364495 -5.948363
v 5.201916 2.236384 -3.180705
v 5.103508 2.345705 -5.948436
v 5.227839 2.206428 -3.182809
v 5.129431 2.315750 -5.950541
v 5.253717 2.168970 -3.185209
v 5.155310 2.278292 -5.952940
v 5.279130 2.125118 -3.187845
v 5.180722 2.234440 -5.955576
v 5.303655 2.075982 -3.190658
v 5.205247 2.185304 -5.958389
v 5.326867 2.022671 -3.193589
v 5.228459 2.131993 -5.961320
v 5.348347 1.966294 -3.196579
v 5.249939 2.075615 -5.964311
v 5.367671 1.907959 -3.199570
v 5.269263 2.017281 -5.967302
v 5.384416 1.848776 -3.202503
v 5.286008 1.958098 -5.970235
v 5.398161 1.789855 -3.205319
v 5.299753 1.899176 -5.973051
v 5.408482 1.732303 -3.207960
v 5.310074 1.841624 -5.975691
v 5.414957 1.677230 -3.210365
v 5.316549 1.786551 -5.978096
v 5.417163 1.625745 -3.212477
v 5.318755 1.735067 -5.980208
v 5.414812 1.574261 -3.214427
v 5.316404 1.683582 -5.982159
v 5.408183 1.519188 -3.216367
v 5.309775 1.628510 -5.984098
v 5.397699 1.461636 -3.218267
v 5.299292 1.570958 -5.985999
v 5.383790 1.402714 -3.220100
v 5.285382 1.512036 -5.987832
v 5.366879 1.343531 -3.221836
v 5.268471 1.452853 -5.989568
v 5.347391 1.285197 -3.223448
v 5.248983 1.394518 -5.991179
v 5.325753 1.228819 -3.224905
v 5.227345 1.338141 -5.992637
v 5.302389 1.175508 -3.226180
v 5.203981 1.284830 -5.993912
v 5.277727 1.126372 -3.227244
v 5.179319 1.235694 -5.994976
v 5.252192 1.082520 -3.228068
v 5.153784 1.191842 -5.995800
v 5.226208 1.045062 -3.228624
v 5.127800 1.154384 -5.996355
v 5.200203 1.015106 -3.228882
v 5.101795 1.124428 -5.996614
v 5.218968 0.996318 -3.230292
v 5.120561 1.105639 -5.998023
v 5.248963 1.022277 -3.230333
v 5.150556 1.131599 -5.998065
v 5.286464 1.048204 -3.230642
v 5.188056 1.157526 -5.998374
v 5.330358 1.073675 -3.231197
v 5.231950 1.182996 -5.998928
v 5.379536 1.098264 -3.231974
v 5.281128 1.207586 -5.999705
v 5.432887 1.121549 -3.232951
v 5.334479 1.230871 -6.000683
v 5.489304 1.143106 -3.234106
v 5.390896 1.252427 -6.001837
v 5.547673 1.162509 -3.235415
v 5.449265 1.271830 -6.003146
v 5.606890 1.179335 -3.236856
v 5.508482 1.288657 -6.004587
v 5.665838 1.193160 -3.238405
v 5.567430 1.302482 -6.006137
v 5.723413 1.203561 -3.240042
v 5.625006 1.312882 -6.007773
v 5.778503 1.210112 -3.241742
v 5.680096 1.319433 -6.009473
v 5.829999 1.212390 -3.243483
v 5.731591 1.321712 -6.011214
v 7.493060 1.212390 -3.302614
v 7.394651 1.321712 -6.070345
v 7.370080 1.048568 -3.304712
v 7.271672 1.157890 -6.072443
v 7.241133 0.885889 -3.306553
v 7.142724 0.995211 -6.074285
v 7.106118 0.724319 -3.308134
v 7.007710 0.833641 -6.075866
v 6.964940 0.563825 -3.309454
v 6.866531 0.673147 -6.077185
v 6.817499 0.404375 -3.310510
v 6.719090 0.513697 -6.078241
v 6.663698 0.245937 -3.311299
v 6.565289 0.355258 -6.079031
v 6.503438 0.088476 -3.311821
v 6.405029 0.197798 -6.079552
v 6.336622 -0.068038 -3.312071
v 6.238214 0.041284 -6.079803
v 6.163152 -0.223639 -3.312049
v 6.064744 -0.114317 -6.079781
v 5.982930 -0.378359 -3.311753
v 5.884522 -0.269037 -6.079484
v 5.795857 -0.532231 -3.311179
v 5.697450 -0.422909 -6.078911
v 5.601837 -0.685287 -3.310326
v 5.503429 -0.575966 -6.078057
v 5.563601 -0.709089 -3.309907
v 5.465193 -0.599767 -6.077638
v 5.520079 -0.733216 -3.309312
v 5.421671 -0.623895 -6.077044
v 5.472251 -0.757214 -3.308559
v 5.373843 -0.647892 -6.076291
v 5.421095 -0.780624 -3.307665
v 5.322687 -0.671302 -6.075397
v 5.367592 -0.802990 -3.306646
v 5.269184 -0.693668 -6.074378
v 5.312722 -0.823855 -3.305520
v 5.214314 -0.714534 -6.073251
v 5.257463 -0.842764 -3.304302
v 5.159055 -0.733442 -6.072033
v 5.202794 -0.859259 -3.303010
v 5.104386 -0.749937 -6.070741
v 5.149693 -0.872883 -3.301660
v 5.051286 -0.763561 -6.069391
v 5.099145 -0.883180 -3.300269
v 5.000737 -0.773858 -6.068000
v 5.052124 -0.889693 -3.298854
v 4.953716 -0.780371 -6.066586
v 5.009611 -0.891965 -3.297432
v 4.911203 -0.782643 -6.065164
v 5.002754 -0.891960 -3.297189
v 4.904346 -0.782638 -6.064920
v 4.996257 -0.891922 -3.296956
v 4.897849 -0.782600 -6.064688
v 4.990086 -0.891818 -3.296732
v 4.891678 -0.782497 -6.064464
v 4.984208 -0.891617 -3.296515
v 4.885800 -0.782296 -6.064247
v 4.978592 -0.891286 -3.296303
v 4.880184 -0.781964 -6.064034
v 4.973204 -0.890791 -3.296092
v 4.874796 -0.781469 -6.063823
v 4.968013 -0.890100 -3.295880
v 4.869605 -0.780779 -6.063611
v 4.962985 -0.889182 -3.295665
v 4.864577 -0.779860 -6.063396
v 4.958086 -0.888002 -3.295444
v 4.859678 -0.778680 -6.063175
v 4.953287 -0.886528 -3.295215
v 4.854879 -0.777207 -6.062946
v 4.948554 -0.884729 -3.294976
v 4.850146 -0.775407 -6.062707
v 4.943853 -0.882571 -3.294724
v 4.845446 -0.773249 -6.062455
v 4.934405 -0.920148 -3.295872
v 4.835998 -0.810827 -6.063603
v 4.974150 -0.933506 -3.297812
v 4.875742 -0.824185 -6.065544
v 5.017571 -0.954203 -3.300174
v 4.919164 -0.844882 -6.067905
v 5.063659 -0.981359 -3.302885
v 4.965251 -0.872037 -6.070617
v 5.111402 -1.014093 -3.305876
v 5.012994 -0.904771 -6.073607
v 5.159791 -1.051524 -3.309075
v 5.061383 -0.942202 -6.076806
v 5.207816 -1.092771 -3.312411
v 5.109408 -0.983450 -6.080143
v 5.254467 -1.136955 -3.315815
v 5.156059 -1.027633 -6.083547
v 5.298733 -1.183193 -3.319216
v 5.200325 -1.073871 -6.086947
v 5.339605 -1.230605 -3.322542
v 5.241198 -1.121284 -6.090273
v 5.376072 -1.278311 -3.325722
v 5.277664 -1.168990 -6.093454
v 5.407125 -1.325431 -3.328688
v 5.308717 -1.216109 -6.096419
v 5.431752 -1.371082 -3.331367
v 5.333344 -1.261760 -6.099098
v 5.458485 -1.428221 -3.334574
v 5.360077 -1.318899 -6.102305
v 5.482435 -1.490774 -3.337896
v 5.384027 -1.381452 -6.105628
v 5.503575 -1.557503 -3.341284
v 5.405168 -1.448181 -6.109015
v 5.521872 -1.627167 -3.344686
v 5.423464 -1.517846 -6.112417
v 5.537294 -1.698528 -3.348053
v 5.438887 -1.589206 -6.115784
v 5.549814 -1.770345 -3.351335
v 5.451406 -1.661024 -6.119066
v 5.559398 -1.841380 -3.354481
v 5.460990 -1.732058 -6.122212
v 5.566017 -1.910392 -3.357442
v 5.467609 -1.801071 -6.125174
v 5.569638 -1.976142 -3.360168
v 5.471231 -1.866821 -6.127900
v 5.570232 -2.037391 -3.362608
v 5.471825 -1.928069 -6.130340
v 5.567766 -2.092899 -3.364713
v 5.469358 -1.983577 -6.132445
v 5.562213 -2.141426 -3.366433
v 5.463805 -2.032104 -6.134164
v 5.590386 -2.150820 -3.367805
v 5.491979 -2.041499 -6.135537
v 5.603079 -2.103440 -3.366385
v 5.504671 -1.994119 -6.134117
v 5.621845 -2.051265 -3.364992
v 5.523438 -1.941944 -6.132723
v 5.646099 -1.995372 -3.363647
v 5.547691 -1.886050 -6.131378
v 5.675249 -1.936836 -3.362371
v 5.576841 -1.827514 -6.130102
v 5.708708 -1.876734 -3.361187
v 5.610300 -1.767413 -6.128918
v 5.745887 -1.816143 -3.360115
v 5.647479 -1.706822 -6.127847
v 5.786197 -1.756140 -3.359178
v 5.687789 -1.646818 -6.126910
v 5.829049 -1.697799 -3.358397
v 5.730641 -1.588478 -6.126129
v 5.873856 -1.642199 -3.357795
v 5.775448 -1.532878 -6.125526
v 5.920027 -1.590416 -3.357391
v 5.821619 -1.481094 -6.125122
v 5.966973 -1.543525 -3.357208
v 5.868566 -1.434204 -6.124939
v 6.014108 -1.502604 -3.357267
v 5.915700 -1.393282 -6.124999
v 6.217919 -1.335064 -3.357897
v 6.119512 -1.225743 -6.125628
v 6.415469 -1.165926 -3.358240
v 6.317060 -1.056605 -6.125971
v 6.606756 -0.995157 -3.358296
v 6.508348 -0.885836 -6.126028
v 6.791782 -0.822725 -3.358064
v 6.693374 -0.713403 -6.125795
v 6.970548 -0.648596 -3.357542
v 6.872139 -0.539274 -6.125274
v 7.143051 -0.472738 -3.356730
v 7.044642 -0.363417 -6.124461
v 7.309293 -0.295119 -3.355625
v 7.210884 -0.185798 -6.123356
v 7.469273 -0.115706 -3.354226
v 7.370864 -0.006384 -6.121958
v 7.622993 0.065534 -3.352533
v 7.524584 0.174855 -6.120265
v 7.770451 0.248633 -3.350544
v 7.672042 0.357955 -6.118276
v 7.911647 0.433624 -3.348258
v 7.813239 0.542946 -6.115989
v 8.046583 0.620540 -3.345672
v 7.948174 0.729861 -6.113404
v 8.043552 -1.540182 -3.430910
v 7.945143 -1.430860 -6.198642
v 8.040613 -1.603953 -3.433324
v 7.942204 -1.494631 -6.201056
v 8.032318 -1.672226 -3.435726
v 7.933909 -1.562904 -6.203458
v 8.019190 -1.743630 -3.438080
v 7.920782 -1.634308 -6.205812
v 8.001753 -1.816796 -3.440350
v 7.903344 -1.707474 -6.208081
v 7.980531 -1.890353 -3.442501
v 7.882122 -1.781031 -6.210232
v 7.956048 -1.962931 -3.444497
v 7.857639 -1.853610 -6.212228
v 7.928827 -2.033161 -3.446303
v 7.830419 -1.923840 -6.214035
v 7.899394 -2.099673 -3.447884
v 7.800985 -1.990351 -6.215615
v 7.868271 -2.161095 -3.449203
v 7.769863 -2.051774 -6.216935
v 7.835983 -2.216059 -3.450226
v 7.737574 -2.106738 -6.217957
v 7.803053 -2.263195 -3.450917
v 7.704644 -2.153873 -6.218648
v 7.770006 -2.301131 -3.451241
v 7.671597 -2.191810 -6.218972
v 7.798154 -2.329315 -3.453354
v 7.699746 -2.219993 -6.221086
v 7.836143 -2.296325 -3.453402
v 7.737734 -2.187004 -6.221134
v 7.883331 -2.263467 -3.453782
v 7.784923 -2.154145 -6.221514
v 7.938348 -2.231260 -3.454466
v 7.839939 -2.121939 -6.222198
v 7.999824 -2.200228 -3.455426
v 7.901415 -2.090906 -6.223158
v 8.066385 -2.170892 -3.456634
v 7.967977 -2.061571 -6.224366
v 8.136663 -2.143775 -3.458062
v 8.038256 -2.034453 -6.225793
v 8.209287 -2.119397 -3.459681
v 8.110878 -2.010075 -6.227413
v 8.282885 -2.098281 -3.461464
v 8.184475 -1.988959 -6.229196
v 8.356085 -2.080949 -3.463382
v 8.257676 -1.971627 -6.231113
v 8.427519 -2.067923 -3.465407
v 8.329109 -1.958601 -6.233139
v 8.495813 -2.059725 -3.467512
v 8.397404 -1.950403 -6.235243
v 8.559597 -2.056876 -3.469667
v 8.461189 -1.947554 -6.237399
v 8.623375 -2.059724 -3.472047
v 8.524965 -1.950403 -6.239779
v 8.691647 -2.067923 -3.474799
v 8.593237 -1.958601 -6.242530
v 8.763042 -2.080949 -3.477852
v 8.664634 -1.971627 -6.245583
v 8.836195 -2.098281 -3.481137
v 8.737785 -1.988959 -6.248869
v 8.909733 -2.119397 -3.484586
v 8.811324 -2.010075 -6.252317
v 8.982288 -2.143774 -3.488129
v 8.883880 -2.034453 -6.255860
v 9.052490 -2.170892 -3.491696
v 8.954082 -2.061570 -6.259427
v 9.118971 -2.200228 -3.495218
v 9.020561 -2.090906 -6.262950
v 9.180358 -2.231260 -3.498627
v 9.081949 -2.121938 -6.266358
v 9.235285 -2.263466 -3.501852
v 9.136877 -2.154145 -6.269583
v 9.282381 -2.296325 -3.504824
v 9.183972 -2.187004 -6.272555
v 9.320276 -2.329315 -3.507475
v 9.221869 -2.219993 -6.275206
v 9.348503 -2.301131 -3.507365
v 9.250095 -2.191810 -6.275096
v 9.315563 -2.263195 -3.504695
v 9.217154 -2.153873 -6.272427
v 9.282765 -2.216059 -3.501667
v 9.184357 -2.106738 -6.269399
v 9.250631 -2.161095 -3.498354
v 9.152223 -2.051774 -6.266086
v 9.219681 -2.099673 -3.494827
v 9.121271 -1.990351 -6.262559
v 9.190434 -2.033161 -3.491160
v 9.092026 -1.923840 -6.258892
v 9.163410 -1.962931 -3.487426
v 9.065002 -1.853610 -6.255157
v 9.139132 -1.890353 -3.483696
v 9.040722 -1.781031 -6.251427
v 9.118114 -1.816796 -3.480043
v 9.019707 -1.707474 -6.247774
v 9.100883 -1.743630 -3.476540
v 9.002475 -1.634308 -6.244272
v 9.087955 -1.672226 -3.473260
v 8.989548 -1.562904 -6.240992
v 9.079851 -1.603953 -3.470275
v 8.981443 -1.494631 -6.238007
v 9.077092 -1.540182 -3.467658
v 8.978683 -1.430860 -6.235390
v 9.080123 0.620540 -3.382421
v 8.981714 0.729861 -6.150152
v 9.218857 0.428938 -3.394921
v 9.120447 0.538259 -6.162653
v 9.363203 0.239326 -3.407543
v 9.264795 0.348647 -6.175274
v 9.513295 0.051736 -3.420289
v 9.414886 0.161057 -6.188021
v 9.669262 -0.133799 -3.433163
v 9.570852 -0.024477 -6.200894
v 9.831234 -0.317246 -3.446168
v 9.732825 -0.207924 -6.213900
v 9.999344 -0.498573 -3.459307
v 9.900934 -0.389251 -6.227039
v 10.173719 -0.677747 -3.472585
v 10.075311 -0.568425 -6.240316
v 10.354493 -0.854735 -3.486003
v 10.256084 -0.745414 -6.253735
v 10.541794 -1.029506 -3.499566
v 10.443385 -0.920184 -6.267297
v 10.735754 -1.202025 -3.513277
v 10.637346 -1.092704 -6.281008
v 10.936503 -1.372261 -3.527138
v 10.838095 -1.262940 -6.294870
v 11.144173 -1.540182 -3.541155
v 11.045763 -1.430860 -6.308887
v 11.191192 -1.581288 -3.544450
v 11.092783 -1.471966 -6.312181
v 11.238007 -1.628689 -3.547987
v 11.139597 -1.519368 -6.315719
v 11.284031 -1.681245 -3.551699
v 11.185622 -1.571923 -6.319431
v 11.328679 -1.737813 -3.555521
v 11.230270 -1.628491 -6.323253
v 11.371367 -1.797251 -3.559387
v 11.272958 -1.687930 -6.327118
v 11.411507 -1.858418 -3.563230
v 11.313098 -1.749097 -6.330961
v 11.448514 -1.920173 -3.566985
v 11.350105 -1.810851 -6.334716
v 11.481803 -1.981372 -3.570586
v 11.383394 -1.872051 -6.338317
v 11.510788 -2.040876 -3.573967
v 11.412379 -1.931554 -6.341698
v 11.534883 -2.097542 -3.577062
v 11.436474 -1.988220 -6.344793
v 11.553503 -2.150228 -3.579805
v 11.455093 -2.040906 -6.347536
v 11.566061 -2.197793 -3.582130
v 11.467653 -2.088471 -6.349862
v 11.603645 -2.197793 -3.583467
v 11.505236 -2.088471 -6.351198
v 11.596443 -2.149081 -3.581286
v 11.498034 -2.039759 -6.349018
v 11.593395 -2.093062 -3.578965
v 11.494987 -1.983740 -6.346697
v 11.594336 -2.031041 -3.576549
v 11.495928 -1.921719 -6.344280
v 11.599100 -1.964323 -3.574083
v 11.500691 -1.855002 -6.341815
v 11.607523 -1.894213 -3.571613
v 11.509114 -1.784891 -6.339345
v 11.619440 -1.822015 -3.569185
v 11.521031 -1.712693 -6.336917
v 11.634686 -1.749034 -3.566845
v 11.536277 -1.639712 -6.334576
v 11.653095 -1.676575 -3.564637
v 11.554687 -1.567253 -6.332369
v 11.674503 -1.605943 -3.562609
v 11.576095 -1.496621 -6.330340
v 11.698746 -1.538442 -3.560804
v 11.600336 -1.429120 -6.328536
v 11.725657 -1.475377 -3.559270
v 11.627248 -1.366056 -6.327002
v 11.755072 -1.418054 -3.558052
v 11.656663 -1.308732 -6.325783
v 11.784513 -1.372403 -3.557296
v 11.686105 -1.263081 -6.325027
v 11.820320 -1.325284 -3.556708
v 11.721911 -1.215962 -6.324439
v 11.861412 -1.277578 -3.556284
v 11.763003 -1.168256 -6.324016
v 11.906713 -1.230165 -3.556022
v 11.808304 -1.120843 -6.323754
v 11.955143 -1.183927 -3.555918
v 11.856734 -1.074605 -6.323649
v 12.005626 -1.139744 -3.555968
v 11.907217 -1.030422 -6.323699
v 12.057083 -1.098496 -3.556168
v 11.958674 -0.989174 -6.323899
v 12.108438 -1.061065 -3.556515
v 12.010029 -0.951743 -6.324247
v 12.158611 -1.028331 -3.557006
v 12.060202 -0.919010 -6.324738
v 12.206525 -1.001176 -3.557638
v 12.108116 -0.891854 -6.325369
v 12.251102 -0.980478 -3.558405
v 12.152695 -0.871157 -6.326137
v 12.291265 -0.967121 -3.559305
v 12.192858 -0.857799 -6.327037
v 12.291306 -0.938937 -3.558194
v 12.192897 -0.829616 -6.325925
v 12.233850 -0.937377 -3.556089
v 12.135441 -0.828055 -6.323821
v 12.174605 -0.932718 -3.553799
v 12.076197 -0.823396 -6.321530
v 12.114125 -0.924992 -3.551343
v 12.015717 -0.815671 -6.319075
v 12.052964 -0.914233 -3.548743
v 11.954556 -0.804912 -6.316475
v 11.991677 -0.900473 -3.546021
v 11.893269 -0.791152 -6.313752
v 11.930819 -0.883745 -3.543196
v 11.832410 -0.774423 -6.310927
v 11.870942 -0.864081 -3.540291
v 11.772533 -0.754759 -6.308022
v 11.812603 -0.841514 -3.537325
v 11.714194 -0.732192 -6.305057
v 11.756356 -0.816076 -3.534320
v 11.657948 -0.706754 -6.302052
v 11.702756 -0.787800 -3.531298
v 11.604347 -0.678478 -6.299029
v 11.652357 -0.756719 -3.528278
v 11.553948 -0.647397 -6.296010
v 11.605714 -0.722865 -3.525282
v 11.507305 -0.613544 -6.293014
v 11.405272 -0.569607 -3.512102
v 11.306864 -0.460286 -6.279834
v 11.212173 -0.415110 -3.499134
v 11.113765 -0.305789 -6.266865
v 11.026320 -0.259308 -3.486372
v 10.927910 -0.149987 -6.254103
v 10.847610 -0.102136 -3.473809
v 10.749203 0.007185 -6.241541
v 10.675952 0.056471 -3.461441
v 10.577543 0.165793 -6.229173
v 10.511244 0.216579 -3.449261
v 10.412835 0.325900 -6.216992
v 10.353389 0.378252 -3.437263
v 10.254980 0.487574 -6.204994
v 10.202291 0.541557 -3.425440
v 10.103882 0.650879 -6.193171
v 10.057849 0.706558 -3.413787
v 9.959440 0.815879 -6.181518
v 9.919968 0.873320 -3.402297
v 9.821558 0.982641 -6.170029
v 9.788548 1.041909 -3.390965
v 9.690140 1.151231 -6.158697
v 9.663494 1.212390 -3.379786
v 9.565085 1.321712 -6.147517
v 11.298367 1.212390 -3.437914
v 11.199958 1.321712 -6.205646
v 11.324948 1.211808 -3.438883
v 11.226540 1.321130 -6.206614
v 11.352867 1.210085 -3.439943
v 11.254458 1.319406 -6.207675
v 11.381893 1.207252 -3.441087
v 11.283484 1.316574 -6.208818
v 11.411798 1.203343 -3.442305
v 11.313391 1.312665 -6.210036
v 11.442356 1.198390 -3.443587
v 11.343946 1.307712 -6.211318
v 11.473335 1.192427 -3.444924
v 11.374927 1.301748 -6.212656
v 11.504509 1.185484 -3.446307
v 11.406100 1.294806 -6.214038
v 11.535648 1.177596 -3.447726
v 11.437240 1.286917 -6.215457
v 11.566526 1.168794 -3.449171
v 11.468118 1.278115 -6.216903
v 11.596913 1.159111 -3.450634
v 11.498505 1.268433 -6.218366
v 11.626581 1.148580 -3.452105
v 11.528172 1.257902 -6.219836
v 11.655302 1.137234 -3.453574
v 11.556893 1.246556 -6.221305
v 11.634183 1.137615 -3.452808
v 11.535774 1.246936 -6.220540
v 11.613196 1.138713 -3.452019
v 11.514788 1.248034 -6.219750
v 11.592472 1.140463 -3.451212
v 11.494062 1.249785 -6.218944
v 11.572139 1.142801 -3.450397
v 11.473730 1.252123 -6.218129
v 11.552329 1.145661 -3.449580
v 11.453920 1.254982 -6.217311
v 11.533173 1.148977 -3.448768
v 11.434764 1.258299 -6.216499
v 11.514799 1.152685 -3.447968
v 11.416390 1.262007 -6.215700
v 11.497340 1.156719 -3.447188
v 11.398932 1.266041 -6.214920
v 11.480925 1.161014 -3.446435
v 11.382517 1.270335 -6.214166
v 11.465685 1.165504 -3.445715
v 11.367276 1.274826 -6.213447
v 11.451750 1.170125 -3.445037
v 11.353342 1.279447 -6.212769
v 11.439251 1.174812 -3.444408
v 11.340842 1.284134 -6.212139
v 11.420406 1.137234 -3.445222
v 11.321998 1.246556 -6.212954
v 11.459579 1.118625 -3.447350
v 11.361170 1.227946 -6.215081
v 11.501381 1.091697 -3.449900
v 11.402973 1.201019 -6.217631
v 11.544936 1.057528 -3.452798
v 11.446527 1.166850 -6.220530
v 11.589362 1.017194 -3.455971
v 11.490953 1.126516 -6.223702
v 11.633781 0.971771 -3.459344
v 11.535374 1.081093 -6.227076
v 11.677315 0.922336 -3.462845
v 11.578906 1.031658 -6.230577
v 11.719082 0.869966 -3.466399
v 11.620674 0.979287 -6.234130
v 11.758204 0.815736 -3.469932
v 11.659796 0.925057 -6.237663
v 11.793802 0.760723 -3.473370
v 11.695394 0.870044 -6.241102
v 11.824996 0.706003 -3.476641
v 11.726587 0.815325 -6.244372
v 11.850906 0.652654 -3.479669
v 11.752498 0.761975 -6.247401
v 11.870654 0.601751 -3.482382
v 11.772245 0.711073 -6.250113
v 11.938271 0.413362 -3.492227
v 11.839862 0.522684 -6.259959
v 12.009932 0.224321 -3.502242
v 11.911523 0.333642 -6.269974
v 12.085377 0.035149 -3.512397
v 11.986967 0.144470 -6.280128
v 12.164345 -0.153632 -3.522661
v 12.065936 -0.044310 -6.290392
v 12.246578 -0.341499 -3.533005
v 12.148169 -0.232177 -6.300736
v 12.331814 -0.527930 -3.543400
v 12.233405 -0.418609 -6.311131
v 12.419793 -0.712405 -3.553814
v 12.321384 -0.603083 -6.321546
v 12.510256 -0.894401 -3.564219
v 12.411847 -0.785079 -6.331951
v 12.602941 -1.073395 -3.574585
v 12.504532 -0.964074 -6.342317
v 12.697588 -1.248867 -3.584881
v 12.599179 -1.139545 -6.352612
v 12.793938 -1.420294 -3.595078
v 12.695528 -1.310972 -6.362809
v 12.891728 -1.587154 -3.605146
v 12.793320 -1.477832 -6.372877
v 12.919010 -1.640155 -3.608209
v 12.820601 -1.530833 -6.375941
v 12.944423 -1.699583 -3.611460
v 12.846014 -1.590261 -6.379191
v 12.967674 -1.764033 -3.614833
v 12.869266 -1.654712 -6.382564
v 12.988475 -1.832105 -3.618261
v 12.890066 -1.722783 -6.385992
v 13.006532 -1.902395 -3.621679
v 12.908123 -1.793073 -6.389411
v 13.021554 -1.973500 -3.625022
v 12.923145 -1.864179 -6.392754
v 13.033249 -2.044018 -3.628223
v 12.934839 -1.934697 -6.395955
v 13.041325 -2.112546 -3.631217
v 12.942916 -2.003225 -6.398949
v 13.045490 -2.177682 -3.633938
v 12.947083 -2.068361 -6.401670
v 13.045455 -2.238023 -3.636320
v 12.947046 -2.128702 -6.404052
v 13.040926 -2.292166 -3.638298
v 12.942517 -2.182845 -6.406029
v 13.031611 -2.338709 -3.639805
v 12.933203 -2.229388 -6.407537
v 13.069181 -2.348104 -3.641512
v 12.970773 -2.238782 -6.409243
v 13.082795 -2.302713 -3.640203
v 12.984386 -2.193392 -6.407934
v 13.104116 -2.251941 -3.638956
v 13.005708 -2.142619 -6.406687
v 13.132228 -2.197059 -3.637787
v 13.033819 -2.087737 -6.405519
v 13.166217 -2.139338 -3.636716
v 13.067808 -2.030016 -6.404448
v 13.205166 -2.080052 -3.635759
v 13.106758 -1.970730 -6.403491
v 13.248161 -2.020473 -3.634934
v 13.149754 -1.911151 -6.402666
v 13.294288 -1.961871 -3.634260
v 13.195879 -1.852550 -6.401991
v 13.342629 -1.905521 -3.633753
v 13.244221 -1.796199 -6.401484
v 13.392271 -1.852694 -3.633431
v 13.293862 -1.743372 -6.401163
v 13.442297 -1.804661 -3.633313
v 13.343888 -1.695340 -6.401044
v 13.491793 -1.762696 -3.633415
v 13.393384 -1.653374 -6.401146
v 13.539843 -1.728070 -3.633756
v 13.441434 -1.618749 -6.401487
v 13.582224 -1.702850 -3.634267
v 13.483815 -1.593528 -6.401998
v 13.628911 -1.678967 -3.634983
v 13.530502 -1.569645 -6.402715
v 13.679118 -1.656585 -3.635884
v 13.580709 -1.547263 -6.403616
v 13.732064 -1.635866 -3.636949
v 13.633656 -1.526544 -6.404680
v 13.786964 -1.616974 -3.638155
v 13.688556 -1.507652 -6.405886
v 13.843037 -1.600071 -3.639481
v 13.744628 -1.490749 -6.407212
v 13.899498 -1.585322 -3.640905
v 13.801089 -1.476000 -6.408637
v 13.955564 -1.572888 -3.642408
v 13.857155 -1.463567 -6.410139
v 14.010452 -1.562934 -3.643966
v 13.912044 -1.453612 -6.411697
v 14.063379 -1.555622 -3.645559
v 13.964971 -1.446300 -6.413291
v 14.113562 -1.551115 -3.647165
v 14.015153 -1.441793 -6.414897
v 14.160216 -1.549576 -3.648764
v 14.061808 -1.440254 -6.416495
v 14.169422 -1.549582 -3.649091
v 14.071013 -1.440260 -6.416822
v 14.178268 -1.549620 -3.649407
v 14.079860 -1.440298 -6.417139
v 14.186789 -1.549723 -3.649714
v 14.088381 -1.440401 -6.417446
v 14.195016 -1.549924 -3.650014
v 14.096607 -1.440602 -6.417746
v 14.202981 -1.550256 -3.650311
v 14.104572 -1.440934 -6.418042
v 14.210717 -1.550750 -3.650605
v 14.112309 -1.441429 -6.418337
v 14.218258 -1.551441 -3.650901
v 14.119849 -1.442119 -6.418633
v 14.225636 -1.552360 -3.651199
v 14.127227 -1.443038 -6.418931
v 14.232882 -1.553539 -3.651504
v 14.134473 -1.444218 -6.419235
v 14.240030 -1.555013 -3.651816
v 14.141622 -1.445691 -6.419548
v 14.247112 -1.556812 -3.652139
v 14.148704 -1.447490 -6.419870
v 14.254162 -1.558970 -3.652475
v 14.155753 -1.449649 -6.420206
v 14.254214 -1.521393 -3.650992
v 14.155806 -1.412071 -6.418724
v 14.211740 -1.507845 -3.648947
v 14.113332 -1.398523 -6.416678
v 14.164872 -1.486598 -3.646441
v 14.066463 -1.377277 -6.414173
v 14.114687 -1.458567 -3.643550
v 14.016278 -1.349246 -6.411282
v 14.062258 -1.424665 -3.640347
v 13.963849 -1.315343 -6.408078
v 14.008661 -1.385804 -3.636906
v 13.910253 -1.276482 -6.404637
v 13.954973 -1.342898 -3.633302
v 13.856565 -1.233577 -6.401034
v 13.902267 -1.296861 -3.629610
v 13.803859 -1.187540 -6.397342
v 13.851621 -1.248606 -3.625903
v 13.753212 -1.139284 -6.393635
v 13.804108 -1.199046 -3.622256
v 13.705699 -1.089724 -6.389988
v 13.760803 -1.149094 -3.618743
v 13.662395 -1.039773 -6.386475
v 13.722784 -1.099665 -3.615439
v 13.624375 -0.990343 -6.383171
v 13.691124 -1.051671 -3.612418
v 13.592715 -0.942349 -6.380149
v 13.600528 -0.895330 -3.603022
v 13.502119 -0.786008 -6.370753
v 13.511566 -0.736478 -3.593584
v 13.413158 -0.627156 -6.361316
v 13.424305 -0.575343 -3.584117
v 13.325896 -0.466021 -6.351848
v 13.338808 -0.412153 -3.574631
v 13.240399 -0.302831 -6.342362
v 13.255140 -0.247136 -3.565138
v 13.156732 -0.137814 -6.332870
v 13.173368 -0.080520 -3.555650
v 13.074959 0.028802 -6.323381
v 13.093554 0.087465 -3.546176
v 12.995145 0.196787 -6.313908
v 13.015764 0.256593 -3.536730
v 12.917356 0.365914 -6.304462
v 12.940064 0.426633 -3.527323
v 12.841656 0.535954 -6.295054
v 12.866518 0.597358 -3.517964
v 12.768109 0.706680 -6.285696
v 12.795191 0.768541 -3.508667
v 12.696782 0.877862 -6.276398
v 12.726149 0.939951 -3.499441
v 12.627740 1.049273 -6.267173
v 12.708988 0.994725 -3.496668
v 12.610579 1.104046 -6.264399
v 12.694903 1.054815 -3.493793
v 12.596495 1.164137 -6.261525
v 12.683825 1.118886 -3.490869
v 12.585416 1.228207 -6.258600
v 12.675686 1.185598 -3.487944
v 12.577277 1.294920 -6.255676
v 12.670420 1.253615 -3.485070
v 12.572011 1.362937 -6.252802
v 12.667959 1.321600 -3.482298
v 12.569551 1.430922 -6.250029
v 12.668238 1.388215 -3.479676
v 12.569829 1.497536 -6.247408
v 12.671188 1.452122 -3.477257
v 12.572779 1.561443 -6.244988
v 12.676742 1.511984 -3.475090
v 12.578333 1.621306 -6.242822
v 12.684833 1.566464 -3.473226
v 12.586424 1.675786 -6.240957
v 12.695395 1.614225 -3.471715
v 12.596985 1.723547 -6.239446
v 12.708359 1.653929 -3.470608
v 12.609949 1.763250 -6.238339
v 12.680197 1.672717 -3.468864
v 12.581788 1.782039 -6.236596
v 12.642106 1.597594 -3.470477
v 12.543697 1.706916 -6.238208
v 12.594561 1.527364 -3.471560
v 12.496152 1.636686 -6.239292
v 12.538671 1.462223 -3.472146
v 12.440262 1.571545 -6.239878
v 12.475546 1.402366 -3.472266
v 12.377137 1.511688 -6.239997
v 12.406295 1.347989 -3.471951
v 12.307886 1.457311 -6.239683
v 12.332028 1.299289 -3.471235
v 12.233620 1.408610 -6.238966
v 12.253855 1.256459 -3.470147
v 12.155445 1.365781 -6.237878
v 12.172884 1.219697 -3.468720
v 12.074474 1.329018 -6.236451
v 12.090225 1.189197 -3.466986
v 11.991816 1.298519 -6.234717
v 12.006989 1.165157 -3.464976
v 11.908579 1.274478 -6.232707
v 11.924283 1.147770 -3.462722
v 11.825874 1.257092 -6.230453
v 11.843218 1.137234 -3.460256
v 11.744810 1.246556 -6.227987
v 11.824891 1.173757 -3.458161
v 11.726482 1.283079 -6.225893
v 11.807481 1.212564 -3.456009
v 11.709072 1.321885 -6.223741
v 11.791117 1.253197 -3.453823
v 11.692708 1.362519 -6.221554
v 11.775929 1.295200 -3.451624
v 11.677521 1.404522 -6.219355
v 11.762048 1.338117 -3.449435
v 11.663639 1.447438 -6.217166
v 11.749603 1.381490 -3.447279
v 11.651194 1.490811 -6.215011
v 11.738724 1.424863 -3.445179
v 11.640315 1.534184 -6.212911
v 11.729540 1.467779 -3.443158
v 11.631131 1.577101 -6.210889
v 11.722182 1.509783 -3.441237
v 11.623774 1.619104 -6.208968
v 11.716780 1.550416 -3.439440
v 11.618371 1.659737 -6.207171
v 11.713464 1.589222 -3.437789
v 11.615055 1.698544 -6.205521
v 11.712362 1.625745 -3.436307
v 11.613953 1.735067 -6.204039
v 11.714712 1.677230 -3.434357
v 11.616303 1.786552 -6.202089
v 11.721342 1.732303 -3.432418
v 11.622932 1.841624 -6.200149
v 11.731824 1.789855 -3.430517
v 11.633415 1.899176 -6.198249
v 11.745734 1.848777 -3.428684
v 11.647326 1.958098 -6.196416
v 11.762646 1.907959 -3.426948
v 11.664237 2.017281 -6.194680
v 11.782134 1.966294 -3.425337
v 11.683725 2.075615 -6.193069
v 11.803772 2.022671 -3.423880
v 11.705363 2.131993 -6.191611
v 11.827135 2.075983 -3.422605
v 11.728726 2.185304 -6.190336
v 11.851797 2.125118 -3.421540
v 11.753389 2.234440 -6.189272
v 11.877333 2.168970 -3.420716
v 11.778925 2.278292 -6.188448
v 11.903316 2.206428 -3.420161
v 11.804908 2.315750 -6.187892
v 11.929322 2.236384 -3.419902
v 11.830914 2.345705 -6.187634
v 11.910557 2.255173 -3.418493
v 11.812148 2.364495 -6.186224
v 11.880560 2.229213 -3.418452
v 11.782152 2.338535 -6.186183
v 11.843060 2.203286 -3.418142
v 11.744652 2.312608 -6.185874
v 11.799167 2.177816 -3.417588
v 11.700758 2.287137 -6.185319
v 11.749989 2.153226 -3.416811
v 11.651581 2.262547 -6.184542
v 11.696637 2.129941 -3.415833
v 11.598228 2.239263 -6.183565
v 11.640222 2.108385 -3.414679
v 11.541813 2.217706 -6.182410
v 11.581851 2.088982 -3.413370
v 11.483442 2.198303 -6.181101
v 11.522636 2.072155 -3.411929
v 11.424227 2.181477 -6.179660
v 11.463686 2.058330 -3.410379
v 11.365277 2.167652 -6.178111
v 11.406111 2.047930 -3.408743
v 11.307702 2.157251 -6.176474
v 11.351021 2.041378 -3.407043
v 11.252612 2.150700 -6.174774
v 11.299526 2.039101 -3.405302
v 11.201117 2.148422 -6.173033
v 9.082113 2.039101 -3.326460
v 8.983704 2.148422 -6.094192
v 9.082970 2.649739 -3.302371
v 8.984560 2.759061 -6.070103
v 9.085505 2.701409 -3.300420
v 8.987096 2.810730 -6.068151
v 9.092646 2.756992 -3.298479
v 8.994237 2.866314 -6.066210
v 9.103901 2.815316 -3.296575
v 9.005493 2.924638 -6.064307
v 9.118780 2.875206 -3.294739
v 9.020372 2.984528 -6.062470
v 9.136792 2.935487 -3.292998
v 9.038383 3.044808 -6.060730
v 9.157445 2.994985 -3.291382
v 9.059036 3.104306 -6.059114
v 9.180249 3.052526 -3.289920
v 9.081841 3.161848 -6.057652
v 9.204712 3.106936 -3.288641
v 9.106303 3.216257 -6.056373
v 9.230343 3.157039 -3.287573
v 9.131935 3.266361 -6.055305
v 9.256653 3.201663 -3.286746
v 9.158243 3.310984 -6.054478
v 9.283148 3.239632 -3.286189
v 9.184739 3.348953 -6.053920
v 9.309339 3.269772 -3.285929
v 9.210930 3.379094 -6.053661
v 9.281191 3.297956 -3.283815
v 9.182782 3.407278 -6.051547
v 9.251003 3.271812 -3.283775
v 9.152596 3.381134 -6.051506
v 9.212954 3.245374 -3.283466
v 9.114545 3.354695 -6.051198
v 9.168184 3.219131 -3.282911
v 9.069775 3.328453 -6.050642
v 9.117836 3.193573 -3.282130
v 9.019426 3.302895 -6.049861
v 9.063052 3.169190 -3.281145
v 8.964643 3.278512 -6.048877
v 9.004976 3.146471 -3.279978
v 8.906567 3.255792 -6.047709
v 8.944750 3.125904 -3.278649
v 8.846340 3.235226 -6.046380
v 8.883516 3.107980 -3.277179
v 8.785107 3.217301 -6.044911
v 8.822416 3.093186 -3.275591
v 8.724009 3.202508 -6.043323
v 8.762595 3.082014 -3.273906
v 8.664186 3.191336 -6.041637
v 8.705194 3.074952 -3.272144
v 8.606785 3.184274 -6.039875
v 8.651354 3.072489 -3.270327
v 8.552946 3.181811 -6.038058
v 8.228542 3.072489 -3.255293
v 8.130134 3.181811 -6.023025
v 8.237582 3.098742 -3.254578
v 8.139174 3.208064 -6.022309
v 8.245842 3.125941 -3.253797
v 8.147432 3.235263 -6.021528
v 8.253320 3.154250 -3.252945
v 8.154911 3.263571 -6.020676
v 8.260017 3.183830 -3.252015
v 8.161608 3.293152 -6.019746
v 8.265932 3.214846 -3.251000
v 8.167524 3.324168 -6.018731
v 8.271069 3.247460 -3.249894
v 8.172659 3.356781 -6.017626
v 8.275423 3.281836 -3.248691
v 8.177013 3.391158 -6.016423
v 8.278997 3.318136 -3.247385
v 8.180589 3.427458 -6.015116
v 8.281792 3.356524 -3.245968
v 8.183383 3.465846 -6.013699
v 8.283806 3.397163 -3.244434
v 8.185398 3.506485 -6.012166
v 8.285042 3.440215 -3.242777
v 8.186632 3.549537 -6.010509
v 8.285498 3.485845 -3.240991
v 8.187088 3.595166 -6.008723
v 8.288080 5.327155 -3.168354
v 8.189672 5.436477 -5.936085
v 8.757872 5.327155 -3.185058
v 8.659462 5.436477 -5.952789
v 8.772062 5.009586 -3.198106
v 8.673654 5.118908 -5.965837
v 8.815374 4.705425 -3.211660
v 8.716967 4.814747 -5.979391
v 8.887547 4.415160 -3.225691
v 8.789137 4.524482 -5.993423
v 8.988316 4.139280 -3.240171
v 8.889908 4.248601 -6.007902
v 9.117426 3.878274 -3.255071
v 9.019016 3.987596 -6.022802
v 9.274612 3.632633 -3.270362
v 9.176205 3.741954 -6.038094
v 9.459619 3.402844 -3.286016
v 9.361210 3.512166 -6.053748
v 9.672182 3.189398 -3.302005
v 9.573773 3.298719 -6.069736
v 9.912045 2.992783 -3.318300
v 9.813635 3.102105 -6.086031
v 10.178943 2.813490 -3.334871
v 10.080534 2.922812 -6.102603
v 10.472618 2.652007 -3.351691
v 10.374209 2.761328 -6.119423
v 10.792810 2.508823 -3.368732
v 10.694402 2.618144 -6.136463
v 10.836472 2.489017 -3.371067
v 10.738064 2.598339 -6.138798
v 10.882311 2.463112 -3.373719
v 10.783902 2.572433 -6.141451
v 10.929382 2.432053 -3.376620
v 10.830974 2.541374 -6.144351
v 10.976742 2.396785 -3.379697
v 10.878333 2.506107 -6.147429
v 11.023444 2.358256 -3.382879
v 10.925035 2.467578 -6.150611
v 11.068544 2.317411 -3.386096
v 10.970136 2.426733 -6.153828
v 11.111097 2.275196 -3.389277
v 11.012690 2.384518 -6.157008
v 11.150160 2.232557 -3.392350
v 11.051751 2.341878 -6.160081
v 11.184786 2.190439 -3.395244
v 11.086378 2.299761 -6.162976
v 11.214031 2.149790 -3.397890
v 11.115623 2.259111 -6.165621
v 11.236951 2.111554 -3.400215
v 11.138542 2.220876 -6.167946
v 11.252600 2.076679 -3.402149
v 11.154190 2.186000 -6.169880
v 11.290195 2.086073 -3.403115
v 11.191787 2.195394 -6.170846
v 11.280994 2.123412 -3.401313
v 11.182585 2.232733 -6.169044
v 11.276567 2.168710 -3.399366
v 11.178158 2.278031 -6.167098
v 11.276585 2.220531 -3.397320
v 11.178176 2.329853 -6.165051
v 11.280721 2.277441 -3.395219
v 11.182312 2.386763 -6.162951
v 11.288647 2.338005 -3.393109
v 11.190237 2.447326 -6.160840
v 11.300034 2.400787 -3.391034
v 11.201624 2.510108 -6.158765
v 11.314553 2.464351 -3.389039
v 11.216145 2.573673 -6.156771
v 11.331878 2.527263 -3.387170
v 11.233469 2.636585 -6.154902
v 11.351679 2.588088 -3.385472
v 11.253270 2.697410 -6.153203
v 11.373629 2.645390 -3.383989
v 11.275220 2.754712 -6.151720
v 11.397398 2.697734 -3.382766
v 11.298989 2.807055 -6.150498
v 11.422660 2.743684 -3.381850
v 11.324251 2.853005 -6.149581
v 11.453890 2.788607 -3.381186
v 11.355481 2.897929 -6.148917
v 11.490471 2.833758 -3.380703
v 11.392062 2.943079 -6.148435
v 11.531488 2.878582 -3.380391
v 11.433080 2.987904 -6.148122
v 11.576028 2.922526 -3.380239
v 11.477619 3.031848 -6.147970
v 11.623175 2.965035 -3.380236
v 11.524767 3.074357 -6.147967
v 11.672016 3.005554 -3.380372
v 11.573607 3.114876 -6.148104
v 11.721637 3.043529 -3.380637
v 11.623228 3.152850 -6.148368
v 11.771122 3.078404 -3.381019
v 11.672714 3.187726 -6.148750
v 11.819559 3.109627 -3.381507
v 11.721150 3.218948 -6.149239
v 11.866032 3.136641 -3.382093
v 11.767624 3.245963 -6.149824
v 11.909628 3.158893 -3.382764
v 11.811219 3.268215 -6.150496
v 11.949431 3.175828 -3.383510
v 11.851023 3.285150 -6.151242
v 11.940075 3.204011 -3.382065
v 11.841666 3.313333 -6.149796
v 11.925214 3.199509 -3.381714
v 11.826805 3.308831 -6.149446
v 11.908918 3.195399 -3.381297
v 11.810509 3.304721 -6.149028
v 11.891317 3.191681 -3.380818
v 11.792909 3.301003 -6.148549
v 11.872543 3.188354 -3.380282
v 11.774134 3.297675 -6.148013
v 11.852725 3.185418 -3.379693
v 11.754316 3.294739 -6.147425
v 11.831994 3.182874 -3.379056
v 11.733585 3.292195 -6.146788
v 11.810480 3.180721 -3.378376
v 11.712072 3.290042 -6.146108
v 11.788315 3.178959 -3.377658
v 11.689907 3.288281 -6.145390
v 11.765629 3.177589 -3.376905
v 11.667220 3.286911 -6.144637
v 11.742551 3.176611 -3.376124
v 11.644142 3.285933 -6.143855
v 11.719213 3.176023 -3.375317
v 11.620804 3.285345 -6.143048
v 11.695745 3.175828 -3.374490
v 11.597336 3.285150 -6.142222
v 11.570601 3.182118 -3.369792
v 11.472193 3.291440 -6.137524
v 11.444658 3.200314 -3.364596
v 11.346250 3.309636 -6.132327
v 11.318666 3.229405 -3.358967
v 11.220257 3.338727 -6.126698
v 11.193372 3.268380 -3.352973
v 11.094963 3.377702 -6.120704
v 11.069527 3.316228 -3.346679
v 10.971118 3.425550 -6.114410
v 10.947878 3.371936 -3.340153
v 10.849468 3.481258 -6.107885
v 10.829174 3.434495 -3.333462
v 10.730765 3.543817 -6.101193
v 10.714166 3.502893 -3.326671
v 10.615757 3.612215 -6.094402
v 10.603601 3.576119 -3.319848
v 10.505193 3.685441 -6.087579
v 10.498230 3.653161 -3.313058
v 10.399820 3.762483 -6.080790
v 10.398799 3.733008 -3.306369
v 10.300390 3.842330 -6.074100
v 10.306059 3.814650 -3.299847
v 10.207650 3.923972 -6.067578
v 10.347417 3.842953 -3.300199
v 10.249008 3.952275 -6.067930
v 10.395529 3.871191 -3.300794
v 10.297120 3.980512 -6.068526
v 10.449317 3.898907 -3.301612
v 10.350908 4.008228 -6.069344
v 10.507703 3.925643 -3.302632
v 10.409294 4.034965 -6.070364
v 10.569611 3.950946 -3.303834
v 10.471202 4.060267 -6.071565
v 10.633963 3.974356 -3.305197
v 10.535554 4.083677 -6.072928
v 10.699681 3.995417 -3.306702
v 10.601273 4.104739 -6.074433
v 10.765690 4.013673 -3.308328
v 10.667281 4.122994 -6.076059
v 10.830911 4.028667 -3.310055
v 10.732502 4.137989 -6.077786
v 10.894266 4.039943 -3.311862
v 10.795858 4.149264 -6.079593
v 10.954680 4.047043 -3.313730
v 10.856272 4.156364 -6.081461
v 11.011075 4.049511 -3.315637
v 10.912666 4.158833 -6.083368
v 11.072503 4.046668 -3.317934
v 10.974094 4.155989 -6.085665
v 11.138426 4.038507 -3.320600
v 11.040016 4.147829 -6.088331
v 11.207473 4.025584 -3.323565
v 11.109064 4.134906 -6.091297
v 11.278276 4.008454 -3.326759
v 11.179868 4.117775 -6.094491
v 11.349466 3.987670 -3.330112
v 11.251058 4.096992 -6.097843
v 11.419673 3.963787 -3.333551
v 11.321264 4.073109 -6.101283
v 11.487527 3.937359 -3.337008
v 11.389118 4.046681 -6.104739
v 11.551660 3.908942 -3.340410
v 11.453251 4.018264 -6.108142
v 11.610701 3.879090 -3.343689
v 11.512292 3.988411 -6.111420
v 11.663280 3.848357 -3.346772
v 11.564872 3.957678 -6.114503
v 11.708030 3.817297 -3.349590
v 11.609621 3.926619 -6.117321
v 11.743580 3.786467 -3.352072
v 11.645171 3.895788 -6.119803
v 11.771807 3.814650 -3.351962
v 11.673399 3.923972 -6.119694
v 11.741021 3.850238 -3.349462
v 11.642612 3.959560 -6.117193
v 11.710020 3.895025 -3.346591
v 11.611612 4.004346 -6.114322
v 11.679357 3.947640 -3.343422
v 11.580948 4.056962 -6.111154
v 11.649583 4.006714 -3.340030
v 11.551174 4.116036 -6.107761
v 11.621251 4.070877 -3.336488
v 11.522842 4.180199 -6.104220
v 11.594915 4.138758 -3.332871
v 11.496507 4.248080 -6.100602
v 11.571128 4.208988 -3.329251
v 11.472719 4.318310 -6.096982
v 11.550441 4.280197 -3.325703
v 11.452032 4.389518 -6.093434
v 11.533406 4.351014 -3.322300
v 11.434998 4.460335 -6.090032
v 11.520578 4.420069 -3.319116
v 11.422171 4.529391 -6.086848
v 11.512509 4.485994 -3.316226
v 11.414101 4.595315 -6.083957
v 11.509752 4.547417 -3.313701
v 11.411343 4.656738 -6.081433
v 11.510345 4.970166 -3.297024
v 11.411936 5.079488 -6.064756
v 11.548241 4.952596 -3.299066
v 11.449832 5.061917 -6.066797
v 11.586590 4.932937 -3.301206
v 11.488181 5.042259 -6.068937
v 11.625067 4.911452 -3.303422
v 11.526659 5.020773 -6.071154
v 11.663347 4.888401 -3.305694
v 11.564939 4.997722 -6.073425
v 11.701103 4.864045 -3.307999
v 11.602694 4.973366 -6.075730
v 11.738008 4.838645 -3.310314
v 11.639600 4.947966 -6.078045
v 11.773739 4.812462 -3.312619
v 11.675331 4.921783 -6.080350
v 11.807968 4.785758 -3.314890
v 11.709559 4.895079 -6.082622
v 11.840370 4.758792 -3.317108
v 11.741961 4.868114 -6.084839
v 11.870619 4.731826 -3.319248
v 11.772210 4.841147 -6.086980
v 11.898388 4.705122 -3.321290
v 11.799979 4.814443 -6.089022
v 11.923352 4.678939 -3.323212
v 11.824944 4.788260 -6.090944
v 11.957881 4.633157 -3.326248
v 11.859472 4.742479 -6.093980
v 11.990900 4.581211 -3.329474
v 11.892491 4.690532 -6.097206
v 12.022085 4.524371 -3.332828
v 11.923676 4.633693 -6.100559
v 12.051113 4.463911 -3.336248
v 11.952703 4.573232 -6.103980
v 12.077657 4.401102 -3.339673
v 11.979248 4.510423 -6.107404
v 12.101394 4.337216 -3.343040
v 12.002985 4.446537 -6.110772
v 12.122000 4.273526 -3.346289
v 12.023590 4.382848 -6.114020
v 12.139149 4.211305 -3.349356
v 12.040739 4.320626 -6.117087
v 12.152517 4.151823 -3.352181
v 12.054109 4.261144 -6.119912
v 12.161781 4.096353 -3.354701
v 12.063372 4.205675 -6.122433
v 12.166615 4.046167 -3.356855
v 12.068206 4.155489 -6.124587
v 12.166695 4.002539 -3.358581
v 12.068286 4.111860 -6.126313
v 12.204278 4.002539 -3.359918
v 12.105869 4.111860 -6.127649
v 12.210102 4.045602 -3.358424
v 12.111693 4.154924 -6.126155
v 12.222328 4.094178 -3.356940
v 12.123919 4.203500 -6.124671
v 12.240303 4.147125 -3.355488
v 12.141893 4.256447 -6.123219
v 12.263371 4.203302 -3.354089
v 12.164962 4.312624 -6.121820
v 12.290878 4.261566 -3.352766
v 12.192470 4.370887 -6.120497
v 12.322172 4.320776 -3.351540
v 12.223763 4.430098 -6.119271
v 12.356598 4.379790 -3.350433
v 12.258188 4.489112 -6.118164
v 12.393500 4.437467 -3.349467
v 12.295092 4.546789 -6.117198
v 12.432227 4.492665 -3.348663
v 12.333818 4.601986 -6.116395
v 12.472123 4.544242 -3.348044
v 12.373714 4.653563 -6.115776
v 12.512534 4.591056 -3.347632
v 12.414125 4.700378 -6.115364
v 12.552806 4.631967 -3.347448
v 12.454397 4.741288 -6.115180
v 12.619236 4.690867 -3.347484
v 12.520827 4.800189 -6.115215
v 12.686775 4.750093 -3.347546
v 12.588367 4.859415 -6.115277
v 12.755359 4.809581 -3.347635
v 12.656950 4.918902 -6.115366
v 12.824922 4.869264 -3.347751
v 12.726513 4.978585 -6.115482
v 12.895398 4.929077 -3.347894
v 12.796989 5.038399 -6.115625
v 12.966723 4.988955 -3.348065
v 12.868315 5.098277 -6.115796
v 13.038831 5.048834 -3.348264
v 12.940422 5.158155 -6.115995
v 13.111656 5.108647 -3.348490
v 13.013247 5.217969 -6.116222
v 13.185134 5.168330 -3.348745
v 13.086725 5.277652 -6.116477
v 13.259198 5.227818 -3.349029
v 13.160789 5.337139 -6.116761
v 13.333785 5.287044 -3.349342
v 13.235376 5.396366 -6.117073
v 13.408827 5.345944 -3.349684
v 13.310419 5.455266 -6.117415
v 10.511248 4.491034 -3.280426
v 10.412838 4.600355 -6.048157
v 10.504061 4.430638 -3.282556
v 10.405653 4.539960 -6.050287
v 10.492695 4.367307 -3.284653
v 10.394287 4.476629 -6.052385
v 10.477608 4.302117 -3.286692
v 10.379199 4.411438 -6.054423
v 10.459256 4.236144 -3.288645
v 10.360847 4.345466 -6.056376
v 10.438100 4.170465 -3.290487
v 10.339691 4.279786 -6.058218
v 10.414597 4.106155 -3.292192
v 10.316188 4.215477 -6.059923
v 10.389204 4.044292 -3.293732
v 10.290794 4.153614 -6.061463
v 10.362381 3.985952 -3.295083
v 10.263972 4.095273 -6.062814
v 10.334585 3.932211 -3.296217
v 10.236176 4.041533 -6.063949
v 10.306276 3.884146 -3.297109
v 10.207868 3.993468 -6.064841
v 10.277911 3.842834 -3.297732
v 10.179502 3.952155 -6.065464
v 10.183689 3.941290 -3.290493
v 10.085280 4.050612 -6.058225
v 10.098021 4.044118 -3.283386
v 9.999611 4.153440 -6.051117
v 10.020840 4.151383 -3.276405
v 9.922432 4.260705 -6.044136
v 9.952084 4.263148 -3.269546
v 9.853674 4.372470 -6.037277
v 9.891685 4.379480 -3.262803
v 9.793276 4.488802 -6.030535
v 9.839579 4.500444 -3.256173
v 9.741171 4.609766 -6.023904
v 9.795702 4.626106 -3.249649
v 9.697292 4.735427 -6.017380
v 9.759987 4.756530 -3.243227
v 9.661578 4.865851 -6.010959
v 9.732370 4.891781 -3.236903
v 9.633961 5.001103 -6.004635
v 9.712786 5.031926 -3.230671
v 9.614376 5.141248 -5.998403
v 9.701168 5.177029 -3.224527
v 9.602758 5.286350 -5.992259
v 9.697453 5.327155 -3.218465
v 9.599044 5.436477 -5.986197
v 10.514889 5.327155 -3.247530
v 10.416480 5.436477 -6.015261
v 10.513796 4.547417 -3.278289
v 10.415386 4.656738 -6.046021
v 6.354544 3.850455 -3.157933
v 6.256135 3.959777 -5.925665
v 6.352586 3.900679 -3.155880
v 6.254178 4.010000 -5.923612
v 6.353700 3.954686 -3.153786
v 6.255291 4.064008 -5.921518
v 6.357656 4.011238 -3.151693
v 6.259248 4.120559 -5.919425
v 6.364224 4.069094 -3.149642
v 6.265816 4.178415 -5.917373
v 6.373173 4.127015 -3.147672
v 6.274765 4.236337 -5.915403
v 6.384274 4.183763 -3.145825
v 6.285866 4.293084 -5.913557
v 6.397297 4.238096 -3.144142
v 6.298889 4.347417 -5.911874
v 6.412011 4.288776 -3.142663
v 6.313602 4.398098 -5.910395
v 6.428186 4.334563 -3.141430
v 6.329778 4.443884 -5.909162
v 6.445592 4.374217 -3.140483
v 6.347184 4.483539 -5.908214
v 6.464000 4.406500 -3.139862
v 6.365592 4.515821 -5.907594
v 6.435839 4.425289 -3.138119
v 6.337430 4.534610 -5.905850
v 6.413619 4.396605 -3.138462
v 6.315210 4.505927 -5.906193
v 6.385168 4.367270 -3.138609
v 6.286759 4.476591 -5.906340
v 6.351300 4.337803 -3.138568
v 6.252892 4.447125 -5.906300
v 6.312833 4.308728 -3.138349
v 6.214425 4.418050 -5.906081
v 6.270583 4.280567 -3.137959
v 6.172175 4.389888 -5.905691
v 6.225367 4.253840 -3.137407
v 6.126959 4.363162 -5.905138
v 6.177999 4.229071 -3.136701
v 6.079591 4.338393 -5.904433
v 6.129297 4.206781 -3.135850
v 6.030890 4.316103 -5.903582
v 6.080079 4.187492 -3.134862
v 5.981671 4.296814 -5.902594
v 6.031158 4.171726 -3.133745
v 5.932751 4.281048 -5.901477
v 5.983353 4.160005 -3.132509
v 5.884945 4.269326 -5.900240
v 5.937478 4.152850 -3.131160
v 5.839070 4.262171 -5.898891
v 5.890498 4.152850 -3.129490
v 5.792090 4.262171 -5.897221
v 5.840810 4.153089 -3.127714
v 5.742402 4.262411 -5.895445
v 5.790538 4.153981 -3.125891
v 5.692130 4.263302 -5.893622
v 5.739875 4.155786 -3.124018
v 5.641467 4.265107 -5.891750
v 5.689018 4.158765 -3.122092
v 5.590611 4.268086 -5.889824
v 5.638164 4.163179 -3.120110
v 5.539756 4.272501 -5.887841
v 5.587506 4.169290 -3.118067
v 5.489099 4.278612 -5.885798
v 5.537244 4.177358 -3.115962
v 5.438836 4.286680 -5.883693
v 5.487571 4.187644 -3.113789
v 5.389163 4.296966 -5.881520
v 5.438685 4.200409 -3.111547
v 5.340278 4.309731 -5.879278
v 5.390782 4.215914 -3.109231
v 5.292375 4.325236 -5.876963
v 5.344057 4.234420 -3.106839
v 5.245649 4.343742 -5.874570
v 5.298707 4.256188 -3.104366
v 5.200299 4.365510 -5.872098
v 5.336118 4.284677 -3.104571
v 5.237710 4.393998 -5.872303
v 5.381652 4.313426 -3.105055
v 5.283244 4.422747 -5.872787
v 5.434038 4.341913 -3.105792
v 5.335630 4.451235 -5.873524
v 5.492002 4.369618 -3.106759
v 5.393595 4.478940 -5.874490
v 5.554271 4.396018 -3.107930
v 5.455863 4.505340 -5.875661
v 5.619570 4.420591 -3.109281
v 5.521162 4.529913 -5.877013
v 5.686628 4.442816 -3.110788
v 5.588221 4.552138 -5.878519
v 5.754170 4.462171 -3.112425
v 5.655763 4.571492 -5.880156
v 5.820927 4.478133 -3.114168
v 5.722519 4.587454 -5.881899
v 5.885621 4.490180 -3.115992
v 5.787213 4.599502 -5.883724
v 5.946982 4.497791 -3.117873
v 5.848575 4.607113 -5.885605
v 6.003736 4.500444 -3.119787
v 5.905329 4.609766 -5.887518
v 6.088299 4.500444 -3.122793
v 5.989891 4.609766 -5.890524
v 6.139788 4.498167 -3.124714
v 6.041380 4.607488 -5.892445
v 6.194859 4.491615 -3.126931
v 6.096451 4.600937 -5.894662
v 6.252404 4.481215 -3.129387
v 6.153996 4.590537 -5.897119
v 6.311316 4.467390 -3.132028
v 6.212908 4.576712 -5.899760
v 6.370483 4.450563 -3.134797
v 6.272075 4.559885 -5.902528
v 6.428800 4.431160 -3.137636
v 6.330391 4.540482 -5.905368
v 6.485156 4.409604 -3.140492
v 6.386747 4.518926 -5.908223
v 6.538442 4.386319 -3.143306
v 6.440033 4.495641 -5.911037
v 6.587551 4.361730 -3.146024
v 6.489142 4.471051 -5.913755
v 6.631373 4.336259 -3.148588
v 6.532965 4.445580 -5.916319
v 6.668800 4.310332 -3.150942
v 6.570392 4.419653 -5.918674
v 6.698724 4.284372 -3.153032
v 6.600315 4.393693 -5.920763
v 6.717542 4.303161 -3.152959
v 6.619133 4.412482 -5.920690
v 6.691619 4.333117 -3.150854
v 6.593210 4.442438 -5.918585
v 6.665740 4.370575 -3.148454
v 6.567332 4.479897 -5.916185
v 6.640328 4.414426 -3.145818
v 6.541919 4.523748 -5.913550
v 6.615804 4.463562 -3.143006
v 6.517395 4.572884 -5.910737
v 6.592591 4.516874 -3.140075
v 6.494182 4.626195 -5.907806
v 6.571110 4.573251 -3.137084
v 6.472702 4.682573 -5.904816
v 6.551786 4.631586 -3.134093
v 6.453378 4.740908 -5.901824
v 6.535041 4.690769 -3.131160
v 6.436633 4.800090 -5.898891
v 6.521297 4.749691 -3.128344
v 6.422888 4.859012 -5.896075
v 6.510975 4.807242 -3.125704
v 6.412567 4.916564 -5.893435
v 6.504501 4.862315 -3.123298
v 6.406092 4.971637 -5.891029
v 6.502295 4.913800 -3.121186
v 6.403886 5.023121 -5.888917
v 6.502875 5.327155 -3.104880
v 6.404466 5.436477 -5.872611
v 7.348498 5.327155 -3.134946
v 7.250090 5.436477 -5.902678
v 7.346482 3.889806 -3.191648
v 7.248074 3.999127 -5.959380
v 7.346285 3.818576 -3.194455
v 7.247876 3.927898 -5.962186
v 7.345516 3.759154 -3.196774
v 7.247108 3.868476 -5.964506
v 7.343588 3.710432 -3.198630
v 7.245179 3.819753 -5.966362
v 7.339912 3.671299 -3.200045
v 7.241503 3.780620 -5.967777
v 7.333899 3.640647 -3.201042
v 7.235490 3.749969 -5.968774
v 7.324960 3.617367 -3.201644
v 7.226551 3.726689 -5.969375
v 7.312506 3.600350 -3.201873
v 7.214097 3.709672 -5.969604
v 7.295949 3.588488 -3.201753
v 7.197540 3.697810 -5.969484
v 7.274700 3.580670 -3.201306
v 7.176291 3.689991 -5.969038
v 7.248169 3.575788 -3.200556
v 7.149760 3.685110 -5.968287
v 7.215768 3.572732 -3.199524
v 7.117360 3.682054 -5.967256
v 7.176909 3.570395 -3.198235
v 7.078500 3.679716 -5.965967
v 6.622556 3.570395 -3.178525
v 6.524147 3.679716 -5.946256
v 6.584548 3.572863 -3.177076
v 6.486139 3.682185 -5.944807
v 6.550226 3.576049 -3.175730
v 6.451818 3.685371 -5.943461
v 6.519364 3.580670 -3.174450
v 6.420955 3.689992 -5.942181
v 6.491735 3.587444 -3.173200
v 6.393327 3.696766 -5.940931
v 6.467112 3.597089 -3.171943
v 6.368703 3.706410 -5.939675
v 6.445267 3.610322 -3.170644
v 6.346858 3.719643 -5.938375
v 6.425972 3.627860 -3.169265
v 6.327564 3.737181 -5.936996
v 6.409001 3.650422 -3.167771
v 6.310593 3.759743 -5.935502
v 6.394126 3.678724 -3.166124
v 6.295718 3.788046 -5.933855
v 6.381120 3.713486 -3.164289
v 6.282711 3.822808 -5.932020
v 6.369754 3.755424 -3.162228
v 6.271346 3.864746 -5.929959
v 6.359803 3.805255 -3.159906
v 6.261395 3.914577 -5.927637
v 11.578773 2.829522 -3.384010
v 11.480365 2.938843 -6.151742
v 11.627771 2.815055 -3.386323
v 11.529363 2.924376 -6.154055
v 11.681264 2.794912 -3.389021
v 11.582855 2.904234 -6.156753
v 11.737978 2.769779 -3.392030
v 11.639570 2.879101 -6.159762
v 11.796644 2.740340 -3.395279
v 11.698236 2.849661 -6.163011
v 11.855990 2.707280 -3.398695
v 11.757582 2.816602 -6.166427
v 11.914745 2.671284 -3.402206
v 11.816337 2.780606 -6.169937
v 11.971638 2.633038 -3.405739
v 11.873229 2.742359 -6.173471
v 12.025396 2.593226 -3.409223
v 11.926988 2.702547 -6.176955
v 12.074749 2.552533 -3.412585
v 11.976339 2.661855 -6.180317
v 12.118423 2.511644 -3.415753
v 12.020016 2.620966 -6.183485
v 12.155151 2.471245 -3.418655
v 12.056743 2.580566 -6.186386
v 12.189680 2.425463 -3.421691
v 12.091271 2.534785 -6.189423
v 12.222699 2.373517 -3.424917
v 12.124290 2.482838 -6.192648
v 12.253884 2.316677 -3.428271
v 12.155476 2.425999 -6.196002
v 12.282911 2.256217 -3.431691
v 12.184503 2.365538 -6.199422
v 12.309456 2.193408 -3.435116
v 12.211047 2.302729 -6.202847
v 12.333193 2.129522 -3.438483
v 12.234784 2.238844 -6.206214
v 12.353798 2.065832 -3.441731
v 12.255389 2.175154 -6.209463
v 12.370947 2.003611 -3.444799
v 12.272539 2.112932 -6.212530
v 12.384315 1.944129 -3.447623
v 12.285908 2.053450 -6.215355
v 12.393579 1.888659 -3.450144
v 12.295171 1.997981 -6.217875
v 12.398414 1.838474 -3.452298
v 12.300005 1.947795 -6.220029
v 12.398494 1.794845 -3.454024
v 12.300085 1.904167 -6.221756
v 12.436077 1.794845 -3.455360
v 12.337668 1.904167 -6.223092
v 12.441722 1.837909 -3.453860
v 12.343313 1.947230 -6.221591
v 12.453475 1.886484 -3.452359
v 12.355066 1.995806 -6.220091
v 12.470780 1.939431 -3.450883
v 12.372372 2.048753 -6.218615
v 12.493082 1.995608 -3.449457
v 12.394673 2.104929 -6.217189
v 12.519823 2.053872 -3.448107
v 12.421414 2.163193 -6.215838
v 12.550447 2.113082 -3.446857
v 12.452040 2.222403 -6.214588
v 12.584400 2.172096 -3.445733
v 12.485991 2.281418 -6.213465
v 12.621123 2.229773 -3.444761
v 12.522715 2.339095 -6.212492
v 12.660062 2.284971 -3.443965
v 12.561653 2.394292 -6.211697
v 12.700659 2.336548 -3.443371
v 12.602250 2.445869 -6.211102
v 12.742359 2.383362 -3.443005
v 12.643950 2.492684 -6.210736
v 12.784605 2.424273 -3.442891
v 12.686196 2.533594 -6.210622
v 12.864965 2.494916 -3.442958
v 12.766557 2.604238 -6.210690
v 12.946142 2.565885 -3.443041
v 12.847733 2.675207 -6.210773
v 13.028168 2.637116 -3.443144
v 12.929758 2.746437 -6.210876
v 13.111073 2.708541 -3.443271
v 13.012665 2.817863 -6.211002
v 13.194894 2.780098 -3.443424
v 13.096485 2.889420 -6.211156
v 13.279659 2.851720 -3.443609
v 13.181251 2.961041 -6.211341
v 13.365404 2.923342 -3.443829
v 13.266996 3.032663 -6.211561
v 13.452161 2.994899 -3.444088
v 13.353752 3.104220 -6.211819
v 13.539961 3.066324 -3.444388
v 13.441552 3.175646 -6.212120
v 13.628837 3.137555 -3.444735
v 13.530428 3.246876 -6.212466
v 13.718822 3.208524 -3.445131
v 13.620413 3.317846 -6.212862
v 13.809949 3.279167 -3.445580
v 13.711540 3.388489 -6.213312
v 13.852541 3.311232 -3.445828
v 13.754132 3.420554 -6.213560
v 13.899861 3.341536 -3.446314
v 13.801453 3.450857 -6.214046
v 13.951159 3.369882 -3.447018
v 13.852751 3.479204 -6.214750
v 14.005685 3.396076 -3.447922
v 13.907276 3.505397 -6.215654
v 14.062686 3.419920 -3.449007
v 13.964277 3.529242 -6.216739
v 14.121412 3.441221 -3.450254
v 14.023004 3.550543 -6.217985
v 14.181114 3.459782 -3.451643
v 14.082705 3.569103 -6.219375
v 14.241039 3.475407 -3.453157
v 14.142631 3.584728 -6.220889
v 14.300439 3.487900 -3.454776
v 14.202030 3.597221 -6.222507
v 14.358561 3.497066 -3.456480
v 14.260153 3.606388 -6.224212
v 14.414656 3.502709 -3.458252
v 14.316247 3.612031 -6.225983
v 14.467972 3.504633 -3.460072
v 14.369563 3.613955 -6.227803
v 14.477421 3.542211 -3.458923
v 14.379012 3.651533 -6.226655
v 14.434552 3.549948 -3.457093
v 14.336143 3.659269 -6.224825
v 14.386537 3.563393 -3.454855
v 14.288128 3.672714 -6.222587
v 14.334484 3.581991 -3.452270
v 14.236075 3.691313 -6.220001
v 14.279501 3.605189 -3.449399
v 14.181092 3.714510 -6.217130
v 14.222696 3.632432 -3.446303
v 14.124288 3.741754 -6.214034
v 14.165179 3.663165 -3.443044
v 14.066771 3.772487 -6.210775
v 14.108058 3.696834 -3.439683
v 14.009649 3.806155 -6.207414
v 14.052441 3.732884 -3.436281
v 13.954032 3.842206 -6.204013
v 13.999435 3.770761 -3.432901
v 13.901027 3.880082 -6.200632
v 13.950151 3.809909 -3.429602
v 13.851743 3.919231 -6.197333
v 13.905697 3.849776 -3.426447
v 13.807288 3.959098 -6.194178
v 13.867180 3.889806 -3.423496
v 13.768771 3.999127 -6.191227
v 13.834627 3.933059 -3.420630
v 13.736218 4.042381 -6.188362
v 13.802931 3.982184 -3.417563
v 13.704522 4.091506 -6.185294
v 13.772546 4.036007 -3.414357
v 13.674137 4.145329 -6.182088
v 13.743928 4.093352 -3.411074
v 13.645519 4.202673 -6.178805
v 13.717531 4.153045 -3.407778
v 13.619123 4.262367 -6.175509
v 13.693811 4.213913 -3.404530
v 13.595404 4.323235 -6.172261
v 13.673224 4.274782 -3.401394
v 13.574816 4.384103 -6.169126
v 13.656223 4.334476 -3.398432
v 13.557815 4.443797 -6.166163
v 13.643266 4.391821 -3.395706
v 13.544857 4.501143 -6.163437
v 13.634804 4.445643 -3.393279
v 13.536395 4.554965 -6.161010
v 13.631295 4.494769 -3.391214
v 13.532887 4.604090 -6.158945
v 13.633194 4.538022 -3.389573
v 13.534785 4.647344 -6.157304
v 13.595611 4.538022 -3.388237
v 13.497202 4.647344 -6.155968
v 13.587446 4.497503 -3.389547
v 13.489038 4.606825 -6.157278
v 13.572913 4.451863 -3.390833
v 13.474504 4.561184 -6.158564
v 13.552698 4.402243 -3.392074
v 13.454289 4.511564 -6.159805
v 13.527488 4.349785 -3.393250
v 13.429079 4.459106 -6.160981
v 13.497968 4.295631 -3.394339
v 13.399559 4.404953 -6.162070
v 13.464827 4.240922 -3.395321
v 13.366418 4.350244 -6.163053
v 13.428750 4.186801 -3.396176
v 13.330341 4.296123 -6.163908
v 13.390424 4.134409 -3.396883
v 13.292015 4.243731 -6.164615
v 13.350536 4.084887 -3.397421
v 13.252128 4.194209 -6.165153
v 13.309774 4.039377 -3.397769
v 13.211365 4.148699 -6.165501
v 13.268823 3.999021 -3.397907
v 13.170414 4.108343 -6.165639
v 13.228370 3.964961 -3.397814
v 13.129961 4.074283 -6.165545
v 13.137246 3.896660 -3.397272
v 13.038837 4.005982 -6.165004
v 13.047264 3.828001 -3.396785
v 12.948856 3.937323 -6.164516
v 12.958391 3.759017 -3.396349
v 12.859982 3.868339 -6.164081
v 12.870594 3.689738 -3.395964
v 12.772186 3.799060 -6.163696
v 12.783841 3.620199 -3.395626
v 12.685432 3.729520 -6.163358
v 12.698099 3.550431 -3.395334
v 12.599690 3.659752 -6.163065
v 12.613336 3.480467 -3.395083
v 12.514927 3.589789 -6.162815
v 12.529517 3.410341 -3.394873
v 12.431108 3.519662 -6.162604
v 12.446612 3.340084 -3.394700
v 12.348204 3.449405 -6.162432
v 12.364589 3.269729 -3.394563
v 12.266180 3.379050 -6.162294
v 12.283413 3.199308 -3.394458
v 12.185004 3.308630 -6.162189
v 12.203053 3.128856 -3.394383
v 12.104644 3.238177 -6.162115
v 12.159558 3.093898 -3.394218
v 12.061150 3.203220 -6.161949
v 12.109867 3.059789 -3.393798
v 12.011458 3.169111 -6.161530
v 12.055219 3.026985 -3.393151
v 11.956810 3.136306 -6.160882
v 11.996854 2.995942 -3.392302
v 11.898445 3.105263 -6.160033
v 11.936012 2.967117 -3.391277
v 11.837605 3.076438 -6.159009
v 11.873936 2.940967 -3.390103
v 11.775527 3.050288 -6.157834
v 11.811863 2.917949 -3.388805
v 11.713454 3.027270 -6.156536
v 11.751034 2.898518 -3.387410
v 11.652626 3.007840 -6.155141
v 11.692692 2.883132 -3.385943
v 11.594282 2.992454 -6.153674
v 11.638074 2.872248 -3.384431
v 11.539665 2.981570 -6.152163
v 11.588422 2.866323 -3.382900
v 11.490013 2.975644 -6.150631
v 11.544976 2.865811 -3.381375
v 11.446568 2.975133 -6.149107
v 11.535542 2.837628 -3.382153
v 11.437133 2.946949 -6.149884
v -4.329310 -0.605038 -2.954047
v -4.427718 -0.495716 -5.721779
v -4.301126 -0.645318 -2.956640
v -4.399533 -0.535996 -5.724372
v -4.273471 -0.692187 -2.959475
v -4.371879 -0.582865 -5.727206
v -4.246804 -0.744438 -2.962487
v -4.345212 -0.635116 -5.730218
v -4.221576 -0.800864 -2.965613
v -4.319983 -0.691543 -5.733344
v -4.198245 -0.860259 -2.968788
v -4.296653 -0.750937 -5.736520
v -4.177266 -0.921415 -2.971950
v -4.275674 -0.812094 -5.739681
v -4.159095 -0.983126 -2.975034
v -4.257503 -0.873804 -5.742765
v -4.144183 -1.044184 -2.977975
v -4.242591 -0.934863 -5.745707
v -4.132991 -1.103384 -2.980712
v -4.231399 -0.994062 -5.748443
v -4.125968 -1.159516 -2.983179
v -4.224376 -1.050195 -5.750910
v -4.123572 -1.211376 -2.985312
v -4.221980 -1.102054 -5.753044
v -4.126117 -1.265394 -2.987355
v -4.224524 -1.156073 -5.755087
v -4.133300 -1.323327 -2.989388
v -4.231708 -1.214005 -5.757120
v -4.144660 -1.383999 -2.991381
v -4.243068 -1.274678 -5.759112
v -4.159745 -1.446237 -2.993303
v -4.258153 -1.336916 -5.761034
v -4.178090 -1.508867 -2.995124
v -4.276498 -1.399545 -5.762856
v -4.199241 -1.570714 -2.996815
v -4.297648 -1.461392 -5.764546
v -4.222739 -1.630603 -2.998345
v -4.321147 -1.521281 -5.766077
v -4.248126 -1.687361 -2.999684
v -4.346534 -1.578040 -5.767416
v -4.274941 -1.739814 -3.000803
v -4.373349 -1.630492 -5.768534
v -4.302726 -1.786786 -3.001670
v -4.401134 -1.677464 -5.769402
v -4.331025 -1.827103 -3.002256
v -4.429433 -1.717782 -5.769988
v -4.359376 -1.859593 -3.002532
v -4.457784 -1.750271 -5.770263
v -4.331229 -1.887776 -3.004646
v -4.429637 -1.778454 -5.772377
v -4.298701 -1.859473 -3.004684
v -4.397109 -1.750151 -5.772416
v -4.258376 -1.831235 -3.005003
v -4.356784 -1.721914 -5.772734
v -4.211461 -1.803519 -3.005576
v -4.309869 -1.694198 -5.773307
v -4.159163 -1.776782 -3.006379
v -4.257571 -1.667461 -5.774111
v -4.102695 -1.751480 -3.007388
v -4.201102 -1.642159 -5.775119
v -4.043258 -1.728070 -3.008576
v -4.141665 -1.618749 -5.776308
v -3.982064 -1.707009 -3.009920
v -4.080472 -1.597687 -5.777652
v -3.920318 -1.688753 -3.011395
v -4.018725 -1.579431 -5.779126
v -3.859229 -1.673759 -3.012975
v -3.957637 -1.564437 -5.780706
v -3.800006 -1.662483 -3.014635
v -3.898414 -1.553162 -5.782366
v -3.743855 -1.655383 -3.016351
v -3.842263 -1.546062 -5.784082
v -3.691985 -1.652915 -3.018098
v -3.790393 -1.543593 -5.785829
v 0.855592 -1.652915 -3.179790
v 0.757184 -1.543593 -5.947521
v 0.904737 -1.655193 -3.181627
v 0.806330 -1.545871 -5.949359
v 0.957499 -1.661744 -3.183762
v 0.859091 -1.552422 -5.951493
v 1.012799 -1.672144 -3.186139
v 0.914392 -1.562822 -5.953871
v 1.069563 -1.685969 -3.188704
v 0.971155 -1.576648 -5.956435
v 1.126714 -1.702796 -3.191400
v 1.028306 -1.593474 -5.959131
v 1.183175 -1.722199 -3.194174
v 1.084767 -1.612877 -5.961905
v 1.237873 -1.743755 -3.196970
v 1.139465 -1.634433 -5.964702
v 1.289728 -1.767040 -3.199734
v 1.191320 -1.657718 -5.967465
v 1.337668 -1.791630 -3.202410
v 1.239261 -1.682308 -5.970141
v 1.380615 -1.817100 -3.204943
v 1.282207 -1.707778 -5.972674
v 1.417493 -1.843027 -3.207278
v 1.319085 -1.733706 -5.975009
v 1.447226 -1.868987 -3.209361
v 1.348818 -1.759665 -5.977092
v 1.475453 -1.840804 -3.209251
v 1.377046 -1.731482 -5.976982
v 1.449530 -1.811038 -3.207154
v 1.351122 -1.701717 -5.974885
v 1.423651 -1.774129 -3.204775
v 1.325243 -1.664808 -5.972507
v 1.398236 -1.731153 -3.202174
v 1.299829 -1.621831 -5.969906
v 1.373712 -1.683186 -3.199408
v 1.275304 -1.573864 -5.967139
v 1.350496 -1.631304 -3.196533
v 1.252089 -1.521983 -5.964264
v 1.329013 -1.576585 -3.193608
v 1.230605 -1.467263 -5.961339
v 1.309688 -1.520104 -3.190690
v 1.211280 -1.410783 -5.958421
v 1.292939 -1.462938 -3.187836
v 1.194531 -1.353617 -5.955568
v 1.279191 -1.406164 -3.185105
v 1.180783 -1.296842 -5.952837
v 1.268867 -1.350857 -3.182553
v 1.170459 -1.241536 -5.950285
v 1.262389 -1.298095 -3.180239
v 1.163981 -1.188774 -5.947970
v 1.260180 -1.248954 -3.178219
v 1.161772 -1.139632 -5.945951
v 1.260746 -0.844993 -3.162284
v 1.162338 -0.735671 -5.930015
v 1.458032 -0.863782 -3.170040
v 1.359624 -0.754460 -5.937772
v 1.482229 -0.867452 -3.171046
v 1.383821 -0.758130 -5.938777
v 1.507564 -0.873568 -3.172188
v 1.409156 -0.764246 -5.939919
v 1.533614 -0.881837 -3.173441
v 1.435206 -0.772515 -5.941173
v 1.559954 -0.891965 -3.174778
v 1.461546 -0.782644 -5.942509
v 1.586162 -0.903659 -3.176171
v 1.487754 -0.794338 -5.943903
v 1.611814 -0.916626 -3.177596
v 1.513407 -0.807304 -5.945327
v 1.636486 -0.930570 -3.179024
v 1.538078 -0.821249 -5.946755
v 1.659753 -0.945200 -3.180429
v 1.561345 -0.835879 -5.948160
v 1.681193 -0.960222 -3.181784
v 1.582786 -0.850900 -5.949516
v 1.700382 -0.975341 -3.183064
v 1.601974 -0.866019 -5.950795
v 1.716897 -0.990264 -3.184240
v 1.618489 -0.880943 -5.951972
v 1.730312 -1.004698 -3.185287
v 1.631905 -0.895377 -5.953019
v 1.758539 -0.976515 -3.185178
v 1.660131 -0.867193 -5.952909
v 1.746849 -0.960738 -3.184139
v 1.648441 -0.851416 -5.951870
v 1.735359 -0.941895 -3.182986
v 1.636951 -0.832573 -5.950718
v 1.724264 -0.920442 -3.181745
v 1.625856 -0.811120 -5.949476
v 1.713759 -0.896836 -3.180439
v 1.615352 -0.787515 -5.948170
v 1.704040 -0.871534 -3.179094
v 1.605632 -0.762213 -5.946825
v 1.695301 -0.844993 -3.177735
v 1.596893 -0.735671 -5.945466
v 1.687739 -0.817669 -3.176386
v 1.589332 -0.708347 -5.944118
v 1.681546 -0.790018 -3.175074
v 1.583138 -0.680696 -5.942805
v 1.676920 -0.762498 -3.173823
v 1.578512 -0.653176 -5.941554
v 1.674054 -0.735565 -3.172657
v 1.575646 -0.626243 -5.940388
v 1.673145 -0.709676 -3.171602
v 1.574738 -0.600354 -5.939333
v 1.674385 -0.685287 -3.170683
v 1.575977 -0.575966 -5.938414
v 1.682349 -0.574647 -3.166596
v 1.583941 -0.465326 -5.934327
v 1.691755 -0.459342 -3.162376
v 1.593348 -0.350021 -5.930107
v 1.702470 -0.340189 -3.158051
v 1.604062 -0.230867 -5.925782
v 1.714365 -0.218001 -3.153647
v 1.615957 -0.108679 -5.921379
v 1.727306 -0.093595 -3.149193
v 1.628899 0.015726 -5.916925
v 1.741163 0.032213 -3.144717
v 1.642756 0.141535 -5.912448
v 1.755804 0.158609 -3.140245
v 1.657396 0.267930 -5.907976
v 1.771097 0.284776 -3.135805
v 1.672689 0.394097 -5.903537
v 1.786911 0.409899 -3.131425
v 1.688503 0.519220 -5.899157
v 1.803113 0.533163 -3.127133
v 1.704705 0.642485 -5.894864
v 1.819572 0.653752 -3.122955
v 1.721165 0.763074 -5.890686
v 1.836157 0.770851 -3.118919
v 1.737749 0.880173 -5.886651
v 1.843562 0.817269 -3.117349
v 1.745154 0.926590 -5.885080
v 1.855865 0.866622 -3.115837
v 1.757458 0.975944 -5.883569
v 1.872478 0.917933 -3.114401
v 1.774070 1.027254 -5.882133
v 1.892811 0.970222 -3.113059
v 1.794403 1.079543 -5.880790
v 1.916277 1.022511 -3.111828
v 1.817869 1.131833 -5.879559
v 1.942286 1.073822 -3.110726
v 1.843878 1.183143 -5.878457
v 1.970248 1.123175 -3.109771
v 1.871840 1.232497 -5.877502
v 1.999578 1.169593 -3.108980
v 1.901170 1.278914 -5.876711
v 2.029684 1.212096 -3.108371
v 1.931276 1.321418 -5.876103
v 2.059979 1.249707 -3.107963
v 1.961572 1.359028 -5.875695
v 2.089875 1.281446 -3.107772
v 1.991467 1.390767 -5.875504
v 2.118783 1.306334 -3.107817
v 2.020375 1.415656 -5.875549
v 2.090634 1.334517 -3.105703
v 1.992227 1.443839 -5.873435
v 2.066642 1.316142 -3.105576
v 1.968234 1.425463 -5.873307
v 2.037429 1.298679 -3.105227
v 1.939021 1.408001 -5.872958
v 2.003651 1.282261 -3.104675
v 1.905243 1.391582 -5.872406
v 1.965960 1.267017 -3.103936
v 1.867552 1.376338 -5.871668
v 1.925007 1.253077 -3.103031
v 1.826599 1.362399 -5.870762
v 1.881447 1.240573 -3.101976
v 1.783039 1.349895 -5.869708
v 1.835931 1.229635 -3.100790
v 1.737523 1.338956 -5.868521
v 1.789112 1.220392 -3.099490
v 1.690704 1.329714 -5.867222
v 1.741644 1.212977 -3.098095
v 1.643236 1.322299 -5.865827
v 1.694180 1.207519 -3.096623
v 1.595772 1.316840 -5.864355
v 1.647369 1.204148 -3.095092
v 1.548962 1.313469 -5.862823
v 1.601868 1.202995 -3.093520
v 1.503460 1.312317 -5.861251
v 1.592663 1.203180 -3.093185
v 1.494255 1.312502 -5.860917
v 1.583817 1.203691 -3.092850
v 1.485410 1.313013 -5.860582
v 1.575297 1.204463 -3.092517
v 1.476890 1.313785 -5.860249
v 1.567072 1.205431 -3.092186
v 1.468664 1.314753 -5.859918
v 1.559108 1.206529 -3.091860
v 1.460700 1.315851 -5.859591
v 1.551372 1.207693 -3.091539
v 1.452964 1.317014 -5.859270
v 1.543831 1.208856 -3.091225
v 1.445423 1.318178 -5.858956
v 1.536455 1.209954 -3.090919
v 1.438047 1.319276 -5.858651
v 1.529208 1.210922 -3.090623
v 1.430800 1.320244 -5.858355
v 1.522058 1.211694 -3.090338
v 1.423651 1.321015 -5.858070
v 1.514975 1.212205 -3.090066
v 1.416567 1.321527 -5.857798
v 1.507922 1.212390 -3.089808
v 1.409514 1.321712 -5.857540
v 1.461506 1.221888 -3.087783
v 1.363098 1.331209 -5.855515
v 1.412127 1.235920 -3.085473
v 1.313719 1.345241 -5.853204
v 1.360731 1.253931 -3.082934
v 1.262323 1.363253 -5.850666
v 1.308263 1.275367 -3.080222
v 1.209855 1.384689 -5.847953
v 1.255669 1.299675 -3.077392
v 1.157261 1.408996 -5.845123
v 1.203894 1.326298 -3.074499
v 1.105486 1.435619 -5.842231
v 1.153882 1.354682 -3.071600
v 1.055474 1.464004 -5.839331
v 1.106580 1.384273 -3.068749
v 1.008172 1.493595 -5.836481
v 1.062933 1.414517 -3.066003
v 0.964525 1.523839 -5.833734
v 1.023886 1.444859 -3.063416
v 0.925478 1.554180 -5.831147
v 0.990384 1.474744 -3.061044
v 0.891976 1.584065 -5.828776
v 0.963374 1.503618 -3.058944
v 0.864966 1.612939 -5.826675
v 0.935146 1.475434 -3.059053
v 0.836739 1.584756 -5.826785
v 0.955812 1.445669 -3.060963
v 0.857404 1.554991 -5.828695
v 0.975420 1.408760 -3.063118
v 0.877012 1.518081 -5.830850
v 0.993716 1.365783 -3.065467
v 0.895308 1.475105 -5.833198
v 1.010440 1.317816 -3.067956
v 0.912032 1.427138 -5.835687
v 1.025331 1.265935 -3.070534
v 0.926923 1.375257 -5.838266
v 1.038131 1.211215 -3.073151
v 0.939723 1.320537 -5.840882
v 1.048578 1.154735 -3.075753
v 0.950171 1.264056 -5.843485
v 1.056415 1.097569 -3.078290
v 0.958007 1.206891 -5.846022
v 1.061381 1.040795 -3.080709
v 0.962974 1.150116 -5.848441
v 1.063218 0.985488 -3.082959
v 0.964810 1.094810 -5.850690
v 1.061665 0.932726 -3.084988
v 0.963257 1.042048 -5.852719
v 1.056463 0.883584 -3.086744
v 0.958055 0.992906 -5.854475
v 1.035342 0.746990 -3.091388
v 0.936934 0.856312 -5.859119
v 1.014705 0.605796 -3.096231
v 0.916297 0.715117 -5.863963
v 0.994650 0.461275 -3.101227
v 0.896242 0.570596 -5.868958
v 0.975277 0.314699 -3.106327
v 0.876869 0.424020 -5.874059
v 0.956686 0.167340 -3.111487
v 0.858278 0.276661 -5.879218
v 0.938977 0.020470 -3.116658
v 0.840569 0.129792 -5.884390
v 0.922251 -0.124638 -3.121795
v 0.823843 -0.015317 -5.889526
v 0.906604 -0.266713 -3.126851
v 0.808196 -0.157391 -5.894582
v 0.892137 -0.404482 -3.131778
v 0.793729 -0.295160 -5.899509
v 0.878951 -0.536673 -3.136530
v 0.780543 -0.427351 -5.904262
v 0.867145 -0.662013 -3.141062
v 0.768737 -0.552692 -5.908793
v 0.856817 -0.779232 -3.145324
v 0.758410 -0.669910 -5.913055
v -1.022347 -0.779232 -3.078509
v -1.120755 -0.669910 -5.846241
v -1.014125 5.082900 -2.847255
v -1.112533 5.192221 -5.614987
v 0.517395 5.082900 -2.901710
v 0.418987 5.192221 -5.669441
v 0.571418 5.080431 -2.903728
v 0.473010 5.189753 -5.671459
v 0.629349 5.073331 -2.906068
v 0.530941 5.182652 -5.673800
v 0.690014 5.062056 -2.908670
v 0.591606 5.171377 -5.676402
v 0.752240 5.047061 -2.911475
v 0.653832 5.156383 -5.679207
v 0.814853 5.028806 -2.914423
v 0.716445 5.138127 -5.682154
v 0.876679 5.007744 -2.917453
v 0.778272 5.117066 -5.685184
v 0.936545 4.984334 -2.920506
v 0.838138 5.093656 -5.688237
v 0.993277 4.959032 -2.923522
v 0.894869 5.068354 -5.691254
v 1.045699 4.932295 -2.926442
v 0.947291 5.041617 -5.694174
v 1.092639 4.904579 -2.929206
v 0.994231 5.013901 -5.696938
v 1.132922 4.876342 -2.931754
v 1.034514 4.985663 -5.699485
v 1.165377 4.848039 -2.934026
v 1.066969 4.957360 -5.701757
v 1.184195 4.866827 -2.933953
v 1.085787 4.976149 -5.701684
v 1.195724 4.852735 -2.934919
v 1.097317 4.962056 -5.702651
v 1.206861 4.838643 -2.935872
v 1.108454 4.947965 -5.703603
v 1.217607 4.824552 -2.936810
v 1.119200 4.933873 -5.704542
v 1.227962 4.810460 -2.937735
v 1.129555 4.919781 -5.705467
v 1.237927 4.796368 -2.938646
v 1.139520 4.905690 -5.706378
v 1.247499 4.782277 -2.939543
v 1.149091 4.891598 -5.707274
v 1.256679 4.768185 -2.940426
v 1.158271 4.877507 -5.708158
v 1.265468 4.754094 -2.941295
v 1.167060 4.863415 -5.709026
v 1.273865 4.740002 -2.942150
v 1.175457 4.849324 -5.709882
v 1.281870 4.725911 -2.942991
v 1.183462 4.835232 -5.710723
v 1.289484 4.711819 -2.943819
v 1.191076 4.821141 -5.711550
v 1.296708 4.697728 -2.944632
v 1.198300 4.807049 -5.712364
v 1.341043 4.615531 -2.949455
v 1.242635 4.724853 -5.717187
v 1.385085 4.533368 -2.954267
v 1.286677 4.642690 -5.721998
v 1.428931 4.451270 -2.959068
v 1.330523 4.560592 -5.726800
v 1.472679 4.369270 -2.963863
v 1.374271 4.478591 -5.731594
v 1.516427 4.287400 -2.968652
v 1.418019 4.396722 -5.736383
v 1.560274 4.205694 -2.973438
v 1.461866 4.315015 -5.741170
v 1.604318 4.124183 -2.978224
v 1.505910 4.233504 -5.745955
v 1.648654 4.042900 -2.983011
v 1.550246 4.152222 -5.750742
v 1.693382 3.961879 -2.987802
v 1.594975 4.071200 -5.755533
v 1.738602 3.881150 -2.992598
v 1.640194 3.990472 -5.760329
v 1.784408 3.800749 -2.997402
v 1.686000 3.910070 -5.765134
v 1.830899 3.720706 -3.002217
v 1.732491 3.830027 -5.769948
v 1.502164 3.805255 -2.987189
v 1.403756 3.914577 -5.754920
v 1.463170 3.814933 -2.985420
v 1.364762 3.924255 -5.753152
v 1.421899 3.829438 -2.983380
v 1.323491 3.938759 -5.751111
v 1.379198 3.848118 -2.981124
v 1.280790 3.957439 -5.748855
v 1.335915 3.870321 -2.978708
v 1.237507 3.979642 -5.746439
v 1.292895 3.895394 -2.976188
v 1.194488 4.004716 -5.743919
v 1.250991 3.922686 -2.973620
v 1.152583 4.032008 -5.741351
v 1.211044 3.951543 -2.971060
v 1.112637 4.060865 -5.738791
v 1.173905 3.981314 -2.968563
v 1.075498 4.090636 -5.736295
v 1.140421 4.011346 -2.966187
v 1.042013 4.120667 -5.733918
v 1.111438 4.040986 -2.963985
v 1.013030 4.150308 -5.731717
v 1.087803 4.069583 -2.962015
v 0.989395 4.178905 -5.729747
v 1.070365 4.096483 -2.960333
v 0.971957 4.205805 -5.728065
v 1.032755 4.077694 -2.959738
v 0.934347 4.187016 -5.727469
v 1.048172 4.048685 -2.961432
v 0.949764 4.158006 -5.729163
v 1.061592 4.013934 -2.963282
v 0.963184 4.123255 -5.731013
v 1.072983 3.974355 -2.965250
v 0.974575 4.083676 -5.732981
v 1.082313 3.930862 -2.967299
v 0.983905 4.040184 -5.735031
v 1.089549 3.884368 -2.969393
v 0.991141 3.993690 -5.737124
v 1.094663 3.835787 -2.971494
v 0.996255 3.945108 -5.739225
v 1.097622 3.786031 -2.973564
v 0.999214 3.895353 -5.741296
v 1.098394 3.736014 -2.975568
v 0.999987 3.845336 -5.743299
v 1.096950 3.686650 -2.977466
v 0.998542 3.795972 -5.745197
v 1.093256 3.638852 -2.979223
v 0.994848 3.748174 -5.746954
v 1.087282 3.593533 -2.980800
v 0.988874 3.702854 -5.748532
v 1.078997 3.551606 -2.982162
v 0.980589 3.660927 -5.749893
v 1.043604 3.425638 -2.985879
v 0.945196 3.534960 -5.753610
v 1.008303 3.296998 -2.989705
v 0.909895 3.406320 -5.757436
v 0.973194 3.166139 -2.993625
v 0.874786 3.275461 -5.761357
v 0.938377 3.033519 -2.997626
v 0.839970 3.142840 -5.765357
v 0.903950 2.899594 -3.001691
v 0.805542 3.008915 -5.769423
v 0.870010 2.764821 -3.005808
v 0.771603 2.874142 -5.773540
v 0.836658 2.629656 -3.009961
v 0.738251 2.738977 -5.777692
v 0.803991 2.494556 -3.014136
v 0.705584 2.603878 -5.781867
v 0.772108 2.359979 -3.018318
v 0.673700 2.469301 -5.786049
v 0.741107 2.226380 -3.022492
v 0.642699 2.335702 -5.790224
v 0.711086 2.094217 -3.026645
v 0.612679 2.203538 -5.794377
v 0.682146 1.963945 -3.030762
v 0.583738 2.073267 -5.798493
v 0.670041 1.915375 -3.032250
v 0.571633 2.024696 -5.799982
v 0.653076 1.864260 -3.033666
v 0.554668 1.973581 -5.801397
v 0.631867 1.811579 -3.034992
v 0.533460 1.920901 -5.802724
v 0.607036 1.758311 -3.036214
v 0.508628 1.867633 -5.803945
v 0.579205 1.705435 -3.037313
v 0.480797 1.814757 -5.805044
v 0.548992 1.653929 -3.038273
v 0.450584 1.763250 -5.806004
v 0.517023 1.604771 -3.039078
v 0.418615 1.714092 -5.806809
v 0.483915 1.558940 -3.039711
v 0.385508 1.668262 -5.807442
v 0.450293 1.517416 -3.040155
v 0.351885 1.626737 -5.807887
v 0.416775 1.481175 -3.040395
v 0.318367 1.590497 -5.808126
v 0.383985 1.451198 -3.040413
v 0.285577 1.560519 -5.808145
v 0.352540 1.428462 -3.040193
v 0.254132 1.537784 -5.807925
v 0.371292 1.400279 -3.041973
v 0.272884 1.509600 -5.809705
v 0.411320 1.422047 -3.042537
v 0.312912 1.531368 -5.810268
v 0.455649 1.440553 -3.043382
v 0.357242 1.549875 -5.811113
v 0.503499 1.456058 -3.044471
v 0.405091 1.565380 -5.812202
v 0.554085 1.468823 -3.045765
v 0.455677 1.578145 -5.813497
v 0.606625 1.479110 -3.047227
v 0.508217 1.588431 -5.814959
v 0.660336 1.487178 -3.048818
v 0.561928 1.596499 -5.816549
v 0.714436 1.493288 -3.050500
v 0.616028 1.602610 -5.818232
v 0.768141 1.497703 -3.052235
v 0.669733 1.607024 -5.819967
v 0.820670 1.500682 -3.053986
v 0.722262 1.610003 -5.821717
v 0.871241 1.502487 -3.055712
v 0.772833 1.611808 -5.823443
v 0.919068 1.503378 -3.057378
v 0.820661 1.612700 -5.825109
v 0.963374 1.503618 -3.058944
v 0.864966 1.612939 -5.826675
v 0.967878 1.501459 -3.059189
v 0.869471 1.610781 -5.826921
v 0.972024 1.499660 -3.059407
v 0.873616 1.608981 -5.827139
v 0.975845 1.498186 -3.059601
v 0.877438 1.607508 -5.827333
v 0.979372 1.497007 -3.059773
v 0.880964 1.606328 -5.827505
v 0.982639 1.496088 -3.059926
v 0.884232 1.605409 -5.827657
v 0.985678 1.495397 -3.060061
v 0.887270 1.604719 -5.827793
v 0.988521 1.494903 -3.060182
v 0.890113 1.604224 -5.827913
v 0.991200 1.494571 -3.060290
v 0.892793 1.603893 -5.828022
v 0.993750 1.494370 -3.060389
v 0.895342 1.603691 -5.828120
v 0.996202 1.494267 -3.060480
v 0.897795 1.603588 -5.828211
v 0.998590 1.494228 -3.060566
v 0.900182 1.603550 -5.828298
v 1.000944 1.494223 -3.060650
v 0.902536 1.603545 -5.828382
v 1.235774 1.447251 -3.070855
v 1.137366 1.556572 -5.838587
v 1.254904 1.443587 -3.071680
v 1.156496 1.552908 -5.839412
v 1.274520 1.437509 -3.072618
v 1.176112 1.546830 -5.840349
v 1.294328 1.429343 -3.073645
v 1.195920 1.538664 -5.841376
v 1.314034 1.419415 -3.074737
v 1.215627 1.528737 -5.842469
v 1.333348 1.408053 -3.075873
v 1.234941 1.517375 -5.843604
v 1.351975 1.395581 -3.077028
v 1.253568 1.504903 -5.844759
v 1.369622 1.382327 -3.078179
v 1.271214 1.491649 -5.845910
v 1.385997 1.368616 -3.079303
v 1.287589 1.477938 -5.847034
v 1.400805 1.354774 -3.080376
v 1.302398 1.464096 -5.848107
v 1.413754 1.341129 -3.081375
v 1.315347 1.450450 -5.849107
v 1.424550 1.328005 -3.082277
v 1.326142 1.437326 -5.850009
v 1.432901 1.315729 -3.083059
v 1.334494 1.425050 -5.850791
v 1.470510 1.334517 -3.083654
v 1.372103 1.443839 -5.851386
v 1.463504 1.347750 -3.082882
v 1.365096 1.457072 -5.850614
v 1.456631 1.363658 -3.082010
v 1.358223 1.472979 -5.849741
v 1.450023 1.381783 -3.081059
v 1.351615 1.491105 -5.848790
v 1.443809 1.401670 -3.080052
v 1.345401 1.510992 -5.847784
v 1.438118 1.422862 -3.079013
v 1.339710 1.532184 -5.846745
v 1.433081 1.444902 -3.077963
v 1.334673 1.554224 -5.845695
v 1.428828 1.467334 -3.076926
v 1.330420 1.576655 -5.844657
v 1.425488 1.489700 -3.075924
v 1.327081 1.599021 -5.843656
v 1.423192 1.511544 -3.074980
v 1.324784 1.620865 -5.842711
v 1.422069 1.532410 -3.074116
v 1.323661 1.641731 -5.841847
v 1.422249 1.551840 -3.073354
v 1.323841 1.661162 -5.841086
v 1.423862 1.569379 -3.072719
v 1.325454 1.678700 -5.840450
v 1.428388 1.583286 -3.072330
v 1.329980 1.692607 -5.840062
v 1.432555 1.596866 -3.071942
v 1.334147 1.706188 -5.839674
v 1.436397 1.610186 -3.071553
v 1.337989 1.719507 -5.839284
v 1.439944 1.623310 -3.071161
v 1.341537 1.732631 -5.838892
v 1.443231 1.636303 -3.070764
v 1.344823 1.745625 -5.838496
v 1.446288 1.649231 -3.070362
v 1.347880 1.758553 -5.838094
v 1.449150 1.662160 -3.069953
v 1.350742 1.771481 -5.837685
v 1.451849 1.675153 -3.069536
v 1.353441 1.784475 -5.837267
v 1.454417 1.688277 -3.069109
v 1.356009 1.797599 -5.836841
v 1.456888 1.701596 -3.068671
v 1.358480 1.810918 -5.836402
v 1.459295 1.715177 -3.068220
v 1.360888 1.824499 -5.835951
v 1.461668 1.729084 -3.067755
v 1.363260 1.838406 -5.835486
v 2.213268 1.682112 -3.096334
v 2.114861 1.791434 -5.864066
v 2.208683 -1.587154 -3.225303
v 2.110275 -1.477832 -5.993034
v 2.205757 -1.646418 -3.227540
v 2.107349 -1.537097 -5.995271
v 2.197504 -1.710543 -3.229779
v 2.099096 -1.601221 -5.997510
v 2.184485 -1.778125 -3.231985
v 2.086078 -1.668804 -5.999717
v 2.167255 -1.847763 -3.234123
v 2.068848 -1.738441 -6.001855
v 2.146368 -1.918052 -3.236157
v 2.047960 -1.808731 -6.003889
v 2.122385 -1.987592 -3.238051
v 2.023977 -1.878270 -6.005782
v 2.095859 -2.054979 -3.239769
v 1.997451 -1.945657 -6.007501
v 2.067348 -2.118810 -3.241277
v 1.968940 -2.009488 -6.009008
v 2.037408 -2.177683 -3.242538
v 1.939000 -2.068361 -6.010269
v 2.006597 -2.230195 -3.243516
v 1.908189 -2.120873 -6.011248
v 1.975470 -2.274943 -3.244177
v 1.877062 -2.165622 -6.011909
v 1.944585 -2.310526 -3.244485
v 1.846177 -2.201204 -6.012216
v 1.972733 -2.338709 -3.246599
v 1.874325 -2.229388 -6.014330
v 2.008365 -2.307878 -3.246648
v 1.909957 -2.198557 -6.014379
v 2.053164 -2.276819 -3.247014
v 1.954756 -2.167497 -6.014745
v 2.105725 -2.246086 -3.247669
v 2.007318 -2.136764 -6.015400
v 2.164649 -2.216233 -3.248585
v 2.066241 -2.106912 -6.016316
v 2.228529 -2.187817 -3.249733
v 2.130121 -2.078495 -6.017465
v 2.295961 -2.161389 -3.251087
v 2.197554 -2.052068 -6.018819
v 2.365546 -2.137506 -3.252618
v 2.267138 -2.028184 -6.020350
v 2.435875 -2.116722 -3.254298
v 2.337467 -2.007401 -6.022029
v 2.505547 -2.099591 -3.256098
v 2.407139 -1.990270 -6.023830
v 2.573156 -2.086668 -3.257992
v 2.474749 -1.977347 -6.025723
v 2.637302 -2.078508 -3.259950
v 2.538895 -1.969186 -6.027682
v 2.696579 -2.075665 -3.261946
v 2.598171 -1.966343 -6.029677
v 2.758006 -2.078508 -3.264242
v 2.659598 -1.969186 -6.031973
v 2.823928 -2.086668 -3.266908
v 2.725520 -1.977347 -6.034639
v 2.892976 -2.099591 -3.269874
v 2.794568 -1.990270 -6.037605
v 2.963779 -2.116722 -3.273068
v 2.865372 -2.007400 -6.040799
v 3.034970 -2.137506 -3.276420
v 2.936563 -2.028184 -6.044151
v 3.105176 -2.161389 -3.279860
v 3.006768 -2.052067 -6.047591
v 3.173032 -2.187816 -3.283316
v 3.074624 -2.078495 -6.051047
v 3.237164 -2.216233 -3.286719
v 3.138756 -2.106912 -6.054450
v 3.296205 -2.246086 -3.289997
v 3.197797 -2.136764 -6.057729
v 3.348784 -2.276819 -3.293081
v 3.250377 -2.167497 -6.060812
v 3.393535 -2.307878 -3.295898
v 3.295127 -2.198556 -6.063630
v 3.429085 -2.338709 -3.298380
v 3.330677 -2.229388 -6.066112
v 3.457312 -2.310526 -3.298271
v 3.358904 -2.201204 -6.066002
v 3.426526 -2.274943 -3.295771
v 3.328118 -2.165622 -6.063502
v 3.395525 -2.230195 -3.292901
v 3.297117 -2.120873 -6.060632
v 3.364861 -2.177682 -3.289736
v 3.266453 -2.068361 -6.057468
v 3.335088 -2.118810 -3.286352
v 3.236680 -2.009488 -6.054084
v 3.306755 -2.054978 -3.282824
v 3.208347 -1.945657 -6.050555
v 3.280418 -1.987592 -3.279226
v 3.182011 -1.878270 -6.046957
v 3.256629 -1.918052 -3.275633
v 3.158221 -1.808731 -6.043365
v 3.235941 -1.847763 -3.272121
v 3.137533 -1.738441 -6.039853
v 3.218905 -1.778125 -3.268765
v 3.120498 -1.668804 -6.036496
v 3.206075 -1.710543 -3.265639
v 3.107667 -1.601221 -6.033371
v 3.198004 -1.646418 -3.262820
v 3.099596 -1.537097 -6.030551
v 3.195243 -1.587154 -3.260380
v 3.096835 -1.477832 -6.028112
v 3.199749 1.625745 -3.133636
v 3.101341 1.735067 -5.901367
v 4.167439 1.569379 -3.170269
v 4.069032 1.678700 -5.938000
v 4.216575 1.562414 -3.172291
v 4.118167 1.671736 -5.940022
v 4.269291 1.551242 -3.174607
v 4.170883 1.660564 -5.942338
v 4.324481 1.536351 -3.177157
v 4.226073 1.645673 -5.944889
v 4.381037 1.518231 -3.179884
v 4.282629 1.627553 -5.947615
v 4.437851 1.497371 -3.182728
v 4.339443 1.606692 -5.950459
v 4.493812 1.474260 -3.185630
v 4.395404 1.583581 -5.953362
v 4.547813 1.449387 -3.188533
v 4.449406 1.558709 -5.956264
v 4.598747 1.423243 -3.191376
v 4.500340 1.532564 -5.959108
v 4.645503 1.396315 -3.194103
v 4.547095 1.505637 -5.961834
v 4.686975 1.369094 -3.196652
v 4.588567 1.478416 -5.964384
v 4.722051 1.342069 -3.198967
v 4.623643 1.451391 -5.966698
v 4.749624 1.315729 -3.200988
v 4.651217 1.425050 -5.968719
v 4.777839 1.334517 -3.201249
v 4.679431 1.443839 -5.968980
v 4.754264 1.366631 -3.199142
v 4.655856 1.475953 -5.966873
v 4.730700 1.405889 -3.196754
v 4.632292 1.515210 -5.964485
v 4.707535 1.451214 -3.194139
v 4.609127 1.560535 -5.961871
v 4.685160 1.501530 -3.191357
v 4.586752 1.610851 -5.959088
v 4.663963 1.555760 -3.188461
v 4.565556 1.665081 -5.956192
v 4.644339 1.612828 -3.185509
v 4.545931 1.722149 -5.953240
v 4.626673 1.671657 -3.182557
v 4.528265 1.780979 -5.950289
v 4.611358 1.731172 -3.179662
v 4.512950 1.840493 -5.947393
v 4.598783 1.790295 -3.176880
v 4.500375 1.899616 -5.944611
v 4.589337 1.847950 -3.174266
v 4.490930 1.957271 -5.941998
v 4.583411 1.903060 -3.171879
v 4.485003 2.012382 -5.939610
v 4.581396 1.954551 -3.169774
v 4.482988 2.063872 -5.937505
v 4.586271 2.003686 -3.168006
v 4.487864 2.113008 -5.935738
v 4.595720 2.056411 -3.166260
v 4.497313 2.165732 -5.933991
v 4.609217 2.111614 -3.164559
v 4.510809 2.220935 -5.932291
v 4.626239 2.168187 -3.162930
v 4.527831 2.277509 -5.930661
v 4.646264 2.225021 -3.161397
v 4.547856 2.334343 -5.929128
v 4.668766 2.281007 -3.159986
v 4.570358 2.390329 -5.927717
v 4.693224 2.335037 -3.158721
v 4.594816 2.444358 -5.926453
v 4.719111 2.385999 -3.157629
v 4.620704 2.495321 -5.925360
v 4.745907 2.432787 -3.156733
v 4.647499 2.542108 -5.924465
v 4.773087 2.474290 -3.156060
v 4.674679 2.583611 -5.923792
v 4.800127 2.509399 -3.155635
v 4.701719 2.618721 -5.923367
v 4.826505 2.537006 -3.155482
v 4.728097 2.646328 -5.923214
v 4.798356 2.565189 -3.153368
v 4.699948 2.674511 -5.921100
v 4.762260 2.535837 -3.153244
v 4.663853 2.645159 -5.920976
v 4.720457 2.508866 -3.152823
v 4.622049 2.618188 -5.920555
v 4.673895 2.484309 -3.152138
v 4.575487 2.593631 -5.919869
v 4.623519 2.462198 -3.151220
v 4.525111 2.571520 -5.918951
v 4.570275 2.442567 -3.150102
v 4.471868 2.551888 -5.917833
v 4.515112 2.425447 -3.148817
v 4.416704 2.534769 -5.916548
v 4.458971 2.410872 -3.147397
v 4.360563 2.520193 -5.915128
v 4.402802 2.398873 -3.145873
v 4.304394 2.508195 -5.913605
v 4.347550 2.389484 -3.144280
v 4.249143 2.498806 -5.912011
v 4.294163 2.382737 -3.142648
v 4.195755 2.492059 -5.910379
v 4.243584 2.378665 -3.141010
v 4.145176 2.487987 -5.908742
v 4.196761 2.377301 -3.139400
v 4.098353 2.486622 -5.907131
v 3.614273 2.414878 -3.117204
v 3.515865 2.524200 -5.884936
v 3.417382 2.715500 -3.098330
v 3.318974 2.824822 -5.866061
v 3.489710 2.831044 -3.096338
v 3.391302 2.940366 -5.864069
v 3.565177 2.951709 -3.094255
v 3.466769 3.061031 -5.861986
v 3.643389 3.076746 -3.092097
v 3.544981 3.186068 -5.859828
v 3.723956 3.205403 -3.089880
v 3.625548 3.314724 -5.857611
v 3.806484 3.336931 -3.087619
v 3.708076 3.446252 -5.855350
v 3.890581 3.470579 -3.085330
v 3.792173 3.579900 -5.853062
v 3.975854 3.605597 -3.083029
v 3.877446 3.714918 -5.850760
v 4.061913 3.741234 -3.080731
v 3.963505 3.850556 -5.848463
v 4.148361 3.876741 -3.078453
v 4.049953 3.986063 -5.846184
v 4.234809 4.011368 -3.076209
v 4.136401 4.120689 -5.843940
v 4.320864 4.144363 -3.074015
v 4.222456 4.253685 -5.841747
v 4.406131 4.274978 -3.071888
v 4.307723 4.384299 -5.839620
v 4.426149 4.304574 -3.071431
v 4.327742 4.413896 -5.839162
v 4.452500 4.336390 -3.071111
v 4.354093 4.445711 -5.838842
v 4.484073 4.369509 -3.070925
v 4.385665 4.478831 -5.838657
v 4.519756 4.403020 -3.070871
v 4.421349 4.512342 -5.838602
v 4.558441 4.436010 -3.070943
v 4.460033 4.545331 -5.838675
v 4.599014 4.467564 -3.071139
v 4.500607 4.576885 -5.838871
v 4.640369 4.496769 -3.071456
v 4.541962 4.606091 -5.839188
v 4.681393 4.522712 -3.071890
v 4.582985 4.632034 -5.839622
v 4.720975 4.544481 -3.072438
v 4.622567 4.653802 -5.840169
v 4.758005 4.561160 -3.073095
v 4.659597 4.670482 -5.840827
v 4.791372 4.571837 -3.073860
v 4.692965 4.681159 -5.841591
v 4.819968 4.575600 -3.074728
v 4.721560 4.684921 -5.842460
v 4.820021 4.613177 -3.073246
v 4.721613 4.722499 -5.840977
v 4.791621 4.617124 -3.072080
v 4.693213 4.726446 -5.839811
v 4.758794 4.628313 -3.070471
v 4.660386 4.737634 -5.838202
v 4.722584 4.645764 -3.068494
v 4.624176 4.755086 -5.836226
v 4.684032 4.668500 -3.066226
v 4.585625 4.777822 -5.833957
v 4.644181 4.695542 -3.063740
v 4.545774 4.804863 -5.831472
v 4.604074 4.725911 -3.061115
v 4.505667 4.835232 -5.828846
v 4.564754 4.758628 -3.058424
v 4.466346 4.867950 -5.826156
v 4.527262 4.792716 -3.055745
v 4.428854 4.902037 -5.823476
v 4.492641 4.827195 -3.053152
v 4.394234 4.936516 -5.820884
v 4.461935 4.861086 -3.050722
v 4.363527 4.970408 -5.818453
v 4.436185 4.893413 -3.048529
v 4.337777 5.002734 -5.816261
v 4.416435 4.923194 -3.046651
v 4.318027 5.032516 -5.814382
v 4.285184 5.129872 -3.033821
v 4.186776 5.239193 -5.801552
v 4.262547 5.171815 -3.031359
v 4.164140 5.281137 -5.799090
v 4.241547 5.217248 -3.028818
v 4.143139 5.326570 -5.796549
v 4.222246 5.265357 -3.026231
v 4.123838 5.374679 -5.793962
v 4.204710 5.315325 -3.023634
v 4.106302 5.424646 -5.791366
v 4.189003 5.366336 -3.021061
v 4.090595 5.475658 -5.788792
v 4.175187 5.417576 -3.018546
v 4.076779 5.526898 -5.786277
v 4.163328 5.468229 -3.016123
v 4.064920 5.577551 -5.783854
v 4.153490 5.517479 -3.013828
v 4.055082 5.626801 -5.781559
v 4.145738 5.564511 -3.011695
v 4.047330 5.673833 -5.779426
v 4.140133 5.608510 -3.009758
v 4.041725 5.717832 -5.777489
v 4.136742 5.648659 -3.008051
v 4.038334 5.757981 -5.775783
v 4.135628 5.684144 -3.006610
v 4.037220 5.793466 -5.774342
v 4.098044 5.684144 -3.005274
v 3.999637 5.793466 -5.773005
v 4.096827 5.648664 -3.006632
v 3.998419 5.757986 -5.774363
v 4.093285 5.608553 -3.008090
v 3.994877 5.717875 -5.775822
v 4.087455 5.564658 -3.009617
v 3.989047 5.673980 -5.777348
v 4.079369 5.517828 -3.011179
v 3.980961 5.627149 -5.778911
v 4.069061 5.468909 -3.012745
v 3.970654 5.578230 -5.780476
v 4.056566 5.418751 -3.014282
v 3.958158 5.528072 -5.782013
v 4.041918 5.368201 -3.015757
v 3.943510 5.477523 -5.783489
v 4.025149 5.318109 -3.017140
v 3.926742 5.427430 -5.784871
v 4.006294 5.269320 -3.018396
v 3.907887 5.378642 -5.786128
v 3.985388 5.222685 -3.019495
v 3.886980 5.332007 -5.787227
v 3.962461 5.179051 -3.020403
v 3.864054 5.288373 -5.788135
v 3.937551 5.139266 -3.021089
v 3.839144 5.248588 -5.788821
v 3.758649 4.866827 -3.025489
v 3.660241 4.976149 -5.793221
v 3.709661 4.965660 -3.019844
v 3.611254 5.074982 -5.787575
v 3.661097 5.064851 -3.014199
v 3.562689 5.174172 -5.781930
v 3.612991 5.164368 -3.008558
v 3.514584 5.273689 -5.776289
v 3.565374 5.264178 -3.002922
v 3.466967 5.373499 -5.770654
v 3.518280 5.364250 -2.997295
v 3.419872 5.473571 -5.765027
v 3.471741 5.464549 -2.991679
v 3.373333 5.573871 -5.759410
v 3.425789 5.565044 -2.986075
v 3.327381 5.674366 -5.753807
v 3.380457 5.665703 -2.980488
v 3.282049 5.775025 -5.748219
v 3.335777 5.766493 -2.974918
v 3.237370 5.875814 -5.742650
v 3.291784 5.867379 -2.969369
v 3.193377 5.976701 -5.737101
v 3.248507 5.968331 -2.963843
v 3.150100 6.077652 -5.731574
v 3.205982 6.069316 -2.958342
v 3.107574 6.178638 -5.726073
v 3.188450 6.121377 -2.955662
v 3.090042 6.230699 -5.723394
v 3.173338 6.178135 -2.952883
v 3.074930 6.287457 -5.720614
v 3.160709 6.238416 -2.950053
v 3.062302 6.347737 -5.717784
v 3.150630 6.301046 -2.947221
v 3.052222 6.410367 -5.714952
v 3.143161 6.364850 -2.944435
v 3.044753 6.474171 -5.712167
v 3.138368 6.428653 -2.941745
v 3.039960 6.537974 -5.709476
v 3.136312 6.491283 -2.939198
v 3.037905 6.600605 -5.706929
v 3.137061 6.551564 -2.936843
v 3.038653 6.660885 -5.704575
v 3.140676 6.608322 -2.934730
v 3.042268 6.717643 -5.702461
v 3.147218 6.660383 -2.932906
v 3.048810 6.769704 -5.700638
v 3.156754 6.706572 -2.931421
v 3.058347 6.815894 -5.699152
v 3.169349 6.745716 -2.930323
v 3.070941 6.855037 -5.698054
v 3.141187 6.764505 -2.928579
v 3.042779 6.873827 -5.696311
v 3.123267 6.727281 -2.929412
v 3.024859 6.836603 -5.697144
v 3.098361 6.686697 -2.930130
v 2.999953 6.796018 -5.697861
v 3.067318 6.643698 -2.930724
v 2.968910 6.753020 -5.698456
v 3.030989 6.599232 -2.931189
v 2.932581 6.708554 -5.698920
v 2.990221 6.554245 -2.931517
v 2.891813 6.663566 -5.699248
v 2.945865 6.509680 -2.931700
v 2.847457 6.619002 -5.699431
v 2.898771 6.466486 -2.931731
v 2.800364 6.575808 -5.699463
v 2.849789 6.425608 -2.931604
v 2.751381 6.534930 -5.699336
v 2.799767 6.387993 -2.931311
v 2.701359 6.497314 -5.699043
v 2.749554 6.354585 -2.930846
v 2.651146 6.463907 -5.698577
v 2.700002 6.326331 -2.930200
v 2.601594 6.435653 -5.697931
v 2.651958 6.304177 -2.929367
v 2.553551 6.413499 -5.697098
v 2.620091 6.290672 -2.928767
v 2.521684 6.399993 -5.696498
v 2.585846 6.278342 -2.928036
v 2.487438 6.387663 -5.695768
v 2.549580 6.267186 -2.927187
v 2.451172 6.376507 -5.694919
v 2.511650 6.257205 -2.926233
v 2.413242 6.366526 -5.693964
v 2.472418 6.248397 -2.925186
v 2.374010 6.357719 -5.692918
v 2.432241 6.240764 -2.924059
v 2.333834 6.350086 -5.691791
v 2.391479 6.234305 -2.922865
v 2.293072 6.343627 -5.690597
v 2.350492 6.229022 -2.921616
v 2.252084 6.338343 -5.689348
v 2.309634 6.224911 -2.920326
v 2.211226 6.334233 -5.688057
v 2.269268 6.221975 -2.919007
v 2.170860 6.331297 -5.686738
v 2.229753 6.220214 -2.917671
v 2.131345 6.329535 -5.685403
v 2.191445 6.219627 -2.916332
v 2.093038 6.328949 -5.684064
v 2.170327 6.219823 -2.915574
v 2.071919 6.329144 -5.683305
v 2.149340 6.220410 -2.914804
v 2.050932 6.329731 -5.682536
v 2.128613 6.221388 -2.914029
v 2.030206 6.330710 -5.681760
v 2.108279 6.222759 -2.913252
v 2.009871 6.332080 -5.680983
v 2.088469 6.224520 -2.912478
v 1.990061 6.333842 -5.680209
v 2.069309 6.226673 -2.911711
v 1.970901 6.335994 -5.679443
v 2.050935 6.229217 -2.910958
v 1.952527 6.338539 -5.678689
v 2.033474 6.232153 -2.910221
v 1.935066 6.341475 -5.677952
v 2.017057 6.235480 -2.909506
v 1.918650 6.344802 -5.677237
v 2.001817 6.239198 -2.908817
v 1.903409 6.348520 -5.676548
v 1.987881 6.243309 -2.908159
v 1.889473 6.352630 -5.675890
v 1.975380 6.247810 -2.907537
v 1.876972 6.357132 -5.675268
v 1.956550 6.219627 -2.907980
v 1.858142 6.328949 -5.675712
v 1.995734 6.201762 -2.910079
v 1.897326 6.311084 -5.677811
v 2.037616 6.176917 -2.912550
v 1.939208 6.286238 -5.680281
v 2.081382 6.145939 -2.915329
v 1.982974 6.255260 -5.683061
v 2.126216 6.109677 -2.918356
v 2.027808 6.218999 -5.686088
v 2.171306 6.068979 -2.921567
v 2.072898 6.178301 -5.689298
v 2.215836 6.024692 -2.924899
v 2.117428 6.134014 -5.692631
v 2.258992 5.977666 -2.928291
v 2.160584 6.086987 -5.696023
v 2.299959 5.928747 -2.931680
v 2.201551 6.038069 -5.699411
v 2.337924 5.878785 -2.935003
v 2.239516 5.988107 -5.702735
v 2.372071 5.828627 -2.938199
v 2.273664 5.937949 -5.705930
v 2.401587 5.779121 -2.941204
v 2.303179 5.888443 -5.708935
v 2.425655 5.731116 -2.943955
v 2.327248 5.840438 -5.711687
v 2.489276 5.590210 -2.951783
v 2.390868 5.699532 -5.719514
v 2.553713 5.449370 -2.959637
v 2.455305 5.558692 -5.727368
v 2.618999 5.308660 -2.967516
v 2.520591 5.417981 -5.735248
v 2.685164 5.168145 -2.975419
v 2.586757 5.277467 -5.743151
v 2.752245 5.027892 -2.983344
v 2.653837 5.137214 -5.751075
v 2.820271 4.887965 -2.991290
v 2.721864 4.997286 -5.759021
v 2.889277 4.748429 -2.999255
v 2.790870 4.857751 -5.766986
v 2.959296 4.609350 -3.007238
v 2.860888 4.718672 -5.774969
v 3.030358 4.470793 -3.015237
v 2.931951 4.580114 -5.782969
v 3.102498 4.332823 -3.023252
v 3.004090 4.442144 -5.790983
v 3.175749 4.195505 -3.031280
v 3.077341 4.304827 -5.799011
v 3.250142 4.058906 -3.039321
v 3.151734 4.168227 -5.807052
v 2.920524 3.514028 -3.049123
v 2.822116 3.623350 -5.816854
v 2.843390 3.643218 -3.041277
v 2.744982 3.752539 -5.809009
v 2.766681 3.772505 -3.033443
v 2.668273 3.881826 -5.801175
v 2.690429 3.901989 -3.025618
v 2.592021 4.011310 -5.793349
v 2.614667 4.031765 -3.017798
v 2.516259 4.141087 -5.785529
v 2.539428 4.161934 -3.009981
v 2.441020 4.271256 -5.777713
v 2.464744 4.292592 -3.002165
v 2.366336 4.401914 -5.769897
v 2.390648 4.423837 -2.994346
v 2.292240 4.533158 -5.762078
v 2.317173 4.555767 -2.986523
v 2.218765 4.665089 -5.754254
v 2.244350 4.688480 -2.978692
v 2.145943 4.797801 -5.746423
v 2.172215 4.822073 -2.970850
v 2.073807 4.931395 -5.738582
v 2.100799 4.956645 -2.962996
v 2.002391 5.065967 -5.730727
v 2.030135 5.092294 -2.955125
v 1.931727 5.201615 -5.722857
v 2.007901 5.137695 -2.952541
v 1.909493 5.247016 -5.720273
v 1.988119 5.188543 -2.949829
v 1.889711 5.297865 -5.717561
v 1.970889 5.243632 -2.947041
v 1.872481 5.352954 -5.714772
v 1.956306 5.301755 -2.944227
v 1.857899 5.411077 -5.711958
v 1.944467 5.361704 -2.941438
v 1.846059 5.471026 -5.709169
v 1.935465 5.422274 -2.938725
v 1.837057 5.531595 -5.706457
v 1.929399 5.482256 -2.936140
v 1.830991 5.591578 -5.703872
v 1.926366 5.540443 -2.933734
v 1.827958 5.649765 -5.701466
v 1.926459 5.595631 -2.931558
v 1.828052 5.704952 -5.699289
v 1.929776 5.646610 -2.929662
v 1.831368 5.755931 -5.697393
v 1.936415 5.692174 -2.928098
v 1.838007 5.801496 -5.695830
v 1.946468 5.731116 -2.926918
v 1.848061 5.840438 -5.694649
v 1.908897 5.740511 -2.925211
v 1.810490 5.849833 -5.692942
v 1.874725 5.656205 -2.927326
v 1.776318 5.765527 -5.695057
v 1.829632 5.577282 -2.928840
v 1.731224 5.686604 -5.696571
v 1.774823 5.504035 -2.929784
v 1.676415 5.613356 -5.697515
v 1.711509 5.436757 -2.930190
v 1.613101 5.546078 -5.697922
v 1.640896 5.375741 -2.930089
v 1.542488 5.485063 -5.697821
v 1.564190 5.321283 -2.929513
v 1.465782 5.430605 -5.697245
v 1.482600 5.273675 -2.928493
v 1.384192 5.382997 -5.696224
v 1.397333 5.233211 -2.927059
v 1.298925 5.342532 -5.694791
v 1.309599 5.200183 -2.925244
v 1.211191 5.309505 -5.692976
v 1.220601 5.174887 -2.923079
v 1.122193 5.284209 -5.690811
v 1.131551 5.157615 -2.920595
v 1.033143 5.266936 -5.688327
v 1.043653 5.148661 -2.917824
v 0.945246 5.257982 -5.685555
v 1.032166 5.181710 -2.916110
v 0.933758 5.291031 -5.683841
v 1.021170 5.214987 -2.914404
v 0.922762 5.324309 -5.682136
v 1.010759 5.248330 -2.912717
v 0.912352 5.357651 -5.680449
v 1.001035 5.281574 -2.911058
v 0.902627 5.390896 -5.678790
v 0.992094 5.314558 -2.909438
v 0.893686 5.423880 -5.677169
v 0.984033 5.347118 -2.907865
v 0.885625 5.456439 -5.675596
v 0.976949 5.379090 -2.906350
v 0.878541 5.488412 -5.674082
v 0.970942 5.410313 -2.904903
v 0.872534 5.519635 -5.672635
v 0.966106 5.440622 -2.903534
v 0.867699 5.549944 -5.671266
v 0.962543 5.469855 -2.902253
v 0.864135 5.579176 -5.669984
v 0.960347 5.497848 -2.901069
v 0.861939 5.607170 -5.668800
v 0.959617 5.524438 -2.899993
v 0.861209 5.633760 -5.667724
v 0.962159 5.576299 -2.898035
v 0.863751 5.685621 -5.665766
v 0.969338 5.632432 -2.896073
v 0.870931 5.741754 -5.663805
v 0.980699 5.691632 -2.894139
v 0.882291 5.800953 -5.661870
v 0.995781 5.752690 -2.892263
v 0.897373 5.862011 -5.659995
v 1.014127 5.814400 -2.890478
v 0.915719 5.923722 -5.658209
v 1.035277 5.875557 -2.888814
v 0.936870 5.984879 -5.656546
v 1.058774 5.934951 -2.887304
v 0.960366 6.044273 -5.655035
v 1.084159 5.991378 -2.885978
v 0.985751 6.100699 -5.653709
v 1.110973 6.043629 -2.884867
v 1.012566 6.152950 -5.652598
v 1.138759 6.090497 -2.884004
v 1.040351 6.199819 -5.651735
v 1.167057 6.130777 -2.883419
v 1.068649 6.240098 -5.651150
v 1.195410 6.163260 -2.883144
v 1.097002 6.272582 -5.650876
v 1.167260 6.191443 -2.881030
v 1.068852 6.300765 -5.648761
v 1.134727 6.163140 -2.880991
v 1.036320 6.272461 -5.648723
v 1.094364 6.134902 -2.880672
v 0.995956 6.244224 -5.648403
v 1.047347 6.107186 -2.880095
v 0.948939 6.216508 -5.647826
v 0.994849 6.080449 -2.879284
v 0.896441 6.189771 -5.647016
v 0.938047 6.055148 -2.878264
v 0.839640 6.164469 -5.645995
v 0.878117 6.031738 -2.877058
v 0.779709 6.141059 -5.644789
v 0.816231 6.010676 -2.875689
v 0.717823 6.119998 -5.643420
v 0.753567 5.992420 -2.874182
v 0.655159 6.101742 -5.641913
v 0.691298 5.977426 -2.872560
v 0.592891 6.086747 -5.640292
v 0.630601 5.966150 -2.870847
v 0.532193 6.075472 -5.638579
v 0.572651 5.959051 -2.869067
v 0.474243 6.068372 -5.636799
v 0.518620 5.956583 -2.867244
v 0.420213 6.065904 -5.634975
v -3.540374 5.956583 -2.722924
v -3.638782 6.065904 -5.490655
v -3.592235 5.959052 -2.720982
v -3.690642 6.068373 -5.488713
v -3.648368 5.966151 -2.718706
v -3.746776 6.075473 -5.486437
v -3.707559 5.977427 -2.716156
v -3.805966 6.086748 -5.483887
v -3.768607 5.992421 -2.713393
v -3.867015 6.101743 -5.481124
v -3.830300 6.010677 -2.710478
v -3.928708 6.119999 -5.478209
v -3.891437 6.031738 -2.707473
v -3.989844 6.141060 -5.475204
v -3.950809 6.055148 -2.704437
v -4.049216 6.164470 -5.472168
v -4.007207 6.080450 -2.701432
v -4.105615 6.189772 -5.469164
v -4.059428 6.107187 -2.698519
v -4.157836 6.216509 -5.466251
v -4.106267 6.134903 -2.695759
v -4.204675 6.244225 -5.463490
v -4.146512 6.163141 -2.693213
v -4.244920 6.272462 -5.460944
v -4.178960 6.191443 -2.690941
v -4.277368 6.300765 -5.458673
v -4.207185 6.163260 -2.691051
v -4.305593 6.272582 -5.458782
v -4.178926 6.130775 -2.693339
v -4.277333 6.240097 -5.461071
v -4.150741 6.090496 -2.695932
v -4.249148 6.199817 -5.463664
v -4.123086 6.043627 -2.698767
v -4.221494 6.152948 -5.466498
v -4.096417 5.991376 -2.701779
v -4.194825 6.100698 -5.469510
v -4.071191 5.934950 -2.704904
v -4.169599 6.044271 -5.472636
v -4.047860 5.875556 -2.708080
v -4.146268 5.984877 -5.475811
v -4.026881 5.814399 -2.711241
v -4.125289 5.923720 -5.478973
v -4.008710 5.752688 -2.714325
v -4.107118 5.862010 -5.482057
v -3.993798 5.691630 -2.717267
v -4.092206 5.800951 -5.484998
v -3.982604 5.632431 -2.720003
v -4.081012 5.741753 -5.487735
v -3.975583 5.576298 -2.722470
v -4.073991 5.685620 -5.490201
v -3.973187 5.524438 -2.724604
v -4.071595 5.633760 -5.492335
v -3.975732 5.470420 -2.726647
v -4.074140 5.579741 -5.494378
v -3.982913 5.412488 -2.728680
v -4.081321 5.521810 -5.496411
v -3.994275 5.351815 -2.730672
v -4.092683 5.461137 -5.498404
v -4.009360 5.289577 -2.732594
v -4.107768 5.398899 -5.500326
v -4.027705 5.226948 -2.734416
v -4.126113 5.336269 -5.502147
v -4.048856 5.165101 -2.736106
v -4.147264 5.274423 -5.503838
v -4.072354 5.105211 -2.737637
v -4.170762 5.214533 -5.505368
v -4.097741 5.048453 -2.738976
v -4.196149 5.157775 -5.506707
v -4.124555 4.996001 -2.740094
v -4.222962 5.105322 -5.507825
v -4.152341 4.949028 -2.740962
v -4.250749 5.058350 -5.508693
v -4.180640 4.908711 -2.741548
v -4.279048 5.018033 -5.509279
v -4.208989 4.876222 -2.741823
v -4.307397 4.985544 -5.509554
v -4.180844 4.848039 -2.743937
v -4.279252 4.957360 -5.511668
v -4.148318 4.876342 -2.743976
v -4.246726 4.985663 -5.511707
v -4.107993 4.904579 -2.744294
v -4.206401 5.013901 -5.512025
v -4.061078 4.932295 -2.744867
v -4.159486 5.041617 -5.512599
v -4.008782 4.959032 -2.745671
v -4.107190 5.068354 -5.513402
v -3.952312 4.984334 -2.746679
v -4.050719 5.093656 -5.514410
v -3.892875 5.007744 -2.747868
v -3.991282 5.117066 -5.515599
v -3.831679 5.028806 -2.749212
v -3.930087 5.138127 -5.516943
v -3.769933 5.047061 -2.750686
v -3.868340 5.156383 -5.518417
v -3.708844 5.062056 -2.752266
v -3.807252 5.171377 -5.519998
v -3.649621 5.073331 -2.753926
v -3.748029 5.182652 -5.521658
v -3.593469 5.080431 -2.755642
v -3.691876 5.189753 -5.523374
v -3.541598 5.082900 -2.757389
v -3.640006 5.192221 -5.525121
v -2.047662 5.082900 -2.810507
v -2.146070 5.192221 -5.578238
v -2.055884 -0.779232 -3.041761
v -2.154292 -0.669910 -5.809493
v -3.690759 -0.779232 -2.983632
v -3.789166 -0.669910 -5.751363
v -3.742623 -0.776764 -2.981690
v -3.841031 -0.667442 -5.749422
v -3.798753 -0.769663 -2.979414
v -3.897161 -0.660342 -5.747146
v -3.857945 -0.758388 -2.976864
v -3.956353 -0.649066 -5.744596
v -3.918992 -0.743394 -2.974102
v -4.017400 -0.634072 -5.741833
v -3.980687 -0.725138 -2.971187
v -4.079095 -0.615816 -5.738918
v -4.041821 -0.704076 -2.968181
v -4.140229 -0.594755 -5.735912
v -4.101193 -0.680666 -2.965146
v -4.199601 -0.571345 -5.732877
v -4.157590 -0.655364 -2.962141
v -4.255998 -0.546043 -5.729872
v -4.209813 -0.628627 -2.959228
v -4.308221 -0.519306 -5.726959
v -4.256650 -0.600911 -2.956468
v -4.355058 -0.491590 -5.724199
v -4.296895 -0.572674 -2.953922
v -4.395303 -0.463352 -5.721653
v -4.329345 -0.544371 -2.951650
v -4.427752 -0.435049 -5.719381
v -4.357570 -0.572554 -2.951759
v -4.455977 -0.463233 -5.719491
v 1.672149 2.607628 -3.040538
v 1.573741 2.716949 -5.808269
v 1.693964 2.697233 -3.037774
v 1.595556 2.806555 -5.805505
v 1.716105 2.786839 -3.035022
v 1.617698 2.896161 -5.802753
v 1.738542 2.876250 -3.032288
v 1.640134 2.985571 -5.800019
v 1.761236 2.965269 -3.029579
v 1.662828 3.074590 -5.797310
v 1.784160 3.053700 -3.026901
v 1.685752 3.163022 -5.794632
v 1.807277 3.141349 -3.024261
v 1.708869 3.250671 -5.791992
v 1.830557 3.228020 -3.021665
v 1.732149 3.337341 -5.789397
v 1.853965 3.313516 -3.019120
v 1.755557 3.422837 -5.786852
v 1.877468 3.397642 -3.016633
v 1.779060 3.506963 -5.784365
v 1.901035 3.480202 -3.014210
v 1.802628 3.589523 -5.781942
v 1.924633 3.561000 -3.011858
v 1.826225 3.670322 -5.779589
v 1.978541 3.469410 -3.017392
v 1.880134 3.578732 -5.785124
v 2.032515 3.377852 -3.022928
v 1.934107 3.487174 -5.790659
v 2.086619 3.286360 -3.028465
v 1.988212 3.395681 -5.796197
v 2.140919 3.194965 -3.034006
v 2.042511 3.304286 -5.801737
v 2.195481 3.103701 -3.039551
v 2.097074 3.213022 -5.807282
v 2.250369 3.012600 -3.045101
v 2.151961 3.121922 -5.812832
v 2.305648 2.921694 -3.050657
v 2.207240 3.031016 -5.818388
v 2.361384 2.831017 -3.056220
v 2.262977 2.940339 -5.823952
v 2.417644 2.740601 -3.061792
v 2.319236 2.849923 -5.829523
v 2.474490 2.650479 -3.067373
v 2.376082 2.759800 -5.835104
v 2.531990 2.560682 -3.072964
v 2.433582 2.670004 -5.840695
v 2.590208 2.471245 -3.078567
v 2.491800 2.580566 -5.846298
v 1.650692 2.518217 -3.043306
v 1.552284 2.627539 -5.811038
v 3.823109 -1.270108 -3.270182
v 3.724701 -1.160786 -6.037913
v 3.826351 -1.323457 -3.272404
v 3.727943 -1.214135 -6.040135
v 3.825934 -1.379742 -3.274613
v 3.727527 -1.270421 -6.042344
v 3.822187 -1.437887 -3.276776
v 3.723780 -1.328565 -6.044508
v 3.815440 -1.496814 -3.278864
v 3.717032 -1.387492 -6.046595
v 3.806017 -1.555448 -3.280845
v 3.707609 -1.446126 -6.048576
v 3.794245 -1.612711 -3.282688
v 3.695837 -1.503390 -6.050419
v 3.780456 -1.667529 -3.284363
v 3.682048 -1.558207 -6.052094
v 3.764974 -1.718823 -3.285838
v 3.666566 -1.609501 -6.053570
v 3.748129 -1.765518 -3.287084
v 3.649721 -1.656196 -6.054815
v 3.730247 -1.806537 -3.288068
v 3.631839 -1.697215 -6.055799
v 3.711658 -1.840804 -3.288761
v 3.613250 -1.731482 -6.056492
v 3.739819 -1.859593 -3.290504
v 3.641411 -1.750271 -6.058236
v 3.764757 -1.830349 -3.290236
v 3.666349 -1.721027 -6.057967
v 3.796582 -1.799442 -3.290147
v 3.698174 -1.690120 -6.057878
v 3.834346 -1.767556 -3.290230
v 3.735938 -1.658235 -6.057961
v 3.877102 -1.735377 -3.290479
v 3.778694 -1.626056 -6.058210
v 3.923903 -1.703589 -3.290887
v 3.825495 -1.594268 -6.058619
v 3.973801 -1.672878 -3.291449
v 3.875393 -1.563556 -6.059180
v 4.025849 -1.643928 -3.292156
v 3.927442 -1.534607 -6.059887
v 4.079103 -1.617425 -3.293002
v 3.980695 -1.508103 -6.060734
v 4.132613 -1.594053 -3.293982
v 4.034205 -1.484731 -6.061713
v 4.185432 -1.574497 -3.295087
v 4.087025 -1.465176 -6.062819
v 4.236614 -1.559443 -3.296313
v 4.138206 -1.450122 -6.064044
v 4.285211 -1.549576 -3.297651
v 4.186803 -1.440254 -6.065382
v 4.294801 -1.547418 -3.297906
v 4.196393 -1.438096 -6.065638
v 4.304749 -1.545618 -3.298189
v 4.206341 -1.436297 -6.065920
v 4.315022 -1.544145 -3.298496
v 4.216614 -1.434823 -6.066227
v 4.325588 -1.542965 -3.298825
v 4.227180 -1.433643 -6.066557
v 4.336415 -1.542046 -3.299174
v 4.238008 -1.432725 -6.066905
v 4.347470 -1.541356 -3.299540
v 4.249063 -1.432034 -6.067271
v 4.358721 -1.540861 -3.299920
v 4.260313 -1.431540 -6.067652
v 4.370135 -1.540529 -3.300313
v 4.271728 -1.431208 -6.068045
v 4.381679 -1.540328 -3.300715
v 4.283271 -1.431007 -6.068447
v 4.393320 -1.540225 -3.301125
v 4.294912 -1.430903 -6.068857
v 4.405025 -1.540187 -3.301540
v 4.306618 -1.430865 -6.069272
v 4.416765 -1.540182 -3.301957
v 4.318357 -1.430860 -6.069689
v 4.462080 -1.541144 -3.303607
v 4.363672 -1.431822 -6.071338
v 4.508369 -1.543965 -3.305364
v 4.409962 -1.434644 -6.073095
v 4.555049 -1.548548 -3.307204
v 4.456641 -1.439227 -6.074936
v 4.601530 -1.554795 -3.309104
v 4.503122 -1.445474 -6.076835
v 4.647225 -1.562608 -3.311037
v 4.548818 -1.453286 -6.078769
v 4.691548 -1.571888 -3.312980
v 4.593141 -1.462566 -6.080711
v 4.733913 -1.582538 -3.314907
v 4.635506 -1.473217 -6.082638
v 4.773730 -1.594461 -3.316793
v 4.675323 -1.485139 -6.084525
v 4.810414 -1.607557 -3.318615
v 4.712007 -1.498236 -6.086346
v 4.843377 -1.621731 -3.320347
v 4.744969 -1.512409 -6.088078
v 4.872033 -1.636882 -3.321964
v 4.773625 -1.527561 -6.089695
v 4.895794 -1.652915 -3.323442
v 4.797386 -1.543593 -6.091174
v 4.914626 -1.624732 -3.322999
v 4.816218 -1.515410 -6.090730
v 4.885592 -1.599837 -3.320983
v 4.787185 -1.490516 -6.088715
v 4.855199 -1.568060 -3.318647
v 4.756791 -1.458739 -6.086379
v 4.824031 -1.530347 -3.316049
v 4.725623 -1.421025 -6.083781
v 4.792672 -1.487642 -3.313248
v 4.694264 -1.378321 -6.080979
v 4.761712 -1.440893 -3.310300
v 4.663304 -1.331571 -6.078032
v 4.731734 -1.391045 -3.307266
v 4.633327 -1.281723 -6.074997
v 4.703327 -1.339044 -3.304201
v 4.604919 -1.229722 -6.071933
v 4.677073 -1.285836 -3.301166
v 4.578666 -1.176514 -6.068898
v 4.653561 -1.232367 -3.298218
v 4.555153 -1.123045 -6.065950
v 4.633374 -1.179583 -3.295416
v 4.534966 -1.070261 -6.063147
v 4.617102 -1.128430 -3.292817
v 4.518694 -1.019108 -6.060548
v 4.605328 -1.079854 -3.290479
v 4.506920 -0.970532 -6.058211
v 4.580097 -0.929353 -3.283638
v 4.481689 -0.820031 -6.051369
v 4.555683 -0.778492 -3.276811
v 4.457275 -0.669171 -6.044542
v 4.532118 -0.627306 -3.270001
v 4.433710 -0.517984 -6.037733
v 4.509433 -0.475826 -3.263211
v 4.411025 -0.366505 -6.030943
v 4.487663 -0.324085 -3.256444
v 4.389256 -0.214764 -6.024175
v 4.466838 -0.172116 -3.249701
v 4.368430 -0.062794 -6.017432
v 4.446993 -0.019951 -3.242985
v 4.348585 0.089370 -6.010716
v 4.428160 0.132377 -3.236299
v 4.329752 0.241699 -6.004030
v 4.410370 0.284835 -3.229644
v 4.311962 0.394157 -5.997375
v 4.393658 0.437392 -3.223024
v 4.295250 0.546713 -5.990756
v 4.378055 0.590013 -3.216441
v 4.279647 0.699335 -5.984172
v 4.363593 0.742668 -3.209897
v 4.265185 0.851989 -5.977629
v 4.361243 0.791999 -3.207865
v 4.262836 0.901321 -5.975596
v 4.363173 0.845310 -3.205828
v 4.264765 0.954632 -5.973559
v 4.368955 0.901492 -3.203815
v 4.270547 1.010814 -5.971546
v 4.378165 0.959435 -3.201853
v 4.279757 1.068757 -5.969584
v 4.390379 1.018031 -3.199973
v 4.291971 1.127353 -5.967704
v 4.405168 1.076170 -3.198202
v 4.306760 1.185492 -5.965934
v 4.422108 1.132744 -3.196570
v 4.323700 1.242065 -5.964302
v 4.440775 1.186642 -3.195105
v 4.342367 1.295964 -5.962836
v 4.460739 1.236757 -3.193835
v 4.362331 1.346078 -5.961567
v 4.481579 1.281978 -3.192790
v 4.383171 1.391300 -5.960522
v 4.502867 1.321198 -3.191998
v 4.404459 1.430520 -5.959729
v 4.524178 1.353307 -3.191487
v 4.425770 1.462628 -5.959219
v 4.496017 1.372095 -3.189744
v 4.397609 1.481417 -5.957476
v 4.470892 1.345570 -3.189898
v 4.372484 1.454892 -5.957630
v 4.438522 1.318034 -3.189835
v 4.340115 1.427355 -5.957566
v 4.399888 1.290041 -3.189567
v 4.301480 1.399362 -5.957299
v 4.355969 1.262145 -3.189107
v 4.257562 1.371467 -5.956839
v 4.307745 1.234903 -3.188469
v 4.209337 1.344224 -5.956200
v 4.256194 1.208867 -3.187664
v 4.157786 1.318188 -5.955396
v 4.202298 1.184592 -3.186707
v 4.103890 1.293914 -5.954438
v 4.147034 1.162634 -3.185609
v 4.048626 1.271956 -5.953341
v 4.091382 1.143546 -3.184384
v 3.992974 1.252868 -5.952116
v 4.036324 1.127883 -3.183045
v 3.937916 1.237205 -5.950777
v 3.982836 1.116200 -3.181605
v 3.884428 1.225522 -5.949337
v 3.931898 1.109051 -3.180076
v 3.833490 1.218372 -5.947808
v 3.887053 1.109861 -3.178450
v 3.788646 1.219183 -5.946181
v 3.837771 1.112400 -3.176597
v 3.739364 1.221722 -5.944329
v 3.785100 1.116831 -3.174550
v 3.686692 1.226152 -5.942281
v 3.730083 1.123317 -3.172337
v 3.631675 1.232638 -5.940069
v 3.673763 1.132021 -3.169991
v 3.575356 1.241342 -5.937722
v 3.617188 1.143106 -3.167542
v 3.518780 1.252427 -5.935273
v 3.561397 1.156735 -3.165019
v 3.462989 1.266057 -5.932751
v 3.507438 1.173072 -3.162456
v 3.409030 1.282394 -5.930187
v 3.456353 1.192280 -3.159881
v 3.357945 1.301601 -5.927612
v 3.409188 1.214521 -3.157325
v 3.310781 1.323843 -5.925056
v 3.366985 1.239959 -3.154820
v 3.268578 1.349280 -5.922551
v 3.330791 1.268756 -3.152395
v 3.232383 1.378078 -5.920127
v 3.302564 1.240573 -3.152505
v 3.204156 1.349895 -5.920237
v 3.331028 1.213151 -3.154600
v 3.232620 1.322472 -5.922331
v 3.359809 1.178552 -3.156990
v 3.261401 1.287874 -5.924722
v 3.388451 1.137821 -3.159617
v 3.290043 1.247143 -5.927349
v 3.416497 1.092002 -3.162424
v 3.318089 1.201324 -5.930156
v 3.443494 1.042137 -3.165354
v 3.345086 1.151459 -5.933085
v 3.468987 0.989272 -3.168348
v 3.370579 1.098593 -5.936080
v 3.492518 0.934449 -3.171350
v 3.394111 1.043771 -5.939082
v 3.513636 0.878713 -3.174303
v 3.415228 0.988035 -5.942034
v 3.531882 0.823107 -3.177148
v 3.433475 0.932429 -5.944879
v 3.546803 0.768676 -3.179828
v 3.448395 0.877998 -5.947560
v 3.557940 0.716463 -3.182287
v 3.459533 0.825785 -5.950018
v 3.564842 0.667512 -3.184465
v 3.466434 0.776834 -5.952197
v 3.579303 0.509976 -3.191202
v 3.480895 0.619298 -5.958934
v 3.594936 0.352146 -3.197992
v 3.496529 0.461468 -5.965724
v 3.611745 0.194121 -3.204832
v 3.513337 0.303442 -5.972563
v 3.629727 0.035997 -3.211717
v 3.531320 0.145319 -5.979448
v 3.648886 -0.122126 -3.218643
v 3.550478 -0.012805 -5.986375
v 3.669216 -0.280152 -3.225608
v 3.570808 -0.170830 -5.993340
v 3.690722 -0.437982 -3.232607
v 3.592315 -0.328660 -6.000338
v 3.713404 -0.595518 -3.239636
v 3.614996 -0.486197 -6.007367
v 3.737261 -0.752663 -3.246691
v 3.638853 -0.643342 -6.014422
v 3.762292 -0.909319 -3.253769
v 3.663884 -0.799997 -6.021500
v 3.788499 -1.065387 -3.260865
v 3.690091 -0.956066 -6.028596
v 3.815882 -1.220771 -3.267976
v 3.717474 -1.111449 -6.035707
v -10.053756 -2.225976 -2.814536
v -10.152164 -2.116654 -5.582267
v -10.086696 -2.188039 -2.811866
v -10.185103 -2.078718 -5.579597
v -10.119496 -2.140904 -2.808838
v -10.217904 -2.031582 -5.576570
v -10.151628 -2.085940 -2.805524
v -10.250035 -1.976618 -5.573256
v -10.182578 -2.024517 -2.801998
v -10.280986 -1.915196 -5.569729
v -10.211825 -1.958006 -2.798331
v -10.310233 -1.848684 -5.566062
v -10.238851 -1.887776 -2.794596
v -10.337258 -1.778454 -5.562327
v -10.263129 -1.815197 -2.790866
v -10.361537 -1.705876 -5.558598
v -10.284144 -1.741640 -2.787213
v -10.382552 -1.632318 -5.554945
v -10.301375 -1.668474 -2.783711
v -10.399783 -1.559153 -5.551442
v -10.314305 -1.597070 -2.780431
v -10.412713 -1.487749 -5.548162
v -10.322410 -1.528797 -2.777446
v -10.420817 -1.419476 -5.545177
v -10.325170 -1.465026 -2.774829
v -10.423577 -1.355704 -5.542560
v -10.322045 0.761456 -2.686997
v -10.420453 0.870778 -5.454728
v -10.320100 0.800469 -2.685525
v -10.418508 0.909791 -5.453257
v -10.314626 0.841831 -2.684086
v -10.413033 0.951153 -5.451818
v -10.306020 0.884758 -2.682696
v -10.404428 0.994080 -5.450428
v -10.294671 0.928469 -2.681373
v -10.393079 1.037791 -5.449105
v -10.280971 0.972179 -2.680134
v -10.379378 1.081501 -5.447865
v -10.265317 1.015107 -2.678995
v -10.363725 1.124428 -5.446726
v -10.248097 1.056468 -2.677974
v -10.346505 1.165790 -5.445705
v -10.229707 1.095481 -2.677086
v -10.328115 1.204803 -5.444818
v -10.210538 1.131363 -2.676351
v -10.308946 1.240684 -5.444082
v -10.190984 1.163330 -2.675783
v -10.289392 1.272651 -5.443515
v -10.171437 1.190600 -2.675401
v -10.269845 1.299922 -5.443132
v -10.152287 1.212390 -2.675221
v -10.250695 1.321712 -5.442953
v -10.180436 1.240573 -2.673107
v -10.278844 1.349895 -5.440839
v -10.202256 1.221458 -2.673087
v -10.300664 1.330780 -5.440818
v -10.229556 1.201952 -2.672886
v -10.327964 1.311273 -5.440618
v -10.261558 1.182445 -2.672519
v -10.359965 1.291767 -5.440250
v -10.297471 1.163330 -2.671997
v -10.395879 1.272651 -5.439729
v -10.336514 1.144998 -2.671333
v -10.434922 1.254319 -5.439065
v -10.377906 1.127840 -2.670539
v -10.476314 1.237161 -5.438271
v -10.420861 1.112247 -2.669628
v -10.519269 1.221569 -5.437359
v -10.464597 1.098613 -2.668611
v -10.563004 1.207934 -5.436342
v -10.508330 1.087326 -2.667502
v -10.606738 1.196648 -5.435233
v -10.551276 1.078780 -2.666312
v -10.649684 1.188102 -5.434044
v -10.592650 1.073365 -2.665055
v -10.691058 1.182687 -5.432787
v -10.631671 1.071473 -2.663743
v -10.730079 1.180795 -5.431474
v -10.941733 1.071473 -2.652718
v -11.040141 1.180795 -5.420449
v -10.820256 1.149755 -2.653945
v -10.918664 1.259076 -5.421677
v -10.700309 1.229569 -2.655057
v -10.798717 1.338891 -5.422789
v -10.581861 1.310885 -2.656057
v -10.680268 1.420206 -5.423789
v -10.464877 1.393668 -2.656947
v -10.563285 1.502990 -5.424678
v -10.349332 1.477886 -2.657729
v -10.447740 1.587208 -5.425460
v -10.235183 1.563507 -2.658405
v -10.333591 1.672829 -5.426137
v -10.122403 1.650498 -2.658979
v -10.220811 1.759820 -5.426711
v -10.010961 1.738827 -2.659453
v -10.109368 1.848148 -5.427184
v -9.900819 1.828460 -2.659829
v -9.999227 1.937781 -5.427560
v -9.791949 1.919365 -2.660109
v -9.890357 2.028687 -5.427840
v -9.684316 2.011510 -2.660296
v -9.782723 2.120831 -5.428028
v -9.577889 2.104862 -2.660393
v -9.676297 2.214183 -5.428124
v -8.713475 2.104862 -2.691128
v -8.811883 2.214183 -5.458859
v -8.607314 2.011510 -2.698590
v -8.705722 2.120831 -5.466321
v -8.499940 1.919365 -2.706047
v -8.598348 2.028687 -5.473779
v -8.391326 1.828460 -2.713500
v -8.489734 1.937781 -5.481231
v -8.281436 1.738827 -2.720947
v -8.379844 1.848148 -5.488679
v -8.170241 1.650498 -2.728390
v -8.268649 1.759820 -5.496121
v -8.057706 1.563507 -2.735827
v -8.156114 1.672829 -5.503559
v -7.943797 1.477886 -2.743259
v -8.042205 1.587208 -5.510991
v -7.828485 1.393668 -2.750686
v -7.926892 1.502990 -5.518417
v -7.711734 1.310885 -2.758107
v -7.810142 1.420206 -5.525838
v -7.593514 1.229569 -2.765522
v -7.691922 1.338891 -5.533253
v -7.473792 1.149755 -2.772931
v -7.572200 1.259076 -5.540663
v -7.352532 1.071473 -2.780335
v -7.450940 1.180795 -5.548066
v -8.000842 1.071473 -2.757283
v -8.099250 1.180795 -5.525015
v -8.012765 1.072223 -2.756830
v -8.111173 1.181545 -5.524561
v -8.024940 1.074343 -2.756313
v -8.123347 1.183665 -5.524045
v -8.037246 1.077638 -2.755746
v -8.135653 1.186960 -5.523477
v -8.049550 1.081911 -2.755139
v -8.147958 1.191233 -5.522871
v -8.061721 1.086967 -2.754507
v -8.160129 1.196289 -5.522238
v -8.073632 1.092611 -2.753860
v -8.172040 1.201932 -5.521592
v -8.085149 1.098645 -2.753213
v -8.183557 1.207967 -5.520944
v -8.096147 1.104876 -2.752576
v -8.194554 1.214197 -5.520307
v -8.106492 1.111106 -2.751962
v -8.204900 1.220428 -5.519693
v -8.116054 1.117141 -2.751383
v -8.214461 1.226462 -5.519115
v -8.124701 1.122784 -2.750853
v -8.223109 1.232105 -5.518584
v -8.132306 1.127840 -2.750383
v -8.230714 1.237161 -5.518114
v -8.151124 1.109051 -2.750456
v -8.249532 1.218372 -5.518188
v -8.146079 1.101440 -2.750936
v -8.244487 1.210761 -5.518667
v -8.140447 1.092785 -2.751478
v -8.238854 1.202106 -5.519209
v -8.134425 1.083216 -2.752070
v -8.232833 1.192538 -5.519802
v -8.128207 1.072865 -2.752700
v -8.226615 1.182187 -5.520432
v -8.121991 1.061862 -2.753356
v -8.220399 1.171183 -5.521087
v -8.115973 1.050336 -2.754025
v -8.214381 1.159657 -5.521756
v -8.110345 1.038419 -2.754696
v -8.208753 1.147740 -5.522427
v -8.105306 1.026241 -2.755356
v -8.203713 1.135562 -5.523088
v -8.101048 1.013932 -2.755993
v -8.199456 1.123254 -5.523725
v -8.097770 1.001624 -2.756596
v -8.196177 1.110945 -5.524328
v -8.095668 0.989446 -2.757152
v -8.194076 1.098768 -5.524883
v -8.094934 0.977529 -2.757649
v -8.193341 1.086850 -5.525380
v -8.095065 0.883584 -2.761355
v -8.193473 0.992906 -5.529086
v -8.082641 0.515413 -2.776339
v -8.181048 0.624734 -5.544070
v -8.043426 0.175652 -2.791153
v -8.141833 0.284974 -5.558885
v -7.976113 -0.137034 -2.805897
v -8.074521 -0.027712 -5.573628
v -7.879405 -0.423983 -2.820670
v -7.977813 -0.314661 -5.588401
v -7.751992 -0.686532 -2.835570
v -7.850400 -0.577211 -5.603302
v -7.592578 -0.926020 -2.850698
v -7.690986 -0.816698 -5.618429
v -7.399856 -1.143783 -2.866152
v -7.498263 -1.034461 -5.633883
v -7.172524 -1.341159 -2.882031
v -7.270932 -1.231837 -5.649762
v -6.909278 -1.519485 -2.898434
v -7.007686 -1.410163 -5.666166
v -6.608815 -1.680098 -2.915462
v -6.707223 -1.570776 -5.683193
v -6.269832 -1.824336 -2.933211
v -6.368239 -1.715015 -5.700943
v -5.891028 -1.953537 -2.951783
v -5.989436 -1.844215 -5.719515
v -5.840138 -1.972978 -2.954360
v -5.938546 -1.863657 -5.722092
v -5.786778 -1.997900 -2.957242
v -5.885186 -1.888578 -5.724974
v -5.731988 -2.027518 -2.960360
v -5.830396 -1.918197 -5.728092
v -5.676814 -2.061051 -2.963646
v -5.775222 -1.951729 -5.731378
v -5.622294 -2.097715 -2.967033
v -5.720702 -1.988394 -5.734765
v -5.569478 -2.136729 -2.970452
v -5.667886 -2.027407 -5.738183
v -5.519403 -2.177307 -2.973835
v -5.617810 -2.067986 -5.741567
v -5.473111 -2.218669 -2.977115
v -5.571519 -2.109347 -5.744846
v -5.431649 -2.260031 -2.980223
v -5.530057 -2.150709 -5.747954
v -5.396058 -2.300609 -2.983091
v -5.494466 -2.191288 -5.750823
v -5.367383 -2.339622 -2.985652
v -5.465791 -2.230301 -5.753383
v -5.346663 -2.376287 -2.987837
v -5.445071 -2.266965 -5.755568
v -5.318463 -2.366892 -2.988468
v -5.416871 -2.257571 -5.756200
v -5.330760 -2.326836 -2.986449
v -5.429168 -2.217514 -5.754180
v -5.339654 -2.278167 -2.984210
v -5.438062 -2.168846 -5.751942
v -5.345273 -2.222453 -2.981810
v -5.443681 -2.113131 -5.749541
v -5.347754 -2.161259 -2.979305
v -5.446162 -2.051937 -5.747036
v -5.347226 -2.096150 -2.976752
v -5.445634 -1.986828 -5.744483
v -5.343825 -2.028693 -2.974208
v -5.442233 -1.919371 -5.741940
v -5.337684 -1.960452 -2.971731
v -5.436091 -1.851131 -5.739462
v -5.328933 -1.892995 -2.969378
v -5.427341 -1.783673 -5.737109
v -5.317708 -1.827886 -2.967205
v -5.416116 -1.718565 -5.734937
v -5.304137 -1.766692 -2.965271
v -5.402545 -1.657370 -5.733002
v -5.288354 -1.710978 -2.963631
v -5.386762 -1.601656 -5.731362
v -5.270494 -1.662309 -2.962344
v -5.368901 -1.552988 -5.730075
v -5.243756 -1.609797 -2.961220
v -5.342164 -1.500476 -5.728951
v -5.211276 -1.556143 -2.960256
v -5.309684 -1.446822 -5.727987
v -5.173965 -1.502163 -2.959450
v -5.272372 -1.392842 -5.727182
v -5.132739 -1.448673 -2.958803
v -5.231147 -1.339351 -5.726535
v -5.088513 -1.396487 -2.958315
v -5.186921 -1.287165 -5.726046
v -5.042203 -1.346421 -2.957983
v -5.140611 -1.237100 -5.725715
v -4.994723 -1.299291 -2.957810
v -5.093131 -1.189970 -5.725542
v -4.946988 -1.255913 -2.957794
v -5.045396 -1.146591 -5.725525
v -4.899909 -1.217101 -2.957935
v -4.998317 -1.107779 -5.725667
v -4.854407 -1.183671 -2.958232
v -4.952815 -1.074350 -5.725964
v -4.811391 -1.156439 -2.958686
v -4.909799 -1.047118 -5.726418
v -4.771779 -1.136221 -2.959296
v -4.870187 -1.026899 -5.727027
v -4.790517 -1.098643 -2.957146
v -4.888925 -0.989321 -5.724877
v -4.813004 -1.107646 -2.956702
v -4.911412 -0.998324 -5.724433
v -4.838000 -1.115866 -2.956138
v -4.936408 -1.006544 -5.723869
v -4.865279 -1.123303 -2.955462
v -4.963687 -1.013982 -5.723193
v -4.894612 -1.129958 -2.954681
v -4.993020 -1.020636 -5.722413
v -4.925773 -1.135829 -2.953805
v -5.024180 -1.026507 -5.721537
v -4.958528 -1.140918 -2.952842
v -5.056935 -1.031596 -5.720573
v -4.992654 -1.145224 -2.951798
v -5.091062 -1.035902 -5.719530
v -5.027919 -1.148746 -2.950684
v -5.126327 -1.039425 -5.718415
v -5.064097 -1.151487 -2.949505
v -5.162505 -1.042165 -5.717237
v -5.100961 -1.153444 -2.948272
v -5.199368 -1.044122 -5.716003
v -5.138278 -1.154618 -2.946992
v -5.236686 -1.045296 -5.714723
v -5.175826 -1.155010 -2.945672
v -5.274234 -1.045688 -5.713404
v -5.206531 -1.154803 -2.944572
v -5.304938 -1.045481 -5.712304
v -5.237462 -1.154140 -2.943446
v -5.335870 -1.044818 -5.711178
v -5.268458 -1.152954 -2.942297
v -5.366866 -1.043633 -5.710029
v -5.299357 -1.151182 -2.941129
v -5.397765 -1.041860 -5.708860
v -5.329993 -1.148757 -2.939944
v -5.428401 -1.039436 -5.707675
v -5.360206 -1.145615 -2.938745
v -5.458613 -1.036293 -5.706477
v -5.389829 -1.141690 -2.937537
v -5.488236 -1.032368 -5.705268
v -5.418698 -1.136917 -2.936322
v -5.517106 -1.027595 -5.704053
v -5.446654 -1.131230 -2.935103
v -5.545062 -1.021908 -5.702835
v -5.473533 -1.124565 -2.933884
v -5.571940 -1.015243 -5.701616
v -5.499171 -1.116856 -2.932668
v -5.597579 -1.007534 -5.700400
v -5.523404 -1.108037 -2.931458
v -5.621812 -0.998716 -5.699190
v -5.824723 -1.003356 -2.916610
v -5.923131 -0.894034 -5.684341
v -6.086984 -0.894531 -2.902987
v -6.185391 -0.785209 -5.670718
v -6.312633 -0.779379 -2.890415
v -6.411040 -0.670057 -5.658147
v -6.504113 -0.655712 -2.878722
v -6.602521 -0.546391 -5.646454
v -6.663865 -0.521347 -2.867735
v -6.762273 -0.412025 -5.635467
v -6.794333 -0.374097 -2.857280
v -6.892741 -0.264775 -5.625011
v -6.897965 -0.211776 -2.847184
v -6.996373 -0.102454 -5.614915
v -6.977204 -0.032200 -2.837273
v -7.075612 0.077122 -5.605005
v -7.034492 0.166818 -2.827375
v -7.132899 0.276139 -5.595107
v -7.072270 0.387462 -2.817317
v -7.170678 0.496784 -5.585049
v -7.092986 0.631919 -2.806925
v -7.191394 0.741240 -5.574656
v -7.099082 0.902373 -2.796026
v -7.197490 1.011695 -5.563757
v -6.976447 0.828365 -2.803309
v -7.074855 0.937686 -5.571041
v -6.852603 0.756542 -2.810549
v -6.951011 0.865864 -5.578281
v -6.727515 0.686741 -2.817754
v -6.825923 0.796063 -5.585485
v -6.601153 0.618800 -2.824930
v -6.699561 0.728122 -5.592662
v -6.473483 0.552555 -2.832087
v -6.571891 0.661877 -5.599818
v -6.344476 0.487843 -2.839230
v -6.442883 0.597165 -5.606961
v -6.214093 0.424502 -2.846367
v -6.312501 0.533823 -5.614099
v -6.082307 0.362367 -2.853507
v -6.180715 0.471688 -5.621239
v -5.949084 0.301276 -2.860657
v -6.047492 0.410597 -5.628388
v -5.814391 0.241065 -2.867824
v -5.912799 0.350387 -5.635556
v -5.678199 0.181573 -2.875017
v -5.776607 0.290894 -5.642748
v -5.540469 0.122635 -2.882242
v -5.638877 0.231956 -5.649973
v -5.485271 0.097941 -2.885180
v -5.583678 0.207263 -5.652911
v -5.428319 0.066790 -2.888435
v -5.526727 0.176111 -5.656167
v -5.370593 0.030158 -2.891934
v -5.469001 0.139480 -5.659666
v -5.313069 -0.010975 -2.895605
v -5.411477 0.098346 -5.663336
v -5.256724 -0.055632 -2.899372
v -5.355132 0.053690 -5.667103
v -5.202537 -0.102832 -2.903163
v -5.300944 0.006489 -5.670894
v -5.151483 -0.151598 -2.906904
v -5.249890 -0.042277 -5.674636
v -5.104539 -0.200952 -2.910523
v -5.202947 -0.091630 -5.678254
v -5.062686 -0.249914 -2.913945
v -5.161094 -0.140592 -5.681676
v -5.026898 -0.297506 -2.917097
v -5.125306 -0.188184 -5.684828
v -4.998155 -0.342749 -2.919906
v -5.096562 -0.233428 -5.687637
v -4.977431 -0.384665 -2.922298
v -5.075839 -0.275344 -5.690030
v -4.949231 -0.375271 -2.922930
v -5.047639 -0.265949 -5.690661
v -4.963679 -0.330691 -2.920656
v -5.062087 -0.221369 -5.688387
v -4.974328 -0.277760 -2.918186
v -5.072736 -0.168438 -5.685918
v -4.981313 -0.217914 -2.915574
v -5.079720 -0.108592 -5.683306
v -4.984765 -0.152588 -2.912871
v -5.083173 -0.043266 -5.680603
v -4.984820 -0.083217 -2.910129
v -5.083228 0.026105 -5.677860
v -4.981608 -0.011236 -2.907400
v -5.080016 0.098086 -5.675132
v -4.975263 0.061919 -2.904736
v -5.073670 0.171240 -5.672468
v -4.965917 0.134813 -2.902189
v -5.064324 0.244134 -5.669921
v -4.953702 0.206010 -2.899812
v -5.052110 0.315332 -5.667543
v -4.938750 0.274076 -2.897655
v -5.037158 0.383398 -5.665386
v -4.921195 0.337576 -2.895771
v -5.019603 0.446898 -5.663502
v -4.901172 0.395073 -2.894211
v -4.999579 0.504395 -5.661943
v -4.876401 0.448140 -2.892996
v -4.974809 0.557462 -5.660728
v -4.845166 0.503327 -2.891927
v -4.943574 0.612649 -5.659658
v -4.808452 0.559623 -2.891009
v -4.906859 0.668945 -5.658740
v -4.767232 0.616017 -2.890247
v -4.865640 0.725338 -5.657978
v -4.722493 0.671497 -2.889646
v -4.820901 0.780819 -5.657377
v -4.675210 0.725053 -2.889212
v -4.773618 0.834375 -5.656943
v -4.626367 0.775673 -2.888949
v -4.724774 0.884995 -5.656681
v -4.576941 0.822347 -2.888863
v -4.675349 0.931668 -5.656594
v -4.527911 0.864062 -2.888958
v -4.626319 0.973383 -5.656690
v -4.480264 0.899807 -2.889241
v -4.578671 1.009129 -5.656972
v -4.434972 0.928572 -2.889715
v -4.533380 1.037894 -5.657446
v -4.393020 0.949345 -2.890386
v -4.491427 1.058667 -5.658117
v -4.402377 0.977529 -2.888940
v -4.500785 1.086850 -5.656672
v -4.419974 0.970684 -2.888585
v -4.518382 1.080006 -5.656316
v -4.439719 0.964264 -2.888136
v -4.538127 1.073585 -5.655868
v -4.461425 0.958300 -2.887600
v -4.559833 1.067621 -5.655332
v -4.484889 0.952825 -2.886982
v -4.583297 1.062147 -5.654714
v -4.509917 0.947872 -2.886288
v -4.608325 1.057194 -5.654019
v -4.536317 0.943474 -2.885523
v -4.634725 1.052796 -5.653255
v -4.563890 0.939663 -2.884693
v -4.662297 1.048985 -5.652425
v -4.592441 0.936472 -2.883804
v -4.690848 1.045793 -5.651536
v -4.621774 0.933933 -2.882861
v -4.720181 1.043254 -5.650593
v -4.651690 0.932079 -2.881871
v -4.750098 1.041401 -5.649602
v -4.682000 0.930943 -2.880838
v -4.780408 1.040264 -5.648570
v -4.712504 0.930557 -2.879769
v -4.810912 1.039878 -5.647500
v -4.892562 0.947024 -2.872716
v -4.990970 1.056346 -5.640448
v -5.099950 0.993404 -2.863511
v -5.198358 1.102725 -5.631242
v -5.328769 1.065161 -2.852540
v -5.427176 1.174483 -5.620272
v -5.573121 1.157763 -2.840195
v -5.671529 1.267085 -5.607926
v -5.827107 1.266675 -2.826862
v -5.925515 1.375996 -5.594594
v -6.084826 1.387362 -2.812932
v -6.183234 1.496683 -5.580663
v -6.340384 1.515290 -2.798792
v -6.438792 1.624612 -5.566524
v -6.587880 1.645926 -2.784832
v -6.686288 1.755248 -5.552564
v -6.821416 1.774735 -2.771441
v -6.919824 1.884057 -5.539172
v -7.035090 1.897184 -2.759007
v -7.133498 2.006505 -5.526739
v -7.223008 2.008737 -2.747919
v -7.321416 2.118059 -5.515651
v -7.379270 2.104862 -2.738566
v -7.477677 2.214183 -5.506298
v -6.082646 2.104862 -2.784669
v -6.181054 2.214183 -5.552401
v -6.021029 2.102018 -2.786972
v -6.119437 2.211340 -5.554704
v -5.954556 2.093858 -2.789658
v -6.052964 2.203180 -5.557389
v -5.884633 2.080935 -2.792655
v -5.983041 2.190257 -5.560386
v -5.812663 2.063804 -2.795890
v -5.911071 2.173126 -5.563622
v -5.740041 2.043020 -2.799293
v -5.838449 2.152342 -5.567025
v -5.668178 2.019137 -2.802792
v -5.766585 2.128459 -5.570523
v -5.598468 1.992710 -2.806314
v -5.696876 2.102032 -5.574046
v -5.532319 1.964293 -2.809788
v -5.630727 2.073615 -5.577520
v -5.471131 1.934441 -2.813143
v -5.569539 2.043762 -5.580874
v -5.416305 1.903708 -2.816307
v -5.514712 2.013029 -5.584038
v -5.369243 1.872648 -2.819207
v -5.467650 1.981970 -5.586938
v -5.331351 1.841817 -2.821772
v -5.429759 1.951139 -5.589503
v -5.312533 1.860606 -2.821699
v -5.410941 1.969928 -5.589430
v -5.343314 1.898537 -2.819106
v -5.441722 2.007859 -5.586837
v -5.374312 1.945635 -2.816144
v -5.472720 2.054956 -5.583875
v -5.404973 2.000495 -2.812886
v -5.503381 2.109817 -5.580618
v -5.434743 2.061717 -2.809410
v -5.533151 2.171038 -5.577141
v -5.463073 2.127897 -2.805789
v -5.561481 2.237218 -5.573520
v -5.489406 2.197632 -2.802098
v -5.587813 2.306953 -5.569829
v -5.513190 2.269520 -2.798413
v -5.611598 2.378841 -5.566144
v -5.533877 2.342158 -2.794808
v -5.632285 2.451480 -5.562539
v -5.550910 2.414144 -2.791359
v -5.649318 2.523466 -5.559091
v -5.563737 2.484075 -2.788141
v -5.662145 2.593397 -5.555872
v -5.571805 2.550548 -2.785228
v -5.670213 2.659870 -5.552959
v -5.574561 2.612161 -2.782697
v -5.672969 2.721483 -5.550428
v -5.570397 5.580805 -2.665587
v -5.668805 5.690126 -5.433319
v -5.566876 5.656857 -2.662708
v -5.665284 5.766179 -5.430440
v -5.556954 5.738292 -2.659845
v -5.655362 5.847614 -5.427576
v -5.541284 5.823446 -2.657038
v -5.639691 5.932767 -5.424770
v -5.520520 5.910654 -2.654332
v -5.618928 6.019976 -5.422063
v -5.495320 5.998254 -2.651768
v -5.593728 6.107575 -5.419499
v -5.466338 6.084582 -2.649389
v -5.564746 6.193903 -5.417120
v -5.434228 6.167974 -2.647236
v -5.532636 6.277296 -5.414968
v -5.399644 6.246766 -2.645354
v -5.498052 6.356088 -5.413085
v -5.363240 6.319295 -2.643784
v -5.461648 6.428617 -5.411515
v -5.325677 6.383899 -2.642567
v -5.424085 6.493220 -5.410299
v -5.287602 6.438912 -2.641748
v -5.386010 6.548234 -5.409480
v -5.249673 6.482672 -2.641368
v -5.348081 6.591993 -5.409100
v -5.277822 6.510855 -2.639254
v -5.376229 6.620176 -5.406986
v -5.321641 6.472995 -2.639192
v -5.420049 6.582317 -5.406923
v -5.376714 6.435004 -2.638734
v -5.475121 6.544326 -5.406466
v -5.441381 6.397535 -2.637915
v -5.539788 6.506856 -5.405646
v -5.513970 6.361240 -2.636767
v -5.612378 6.470562 -5.404499
v -5.592826 6.326772 -2.635325
v -5.691234 6.436093 -5.403057
v -5.676272 6.294783 -2.633622
v -5.774680 6.404105 -5.401353
v -5.762654 6.265925 -2.631690
v -5.861062 6.375247 -5.399422
v -5.850303 6.240851 -2.629564
v -5.948710 6.350173 -5.397295
v -5.937552 6.220214 -2.627277
v -6.035960 6.329535 -5.395009
v -6.022740 6.204666 -2.624862
v -6.121148 6.313987 -5.392593
v -6.104199 6.194858 -2.622353
v -6.202607 6.304180 -5.390085
v -6.180268 6.191443 -2.619783
v -6.278676 6.300765 -5.387515
v -12.099633 6.191443 -2.409316
v -12.198041 6.300765 -5.177048
v -12.175694 6.194857 -2.406477
v -12.274102 6.304179 -5.174209
v -12.257127 6.204665 -2.403194
v -12.355535 6.313986 -5.170926
v -12.342271 6.220213 -2.399553
v -12.440679 6.329535 -5.167284
v -12.429463 6.240851 -2.395638
v -12.527871 6.350173 -5.163369
v -12.517041 6.265924 -2.391533
v -12.615449 6.375246 -5.159265
v -12.603339 6.294782 -2.387325
v -12.701747 6.404104 -5.155056
v -12.686700 6.326771 -2.383098
v -12.785108 6.436092 -5.150829
v -12.765454 6.361239 -2.378936
v -12.863862 6.470561 -5.146667
v -12.837945 6.397534 -2.374925
v -12.936353 6.506855 -5.142656
v -12.902505 6.435003 -2.371149
v -13.000913 6.544325 -5.138881
v -12.957473 6.472994 -2.367694
v -13.055881 6.582316 -5.135426
v -13.001185 6.510855 -2.364645
v -13.099593 6.620176 -5.132376
v -13.029412 6.482672 -2.364754
v -13.127820 6.591993 -5.132485
v -12.991603 6.438912 -2.367827
v -13.090011 6.548234 -5.135558
v -12.953685 6.383899 -2.371348
v -13.052093 6.493220 -5.139080
v -12.916301 6.319295 -2.375229
v -13.014709 6.428617 -5.142961
v -12.880103 6.246766 -2.379381
v -12.978511 6.356088 -5.147112
v -12.845742 6.167974 -2.383715
v -12.944150 6.277296 -5.151446
v -12.813865 6.084582 -2.388142
v -12.912272 6.193903 -5.155873
v -12.785125 5.998254 -2.392574
v -12.883533 6.107575 -5.160305
v -12.760173 5.910654 -2.396921
v -12.858581 6.019976 -5.164653
v -12.739654 5.823446 -2.401095
v -12.838061 5.932767 -5.168827
v -12.724223 5.738292 -2.405007
v -12.822631 5.847614 -5.172739
v -12.714526 5.656857 -2.408569
v -12.812934 5.766179 -5.176300
v -12.711219 5.580805 -2.411690
v -12.809627 5.690126 -5.179421
v -12.715238 2.715500 -2.524723
v -12.813645 2.824822 -5.292455
v -12.718764 2.639448 -2.527602
v -12.817172 2.748769 -5.295333
v -12.728688 2.558013 -2.530465
v -12.827096 2.667335 -5.298197
v -12.744359 2.472860 -2.533272
v -12.842767 2.582181 -5.301003
v -12.765121 2.385651 -2.535978
v -12.863528 2.494973 -5.303710
v -12.790320 2.298051 -2.538542
v -12.888728 2.407373 -5.306273
v -12.819303 2.211724 -2.540921
v -12.917710 2.321045 -5.308653
v -12.851411 2.128331 -2.543074
v -12.949819 2.237653 -5.310805
v -12.885995 2.049539 -2.544956
v -12.984403 2.158860 -5.312688
v -12.922399 1.977009 -2.546527
v -13.020806 2.086331 -5.314258
v -12.959962 1.912406 -2.547743
v -13.058370 2.021728 -5.315475
v -12.998033 1.857393 -2.548562
v -13.096440 1.966715 -5.316294
v -13.035962 1.813634 -2.548942
v -13.134370 1.922956 -5.316673
v -13.007813 1.785451 -2.551056
v -13.106221 1.894772 -5.318788
v -12.963996 1.823311 -2.551119
v -13.062404 1.932633 -5.318850
v -12.908921 1.861302 -2.551576
v -13.007329 1.970624 -5.319308
v -12.844254 1.898771 -2.552395
v -12.942662 2.008093 -5.320127
v -12.771663 1.935066 -2.553543
v -12.870070 2.044388 -5.321274
v -12.692811 1.969534 -2.554985
v -12.791219 2.078856 -5.322717
v -12.609361 2.001523 -2.556689
v -12.707768 2.110845 -5.324420
v -12.522981 2.030380 -2.558620
v -12.621388 2.139702 -5.326352
v -12.435334 2.055454 -2.560746
v -12.533742 2.164775 -5.328478
v -12.348084 2.076091 -2.563033
v -12.446492 2.185413 -5.330765
v -12.262895 2.091640 -2.565448
v -12.361302 2.200962 -5.333179
v -12.181436 2.101448 -2.567957
v -12.279843 2.210769 -5.335689
v -12.105365 2.104862 -2.570527
v -12.203773 2.214183 -5.338258
v -10.912097 2.104862 -2.612954
v -11.010505 2.214183 -5.380686
v -11.068629 2.008737 -2.611186
v -11.167037 2.118059 -5.378917
v -11.256858 1.897184 -2.608899
v -11.355266 2.006505 -5.376631
v -11.470876 1.774735 -2.606126
v -11.569283 1.884057 -5.373857
v -11.704772 1.645926 -2.602898
v -11.803180 1.755247 -5.370629
v -11.952634 1.515290 -2.599245
v -12.051042 1.624611 -5.366976
v -12.208550 1.387361 -2.595198
v -12.306958 1.496683 -5.362930
v -12.466609 1.266674 -2.590790
v -12.565017 1.375996 -5.358521
v -12.720901 1.157763 -2.586050
v -12.819308 1.267084 -5.353782
v -12.965512 1.065161 -2.581010
v -13.063920 1.174483 -5.348742
v -13.194535 0.993404 -2.575702
v -13.292943 1.102725 -5.343433
v -13.402051 0.947024 -2.570155
v -13.500459 1.056345 -5.337887
v -13.582156 0.930557 -2.564402
v -13.680564 1.039878 -5.332133
v -13.612660 0.930943 -2.563302
v -13.711068 1.040264 -5.331034
v -13.642968 0.932079 -2.562180
v -13.741376 1.041400 -5.329911
v -13.672881 0.933933 -2.561043
v -13.771289 1.043254 -5.328774
v -13.702205 0.936471 -2.559900
v -13.800612 1.045793 -5.327631
v -13.730744 0.939663 -2.558759
v -13.829152 1.048984 -5.326490
v -13.758309 0.943474 -2.557629
v -13.856717 1.052795 -5.325360
v -13.784694 0.947872 -2.556517
v -13.883101 1.057194 -5.324248
v -13.809711 0.952825 -2.555432
v -13.908118 1.062146 -5.323163
v -13.833161 0.958300 -2.554382
v -13.931569 1.067621 -5.322113
v -13.854844 0.964263 -2.553375
v -13.953252 1.073585 -5.321106
v -13.874576 0.970684 -2.552420
v -13.972983 1.080006 -5.320151
v -13.892154 0.977529 -2.551525
v -13.990561 1.086850 -5.319256
v -13.901589 0.949345 -2.552302
v -13.999997 1.058667 -5.320034
v -13.859694 0.928572 -2.554612
v -13.958102 1.037894 -5.322344
v -13.814485 0.899807 -2.557356
v -13.912892 1.009129 -5.325088
v -13.766936 0.864062 -2.560459
v -13.865344 0.973383 -5.328190
v -13.718026 0.822346 -2.563845
v -13.816434 0.931668 -5.331577
v -13.668731 0.775673 -2.567441
v -13.767138 0.884995 -5.335173
v -13.620028 0.725053 -2.571173
v -13.718436 0.834375 -5.338904
v -13.572896 0.671497 -2.574964
v -13.671304 0.780819 -5.342695
v -13.528310 0.616017 -2.578741
v -13.626718 0.725338 -5.346472
v -13.487250 0.559623 -2.582428
v -13.585658 0.668944 -5.350159
v -13.450690 0.503327 -2.585951
v -13.549098 0.612648 -5.353683
v -13.419612 0.448140 -2.589236
v -13.518020 0.557462 -5.356968
v -13.394990 0.395073 -2.592208
v -13.493398 0.504395 -5.359939
v -13.373149 0.337576 -2.595255
v -13.471557 0.446898 -5.362987
v -13.354487 0.274076 -2.598427
v -13.452895 0.383398 -5.366158
v -13.339026 0.206010 -2.601665
v -13.437434 0.315332 -5.369397
v -13.326800 0.134813 -2.604912
v -13.425208 0.244134 -5.372643
v -13.317838 0.061919 -2.608110
v -13.416245 0.171240 -5.375842
v -13.312173 -0.011236 -2.611201
v -13.410581 0.098085 -5.378932
v -13.309833 -0.083217 -2.614127
v -13.408240 0.026105 -5.381859
v -13.310849 -0.152588 -2.616831
v -13.409257 -0.043266 -5.384562
v -13.315253 -0.217914 -2.619255
v -13.413661 -0.108592 -5.386987
v -13.323075 -0.277760 -2.621341
v -13.421483 -0.168438 -5.389072
v -13.334346 -0.330691 -2.623031
v -13.432754 -0.221369 -5.390762
v -13.349093 -0.375271 -2.624267
v -13.447501 -0.265949 -5.391999
v -13.311538 -0.394060 -2.626345
v -13.409945 -0.284738 -5.394076
v -13.292855 -0.351959 -2.625346
v -13.391263 -0.242637 -5.393077
v -13.265782 -0.306204 -2.624501
v -13.364190 -0.196883 -5.392233
v -13.231334 -0.257840 -2.623816
v -13.329741 -0.148519 -5.391547
v -13.190520 -0.207911 -2.623295
v -13.288928 -0.098589 -5.391026
v -13.144359 -0.157459 -2.622943
v -13.242766 -0.048137 -5.390675
v -13.093856 -0.107529 -2.622767
v -13.192264 0.001792 -5.390498
v -13.040029 -0.059165 -2.622770
v -13.138436 0.050156 -5.390502
v -12.983890 -0.013411 -2.622959
v -13.082297 0.095911 -5.390691
v -12.926448 0.028690 -2.623339
v -13.024856 0.138012 -5.391070
v -12.868724 0.066094 -2.623914
v -12.967132 0.175416 -5.391645
v -12.811721 0.097757 -2.624690
v -12.910129 0.207078 -5.392421
v -12.756459 0.122635 -2.625672
v -12.854867 0.231956 -5.393404
v -12.632661 0.174886 -2.628010
v -12.731069 0.284208 -5.395741
v -12.510364 0.228279 -2.630250
v -12.608771 0.337600 -5.397981
v -12.389501 0.282781 -2.632394
v -12.487908 0.392102 -5.400126
v -12.270009 0.338359 -2.634448
v -12.368417 0.447681 -5.402179
v -12.151818 0.394981 -2.636413
v -12.250226 0.504303 -5.404145
v -12.034867 0.452615 -2.638295
v -12.133275 0.561936 -5.406026
v -11.919086 0.511227 -2.640097
v -12.017493 0.620548 -5.407828
v -11.804416 0.570784 -2.641821
v -11.902823 0.680106 -5.409553
v -11.690787 0.631256 -2.643473
v -11.789195 0.740577 -5.411204
v -11.578135 0.692608 -2.645055
v -11.676543 0.801929 -5.412786
v -11.466397 0.754808 -2.646571
v -11.564805 0.864129 -5.414303
v -11.355506 0.817823 -2.648025
v -11.453914 0.927145 -5.415756
v -11.358708 -1.465026 -2.738081
v -11.457116 -1.355704 -5.505812
v -11.361648 -1.528797 -2.740495
v -11.460055 -1.419476 -5.508226
v -11.369943 -1.597070 -2.742897
v -11.468350 -1.487749 -5.510628
v -11.383069 -1.668474 -2.745250
v -11.481477 -1.559153 -5.512982
v -11.400506 -1.741640 -2.747520
v -11.498914 -1.632318 -5.515252
v -11.421729 -1.815197 -2.749671
v -11.520137 -1.705876 -5.517403
v -11.446214 -1.887776 -2.751667
v -11.544621 -1.778454 -5.519399
v -11.473432 -1.958006 -2.753474
v -11.571839 -1.848684 -5.521205
v -11.502866 -2.024517 -2.755054
v -11.601274 -1.915196 -5.522786
v -11.533988 -2.085940 -2.756374
v -11.632396 -1.976618 -5.524105
v -11.566278 -2.140904 -2.757397
v -11.664685 -2.031582 -5.525128
v -11.599206 -2.188039 -2.758088
v -11.697614 -2.078718 -5.525819
v -11.632255 -2.225976 -2.758411
v -11.730662 -2.116654 -5.526142
v -11.604106 -2.254159 -2.760525
v -11.702514 -2.144837 -5.528256
v -11.566119 -2.221170 -2.760573
v -11.664527 -2.111848 -5.528304
v -11.518931 -2.188311 -2.760952
v -11.617339 -2.078990 -5.528684
v -11.463912 -2.156105 -2.761637
v -11.562320 -2.046783 -5.529368
v -11.402436 -2.125072 -2.762597
v -11.500844 -2.015751 -5.530328
v -11.335876 -2.095737 -2.763805
v -11.434283 -1.986415 -5.531536
v -11.265597 -2.068619 -2.765232
v -11.364005 -1.959297 -5.532964
v -11.192973 -2.044241 -2.766852
v -11.291381 -1.934920 -5.534583
v -11.119376 -2.023126 -2.768634
v -11.217784 -1.913804 -5.536366
v -11.046174 -2.005794 -2.770553
v -11.144582 -1.896472 -5.538284
v -10.974742 -1.992768 -2.772578
v -11.073150 -1.883446 -5.540309
v -10.906447 -1.984569 -2.774682
v -11.004855 -1.875247 -5.542414
v -10.842664 -1.981720 -2.776838
v -10.941072 -1.872399 -5.544569
v -10.778888 -1.984569 -2.779218
v -10.877295 -1.875247 -5.546949
v -10.710616 -1.992767 -2.781969
v -10.809024 -1.883446 -5.549700
v -10.639218 -2.005794 -2.785022
v -10.737626 -1.896472 -5.552753
v -10.566068 -2.023125 -2.788308
v -10.664475 -1.913804 -5.556039
v -10.492530 -2.044241 -2.791756
v -10.590938 -1.934919 -5.559488
v -10.419976 -2.068619 -2.795299
v -10.518384 -1.959297 -5.563030
v -10.349772 -2.095737 -2.798866
v -10.448180 -1.986415 -5.566597
v -10.283292 -2.125072 -2.802389
v -10.381700 -2.015751 -5.570120
v -10.221904 -2.156105 -2.805797
v -10.320312 -2.046783 -5.573528
v -10.166976 -2.188311 -2.809022
v -10.265384 -2.078990 -5.576754
v -10.119880 -2.221170 -2.811995
v -10.218287 -2.111848 -5.579726
v -10.081983 -2.254159 -2.814645
v -10.180390 -2.144837 -5.582376
v -6.585410 5.392916 -2.636919
v -6.683818 5.502238 -5.404651
v -6.586635 4.519233 -2.671385
v -6.685042 4.628555 -5.439116
v -8.653716 4.519233 -2.597888
v -8.752124 4.628555 -5.365620
v -8.652492 5.392916 -2.563423
v -8.750899 5.502238 -5.331154
v -11.696736 5.392916 -2.455182
v -11.795144 5.502238 -5.222914
v -9.629655 5.392916 -2.528679
v -9.728063 5.502238 -5.296411
v -9.630879 4.519233 -2.563145
v -9.729287 4.628555 -5.330876
v -11.697961 4.519233 -2.489648
v -11.796369 4.628555 -5.257380
v -6.588927 2.884600 -2.735869
v -6.687335 2.993922 -5.503601
v -8.656009 2.884600 -2.662373
v -8.754416 2.993922 -5.430104
v -8.654731 3.795861 -2.626424
v -8.753139 3.905183 -5.394156
v -6.587649 3.795861 -2.699921
v -6.686057 3.905183 -5.467652
v -11.700253 2.884600 -2.554132
v -11.798661 2.993922 -5.321864
v -11.698976 3.795861 -2.518184
v -11.797383 3.905183 -5.285915
v -9.631894 3.795861 -2.591681
v -9.730302 3.905183 -5.359412
v -9.633172 2.884600 -2.627629
v -9.731580 2.993922 -5.395360
vn -0.0355 0.0394 -0.9986
vn -0.0354 0.0394 -0.9986
vn 0.0355 -0.0394 0.9986
vn 0.0356 -0.0394 0.9986
vn 0.5556 -0.8298 -0.0525
vn 0.5024 -0.8631 -0.0520
vn 0.4531 -0.8900 -0.0513
vn 0.4066 -0.9122 -0.0505
vn 0.3617 -0.9310 -0.0496
vn 0.3176 -0.9470 -0.0487
vn 0.2729 -0.9609 -0.0477
vn 0.2267 -0.9728 -0.0465
vn 0.1777 -0.9830 -0.0451
vn 0.1244 -0.9913 -0.0436
vn 0.0649 -0.9970 -0.0417
vn 0.6275 -0.7768 -0.0530
vn 0.8402 0.5423 -0.0085
vn 0.2251 0.9739 0.0305
vn 0.3043 0.9522 0.0268
vn 0.3637 0.9312 0.0239
vn 0.4116 0.9111 0.0214
vn 0.4527 0.8914 0.0191
vn 0.4903 0.8714 0.0170
vn 0.5265 0.8500 0.0149
vn 0.5633 0.8262 0.0126
vn 0.6023 0.7982 0.0101
vn 0.6454 0.7638 0.0072
vn 0.6947 0.7193 0.0037
vn 0.7603 0.6496 -0.0014
vn 0.8171 0.5765 -0.0063
vn 0.8509 0.5252 -0.0095
vn 0.8770 0.4804 -0.0122
vn 0.8983 0.4392 -0.0146
vn 0.9167 0.3992 -0.0168
vn 0.9334 0.3584 -0.0190
vn 0.9491 0.3143 -0.0213
vn 0.9642 0.2642 -0.0238
vn 0.9787 0.2038 -0.0267
vn 0.9915 0.1267 -0.0302
vn 0.9991 0.0224 -0.0346
vn 0.7210 0.6929 0.0017
vn -0.6325 0.7727 0.0530
vn -0.9674 0.2492 0.0442
vn -0.9397 0.3387 0.0468
vn -0.9139 0.4030 0.0484
vn -0.8902 0.4528 0.0495
vn -0.8678 0.4943 0.0504
vn -0.8458 0.5311 0.0510
vn -0.8231 0.5656 0.0516
vn -0.7984 0.5999 0.0521
vn -0.7700 0.6358 0.0525
vn -0.7357 0.6752 0.0528
vn -0.6916 0.7203 0.0530
vn -0.6340 0.7715 0.0530
vn -0.6031 0.7959 0.0529
vn -0.6076 0.7925 0.0529
vn -0.6120 0.7891 0.0529
vn -0.6163 0.7857 0.0529
vn -0.6206 0.7824 0.0530
vn -0.6248 0.7790 0.0530
vn -0.6289 0.7757 0.0530
vn -0.6330 0.7723 0.0530
vn -0.6371 0.7690 0.0530
vn -0.6412 0.7656 0.0530
vn -0.6452 0.7621 0.0530
vn -0.6329 0.7724 0.0530
vn -0.5998 0.7984 0.0529
vn -0.5640 0.8241 0.0526
vn -0.5310 0.8458 0.0523
vn -0.5000 0.8645 0.0519
vn -0.4700 0.8811 0.0515
vn -0.4405 0.8963 0.0511
vn -0.4106 0.9104 0.0506
vn -0.3796 0.9238 0.0500
vn -0.3467 0.9367 0.0493
vn -0.3111 0.9491 0.0486
vn -0.2715 0.9613 0.0476
vn 0.6123 0.7906 0.0095
vn 0.9991 -0.0224 -0.0364
vn 0.9959 -0.0822 -0.0387
vn 0.9879 -0.1496 -0.0410
vn 0.9779 -0.2049 -0.0429
vn 0.9666 -0.2526 -0.0443
vn 0.9541 -0.2959 -0.0456
vn 0.9402 -0.3374 -0.0468
vn 0.9240 -0.3793 -0.0478
vn 0.9044 -0.4240 -0.0489
vn 0.8789 -0.4745 -0.0500
vn 0.8433 -0.5350 -0.0511
vn 0.7894 -0.6117 -0.0522
vn 0.9988 0.0360 -0.0341
vn 0.0374 0.9986 0.0381
vn -0.6107 0.7901 0.0529
vn -0.5339 0.8439 0.0523
vn -0.4733 0.8794 0.0516
vn -0.4228 0.9048 0.0508
vn -0.3780 0.9244 0.0500
vn -0.3361 0.9405 0.0491
vn -0.2947 0.9544 0.0482
vn -0.2513 0.9668 0.0471
vn -0.2035 0.9780 0.0459
vn -0.1482 0.9880 0.0443
vn -0.0808 0.9958 0.0422
vn -0.0210 0.9990 0.0402
vn 0.0238 0.9990 0.0386
vn 0.0836 0.9958 0.0364
vn 0.1510 0.9880 0.0337
vn 0.2063 0.9780 0.0313
vn 0.2540 0.9668 0.0292
vn 0.2973 0.9544 0.0271
vn 0.3388 0.9405 0.0251
vn 0.3806 0.9244 0.0230
vn 0.4253 0.9048 0.0206
vn 0.4758 0.8794 0.0178
vn 0.5362 0.8439 0.0143
vn 0.6129 0.7901 0.0094
vn -0.0346 0.9986 0.0407
vn -0.9987 0.0361 0.0369
vn -0.7911 -0.6117 0.0040
vn -0.8448 -0.5350 0.0089
vn -0.8802 -0.4745 0.0126
vn -0.9055 -0.4240 0.0155
vn -0.9251 -0.3793 0.0179
vn -0.9411 -0.3374 0.0201
vn -0.9549 -0.2959 0.0223
vn -0.9673 -0.2526 0.0244
vn -0.9784 -0.2049 0.0267
vn -0.9883 -0.1496 0.0292
vn -0.9961 -0.0822 0.0322
vn -0.9991 -0.0224 0.0346
vn -0.9991 0.0231 0.0364
vn -0.9956 0.0848 0.0387
vn -0.9872 0.1538 0.0412
vn -0.9768 0.2099 0.0430
vn -0.9652 0.2577 0.0445
vn -0.9528 0.3002 0.0457
vn -0.9392 0.3401 0.0468
vn -0.9239 0.3796 0.0478
vn -0.9058 0.4209 0.0488
vn -0.8829 0.4668 0.0498
vn -0.8518 0.5213 0.0509
vn -0.8053 0.5906 0.0520
vn -0.2707 0.9615 0.0476
vn 0.3498 0.9365 0.0246
vn 0.3832 0.9234 0.0228
vn 0.4163 0.9090 0.0211
vn 0.4474 0.8941 0.0194
vn 0.4745 0.8801 0.0179
vn 0.4957 0.8683 0.0167
vn 0.5092 0.8605 0.0159
vn 0.5138 0.8578 0.0156
vn -0.1509 0.9875 0.0444
vn -0.9990 -0.0272 0.0344
vn -0.7093 -0.7049 -0.0026
vn -0.7747 -0.6323 0.0026
vn -0.8187 -0.5741 0.0064
vn -0.8510 -0.5250 0.0095
vn -0.8765 -0.4812 0.0122
vn -0.8980 -0.4398 0.0146
vn -0.9171 -0.3984 0.0169
vn -0.9348 -0.3546 0.0192
vn -0.9518 -0.3059 0.0218
vn -0.9683 -0.2487 0.0246
vn -0.9836 -0.1781 0.0279
vn -0.9913 -0.1279 0.0302
vn -0.9883 -0.1499 0.0292
vn -0.9721 -0.2334 0.0253
vn -0.9339 -0.3570 0.0191
vn -0.8545 -0.5193 0.0099
vn -0.7192 -0.6948 -0.0019
vn -0.5427 -0.8398 -0.0139
vn -0.3682 -0.9295 -0.0236
vn -0.2299 -0.9727 -0.0302
vn -0.1356 -0.9902 -0.0343
vn -0.0778 -0.9963 -0.0366
vn -0.0463 -0.9982 -0.0378
vn -0.0187 -0.9991 -0.0388
vn 0.0151 -0.9991 -0.0400
vn 0.0360 -0.9985 -0.0407
vn 0.0460 -0.9981 -0.0411
vn 0.0586 -0.9974 -0.0415
vn 0.0745 -0.9963 -0.0420
vn 0.0941 -0.9947 -0.0426
vn 0.1180 -0.9921 -0.0434
vn 0.1469 -0.9882 -0.0443
vn 0.1817 -0.9823 -0.0453
vn 0.2232 -0.9737 -0.0464
vn 0.2720 -0.9611 -0.0476
vn 0.3288 -0.9431 -0.0489
vn -0.5662 -0.8242 -0.0124
vn -0.7057 0.7066 0.0530
vn 0.0235 0.9990 0.0386
vn 0.0826 0.9959 0.0364
vn 0.1493 0.9882 0.0337
vn 0.2044 0.9784 0.0314
vn 0.2522 0.9672 0.0292
vn 0.2958 0.9549 0.0272
vn 0.3376 0.9410 0.0252
vn 0.3799 0.9248 0.0230
vn 0.4250 0.9049 0.0206
vn 0.4761 0.8792 0.0178
vn 0.5370 0.8435 0.0142
vn 0.6136 0.7895 0.0094
vn -0.0342 0.9986 0.0407
vn -0.9987 0.0356 0.0369
vn -0.7905 -0.6125 0.0039
vn -0.8444 -0.5357 0.0089
vn -0.8800 -0.4747 0.0125
vn -0.9057 -0.4237 0.0155
vn -0.9254 -0.3785 0.0180
vn -0.9416 -0.3362 0.0202
vn -0.9554 -0.2944 0.0223
vn -0.9677 -0.2508 0.0245
vn -0.9788 -0.2030 0.0268
vn -0.9886 -0.1479 0.0293
vn -0.9962 -0.0811 0.0322
vn -0.9994 -0.0000 0.0355
vn -0.9960 0.0812 0.0386
vn -0.9881 0.1479 0.0410
vn -0.9782 0.2030 0.0428
vn -0.9670 0.2508 0.0443
vn -0.9546 0.2944 0.0456
vn -0.9406 0.3362 0.0467
vn -0.9244 0.3785 0.0478
vn -0.9045 0.4237 0.0489
vn -0.8787 0.4747 0.0500
vn -0.8429 0.5357 0.0511
vn -0.7888 0.6124 0.0522
vn -0.9988 -0.0356 0.0341
vn -0.0370 -0.9986 -0.0381
vn 0.6114 -0.7895 -0.0529
vn 0.5346 -0.8435 -0.0523
vn 0.4736 -0.8792 -0.0516
vn 0.4225 -0.9049 -0.0508
vn 0.3773 -0.9248 -0.0499
vn 0.3349 -0.9410 -0.0491
vn 0.2931 -0.9549 -0.0481
vn 0.2495 -0.9672 -0.0471
vn 0.2017 -0.9784 -0.0458
vn 0.1466 -0.9882 -0.0442
vn 0.0798 -0.9959 -0.0422
vn 0.0207 -0.9990 -0.0402
vn -0.8944 -0.4471 0.0141
vn -0.7910 0.6096 0.0522
vn -0.7748 0.6301 0.0524
vn -0.7583 0.6497 0.0526
vn -0.7417 0.6686 0.0528
vn -0.7251 0.6866 0.0529
vn -0.7084 0.7039 0.0530
vn -0.6917 0.7203 0.0530
vn -0.6751 0.7358 0.0531
vn -0.6586 0.7506 0.0531
vn -0.6424 0.7646 0.0530
vn -0.6263 0.7778 0.0530
vn -0.5737 0.8174 0.0527
vn -0.5057 0.8612 0.0520
vn -0.4655 0.8835 0.0515
vn -0.4311 0.9009 0.0509
vn -0.3997 0.9153 0.0504
vn -0.3693 0.9280 0.0498
vn -0.3383 0.9398 0.0491
vn -0.3050 0.9511 0.0484
vn -0.2674 0.9624 0.0475
vn -0.2227 0.9738 0.0464
vn -0.1671 0.9849 0.0448
vn -0.0939 0.9947 0.0426
vn -0.0249 0.9989 0.0403
vn 0.0047 0.9992 0.0393
vn 0.0127 0.9992 0.0390
vn 0.0269 0.9989 0.0385
vn 0.0480 0.9981 0.0377
vn 0.0766 0.9964 0.0366
vn 0.1130 0.9930 0.0352
vn 0.1571 0.9870 0.0334
vn 0.2082 0.9776 0.0312
vn 0.2651 0.9638 0.0286
vn 0.3256 0.9451 0.0258
vn 0.3874 0.9216 0.0226
vn -0.4315 0.9007 0.0509
vn -0.8773 -0.4798 0.0122
vn -0.3760 -0.9263 -0.0232
vn -0.4701 -0.8824 -0.0181
vn -0.5374 -0.8432 -0.0142
vn -0.5893 -0.8078 -0.0110
vn -0.6322 -0.7747 -0.0081
vn -0.6700 -0.7423 -0.0055
vn -0.7053 -0.7089 -0.0029
vn -0.7401 -0.6725 -0.0002
vn -0.7762 -0.6305 0.0027
vn -0.8150 -0.5794 0.0061
vn -0.8581 -0.5135 0.0102
vn -0.8929 -0.4501 0.0140
vn -0.9199 -0.3917 0.0172
vn -0.9435 -0.3308 0.0205
vn -0.9600 -0.2791 0.0231
vn -0.9720 -0.2338 0.0253
vn -0.9809 -0.1927 0.0273
vn -0.9877 -0.1540 0.0290
vn -0.9928 -0.1159 0.0307
vn -0.9965 -0.0766 0.0324
vn -0.9988 -0.0337 0.0342
vn -0.9992 0.0159 0.0362
vn -0.9962 0.0776 0.0385
vn -0.8431 -0.5377 0.0087
vn 0.4729 -0.8796 -0.0516
vn 0.9537 -0.2974 -0.0457
vn 0.9290 -0.3670 -0.0475
vn 0.9059 -0.4206 -0.0488
vn 0.8840 -0.4648 -0.0498
vn 0.8625 -0.5035 -0.0506
vn 0.8407 -0.5391 -0.0512
vn 0.8175 -0.5737 -0.0517
vn 0.7917 -0.6087 -0.0522
vn 0.7619 -0.6455 -0.0526
vn 0.7260 -0.6857 -0.0529
vn 0.6806 -0.7307 -0.0531
vn 0.6444 -0.7629 -0.0530
vn 0.6417 -0.7651 -0.0530
vn 0.6572 -0.7518 -0.0531
vn 0.6730 -0.7378 -0.0531
vn 0.6889 -0.7229 -0.0530
vn 0.7050 -0.7072 -0.0530
vn 0.7212 -0.6907 -0.0529
vn 0.7374 -0.6733 -0.0528
vn 0.7537 -0.6551 -0.0527
vn 0.7700 -0.6359 -0.0525
vn 0.7862 -0.6158 -0.0523
vn 0.8022 -0.5948 -0.0520
vn -0.3082 -0.9509 -0.0266
vn -0.9991 0.0223 0.0364
vn -0.9959 0.0819 0.0386
vn -0.9879 0.1493 0.0410
vn -0.9778 0.2049 0.0429
vn -0.9664 0.2531 0.0444
vn -0.9538 0.2970 0.0456
vn -0.9396 0.3391 0.0468
vn -0.9230 0.3817 0.0479
vn -0.9029 0.4271 0.0490
vn -0.8769 0.4781 0.0501
vn -0.8409 0.5387 0.0512
vn -0.7872 0.6144 0.0523
vn -0.9988 -0.0348 0.0341
vn -0.0362 -0.9986 -0.0382
vn 0.6134 -0.7880 -0.0529
vn 0.5376 -0.8416 -0.0524
vn 0.4769 -0.8774 -0.0516
vn 0.4259 -0.9034 -0.0508
vn 0.3805 -0.9234 -0.0500
vn 0.3379 -0.9399 -0.0491
vn 0.2957 -0.9541 -0.0482
vn 0.2518 -0.9666 -0.0471
vn 0.2036 -0.9780 -0.0459
vn 0.1479 -0.9880 -0.0443
vn 0.0805 -0.9959 -0.0422
vn -0.0014 -0.9992 -0.0394
vn -0.0833 -0.9959 -0.0364
vn -0.1507 -0.9880 -0.0337
vn -0.2063 -0.9780 -0.0313
vn -0.2545 -0.9666 -0.0291
vn -0.2984 -0.9541 -0.0271
vn -0.3405 -0.9399 -0.0250
vn -0.3830 -0.9234 -0.0229
vn -0.4284 -0.9034 -0.0204
vn -0.4794 -0.8774 -0.0176
vn -0.5400 -0.8416 -0.0140
vn -0.6156 -0.7880 -0.0092
vn 0.0334 -0.9986 -0.0406
vn 0.9987 -0.0348 -0.0369
vn 0.7890 0.6144 -0.0038
vn 0.8424 0.5387 -0.0087
vn 0.8782 0.4781 -0.0123
vn 0.9041 0.4271 -0.0153
vn 0.9241 0.3817 -0.0178
vn 0.9405 0.3391 -0.0200
vn 0.9546 0.2970 -0.0222
vn 0.9671 0.2531 -0.0244
vn 0.9784 0.2049 -0.0267
vn 0.9884 0.1493 -0.0292
vn 0.9961 0.0819 -0.0322
vn 0.9992 0.0223 -0.0346
vn 0.3071 -0.9504 -0.0485
vn -0.8027 -0.5963 0.0050
vn -0.7882 -0.6154 0.0037
vn -0.7731 -0.6343 0.0024
vn -0.7576 -0.6528 0.0012
vn -0.7415 -0.6709 -0.0001
vn -0.7251 -0.6887 -0.0014
vn -0.7083 -0.7059 -0.0027
vn -0.6911 -0.7227 -0.0040
vn -0.6737 -0.7390 -0.0052
vn -0.6560 -0.7548 -0.0065
vn -0.6381 -0.7699 -0.0077
vn -0.6439 -0.7651 -0.0073
vn -0.6855 -0.7281 -0.0044
vn -0.7323 -0.6810 -0.0009
vn -0.7688 -0.6395 0.0021
vn -0.7986 -0.6018 0.0046
vn -0.8241 -0.5664 0.0069
vn -0.8468 -0.5318 0.0091
vn -0.8680 -0.4965 0.0112
vn -0.8886 -0.4586 0.0135
vn -0.9095 -0.4154 0.0159
vn -0.9315 -0.3632 0.0188
vn -0.9551 -0.2954 0.0223
vn -0.6104 -0.7920 -0.0096
vn 0.7561 -0.6523 -0.0527
vn 0.9943 0.1017 -0.0313
vn 0.9992 0.0210 -0.0347
vn 0.9984 -0.0418 -0.0372
vn 0.9948 -0.0938 -0.0391
vn 0.9894 -0.1396 -0.0407
vn 0.9824 -0.1822 -0.0421
vn 0.9736 -0.2239 -0.0435
vn 0.9627 -0.2667 -0.0448
vn 0.9488 -0.3126 -0.0461
vn 0.9302 -0.3639 -0.0474
vn 0.9046 -0.4234 -0.0489
vn 0.8654 -0.4985 -0.0505
vn 0.8182 -0.5727 -0.0517
vn 0.7765 -0.6279 -0.0524
vn 0.7398 -0.6708 -0.0528
vn 0.7061 -0.7061 -0.0530
vn 0.6738 -0.7370 -0.0531
vn 0.6412 -0.7655 -0.0530
vn 0.6064 -0.7934 -0.0529
vn 0.5668 -0.8222 -0.0526
vn 0.5188 -0.8533 -0.0522
vn 0.4562 -0.8884 -0.0513
vn 0.3676 -0.9286 -0.0498
vn 0.8098 -0.5845 -0.0519
vn 0.7172 0.6969 0.0020
vn 0.0542 0.9978 0.0375
vn 0.1039 0.9940 0.0356
vn 0.1513 0.9879 0.0336
vn 0.1974 0.9798 0.0317
vn 0.2433 0.9695 0.0296
vn 0.2897 0.9567 0.0275
vn 0.3375 0.9410 0.0252
vn 0.3875 0.9216 0.0226
vn 0.4403 0.8976 0.0198
vn 0.4967 0.8678 0.0166
vn 0.5571 0.8304 0.0130
vn 0.5978 0.8015 0.0104
vn 0.6165 0.7873 0.0092
vn 0.6339 0.7733 0.0080
vn 0.6517 0.7584 0.0068
vn 0.6698 0.7425 0.0055
vn 0.6880 0.7257 0.0042
vn 0.7064 0.7078 0.0028
vn 0.7249 0.6889 0.0014
vn 0.7433 0.6690 -0.0000
vn 0.7616 0.6481 -0.0015
vn 0.7797 0.6262 -0.0030
vn 0.7974 0.6034 -0.0045
vn 0.8910 -0.4512 -0.0495
vn -0.0123 -0.9992 -0.0390
vn -0.0431 -0.9984 -0.0379
vn -0.0807 -0.9961 -0.0365
vn -0.1147 -0.9928 -0.0351
vn -0.1461 -0.9887 -0.0339
vn -0.1758 -0.9839 -0.0326
vn -0.2044 -0.9784 -0.0314
vn -0.2327 -0.9721 -0.0301
vn -0.2610 -0.9649 -0.0288
vn -0.2900 -0.9566 -0.0275
vn -0.3201 -0.9470 -0.0260
vn -0.3520 -0.9357 -0.0244
vn -0.9798 0.1956 0.0426
vn 0.0365 0.9986 0.0381
vn 0.0696 0.9969 0.0369
vn 0.1005 0.9943 0.0357
vn 0.1299 0.9909 0.0345
vn 0.1580 0.9869 0.0334
vn 0.1855 0.9821 0.0322
vn 0.2127 0.9766 0.0310
vn 0.2403 0.9702 0.0298
vn 0.2690 0.9627 0.0285
vn 0.2998 0.9536 0.0270
vn 0.3340 0.9422 0.0253
vn -0.3641 0.9300 0.0497
vn -0.9453 -0.3256 0.0207
vn -0.4870 -0.8732 -0.0172
vn -0.5805 -0.8142 -0.0115
vn -0.6454 -0.7638 -0.0072
vn -0.6940 -0.7199 -0.0038
vn -0.7330 -0.6802 -0.0008
vn -0.7663 -0.6425 0.0019
vn -0.7965 -0.6046 0.0044
vn -0.8253 -0.5646 0.0070
vn -0.8542 -0.5199 0.0098
vn -0.8842 -0.4669 0.0130
vn -0.9162 -0.4003 0.0168
vn -0.9363 -0.3506 0.0194
vn -0.9377 -0.3470 0.0196
vn -0.9315 -0.3633 0.0188
vn -0.9252 -0.3790 0.0179
vn -0.9189 -0.3942 0.0171
vn -0.9123 -0.4091 0.0163
vn -0.9056 -0.4238 0.0155
vn -0.8986 -0.4384 0.0146
vn -0.8914 -0.4531 0.0138
vn -0.8837 -0.4678 0.0129
vn -0.8756 -0.4829 0.0121
vn -0.8669 -0.4983 0.0111
vn -0.8759 -0.4823 0.0121
vn -0.9044 -0.4263 0.0153
vn -0.9299 -0.3672 0.0186
vn -0.9483 -0.3168 0.0212
vn -0.9621 -0.2716 0.0235
vn -0.9731 -0.2289 0.0256
vn -0.9821 -0.1864 0.0276
vn -0.9895 -0.1416 0.0296
vn -0.9953 -0.0918 0.0318
vn -0.9989 -0.0330 0.0342
vn -0.9985 0.0406 0.0371
vn -0.9895 0.1385 0.0407
vn -0.8449 -0.5349 0.0089
vn 0.4935 -0.8682 -0.0518
vn 0.9406 -0.3362 -0.0467
vn 0.9060 -0.4204 -0.0488
vn 0.8756 -0.4805 -0.0501
vn 0.8483 -0.5271 -0.0510
vn 0.8228 -0.5660 -0.0516
vn 0.7977 -0.6007 -0.0521
vn 0.7718 -0.6338 -0.0525
vn 0.7432 -0.6670 -0.0528
vn 0.7100 -0.7022 -0.0530
vn 0.6690 -0.7413 -0.0531
vn 0.6151 -0.7866 -0.0529
vn 0.5474 -0.8352 -0.0525
vn 0.4825 -0.8744 -0.0517
vn 0.4302 -0.9013 -0.0509
vn 0.3846 -0.9217 -0.0501
vn 0.3436 -0.9378 -0.0493
vn 0.3057 -0.9509 -0.0484
vn 0.2693 -0.9619 -0.0476
vn 0.2333 -0.9713 -0.0467
vn 0.1961 -0.9795 -0.0457
vn 0.1563 -0.9867 -0.0445
vn 0.1118 -0.9928 -0.0432
vn 0.0598 -0.9973 -0.0415
vn 0.0148 -0.9991 -0.0400
vn -0.0038 -0.9992 -0.0393
vn -0.0096 -0.9992 -0.0391
vn -0.0197 -0.9991 -0.0388
vn -0.0344 -0.9987 -0.0382
vn -0.0541 -0.9978 -0.0375
vn -0.0789 -0.9962 -0.0365
vn -0.1087 -0.9934 -0.0354
vn -0.1435 -0.9891 -0.0340
vn -0.1826 -0.9827 -0.0323
vn -0.2253 -0.9738 -0.0305
vn -0.2707 -0.9622 -0.0284
vn 0.5932 -0.8033 -0.0528
vn 0.8077 0.5895 -0.0054
vn 0.3600 0.9327 0.0240
vn 0.4514 0.8921 0.0192
vn 0.5162 0.8563 0.0155
vn 0.5657 0.8245 0.0125
vn 0.6062 0.7953 0.0099
vn 0.6415 0.7671 0.0075
vn 0.6742 0.7385 0.0052
vn 0.7061 0.7081 0.0029
vn 0.7390 0.6737 0.0003
vn 0.7744 0.6327 -0.0025
vn 0.8140 0.5808 -0.0060
vn 0.8500 0.5266 -0.0094
vn 0.8685 0.4955 -0.0113
vn 0.8756 0.4829 -0.0121
vn 0.8822 0.4707 -0.0128
vn 0.8885 0.4587 -0.0135
vn 0.8944 0.4470 -0.0141
vn 0.9001 0.4355 -0.0148
vn 0.9054 0.4242 -0.0154
vn 0.9106 0.4130 -0.0161
vn 0.9155 0.4019 -0.0167
vn 0.9203 0.3909 -0.0173
vn 0.9249 0.3799 -0.0179
vn 0.9411 0.3374 -0.0201
vn 0.9640 0.2648 -0.0238
vn 0.9793 0.2005 -0.0269
vn 0.9887 0.1470 -0.0293
vn 0.9944 0.1005 -0.0314
vn 0.9978 0.0580 -0.0332
vn 0.9992 0.0174 -0.0348
vn 0.9991 -0.0237 -0.0365
vn 0.9970 -0.0678 -0.0381
vn 0.9922 -0.1182 -0.0399
vn 0.9828 -0.1800 -0.0421
vn 0.9640 -0.2620 -0.0446
vn 0.9445 0.3278 -0.0206
vn -0.2530 0.9663 0.0472
vn -0.8610 0.5061 0.0506
vn -0.7940 0.6056 0.0522
vn -0.7236 0.6882 0.0529
vn -0.6526 0.7559 0.0531
vn -0.5824 0.8112 0.0527
vn -0.5137 0.8564 0.0521
vn -0.4460 0.8936 0.0512
vn -0.3787 0.9242 0.0500
vn -0.3107 0.9493 0.0485
vn -0.2404 0.9696 0.0468
vn -0.1660 0.9851 0.0448
vn 0.4695 0.8827 0.0182
vn 0.9029 0.4297 -0.0151
vn 0.9197 0.3923 -0.0172
vn 0.9337 0.3577 -0.0191
vn 0.9455 0.3248 -0.0208
vn 0.9559 0.2928 -0.0224
vn 0.9651 0.2606 -0.0240
vn 0.9735 0.2274 -0.0256
vn 0.9810 0.1921 -0.0273
vn 0.9877 0.1534 -0.0291
vn 0.9935 0.1098 -0.0310
vn 0.9977 0.0590 -0.0331
vn 0.9993 -0.0063 -0.0358
vn 0.9960 -0.0812 -0.0386
vn 0.9881 -0.1479 -0.0410
vn 0.9782 -0.2030 -0.0428
vn 0.9670 -0.2508 -0.0443
vn 0.9546 -0.2944 -0.0456
vn 0.9244 -0.3785 -0.0478
vn 0.9045 -0.4237 -0.0489
vn 0.8787 -0.4748 -0.0500
vn 0.8429 -0.5357 -0.0511
vn 0.7888 -0.6124 -0.0522
vn 0.9988 0.0356 -0.0341
vn 0.0370 0.9986 0.0381
vn -0.6114 0.7895 0.0529
vn -0.5346 0.8435 0.0523
vn -0.4736 0.8792 0.0516
vn -0.4225 0.9049 0.0508
vn -0.3773 0.9248 0.0499
vn -0.3349 0.9410 0.0491
vn -0.2931 0.9549 0.0481
vn -0.2495 0.9672 0.0471
vn -0.2017 0.9784 0.0458
vn -0.1466 0.9882 0.0442
vn -0.0798 0.9959 0.0422
vn -0.0207 0.9990 0.0402
vn 0.7077 0.7066 0.0027
vn 0.9991 -0.0238 -0.0365
vn 0.9955 -0.0868 -0.0388
vn 0.9867 -0.1570 -0.0413
vn 0.9759 -0.2139 -0.0431
vn 0.9640 -0.2623 -0.0446
vn 0.9510 -0.3057 -0.0459
vn 0.9368 -0.3468 -0.0470
vn 0.9204 -0.3879 -0.0480
vn 0.9008 -0.4315 -0.0491
vn 0.8407 -0.5392 -0.0512
vn 0.7878 -0.6137 -0.0523
vn 0.9988 0.0354 -0.0341
vn 0.0369 0.9986 0.0381
vn -0.6125 0.7887 0.0529
vn -0.5374 0.8417 0.0524
vn -0.4782 0.8767 0.0516
vn -0.4285 0.9021 0.0509
vn -0.3843 0.9219 0.0501
vn -0.3425 0.9382 0.0492
vn -0.3008 0.9525 0.0483
vn -0.2568 0.9653 0.0473
vn -0.2081 0.9770 0.0460
vn -0.1515 0.9875 0.0444
vn -0.0825 0.9957 0.0423
vn -0.0214 0.9990 0.0402
vn 0.9507 -0.3066 -0.0459
vn 0.9614 -0.2715 -0.0449
vn 0.9706 -0.2366 -0.0439
vn 0.9783 -0.2026 -0.0428
vn 0.9846 -0.1700 -0.0417
vn 0.9894 -0.1391 -0.0407
vn 0.9931 -0.1104 -0.0397
vn 0.9957 -0.0838 -0.0387
vn 0.9975 -0.0596 -0.0378
vn 0.9986 -0.0377 -0.0370
vn 0.9992 -0.0179 -0.0362
vn 0.9994 -0.0043 -0.0357
vn 0.7057 -0.7066 -0.0530
vn -0.6912 -0.7226 -0.0040
vn -0.9950 -0.0942 0.0317
vn -0.9809 -0.1925 0.0273
vn -0.9557 -0.2936 0.0224
vn -0.9187 -0.3946 0.0171
vn -0.8703 -0.4924 0.0115
vn -0.8116 -0.5842 0.0058
vn -0.7448 -0.6673 0.0001
vn -0.6723 -0.7403 -0.0053
vn -0.5969 -0.8023 -0.0105
vn -0.5208 -0.8535 -0.0152
vn -0.4462 -0.8947 -0.0195
vn -0.4115 -0.9112 -0.0214
vn -0.4538 -0.8909 -0.0191
vn -0.5223 -0.8526 -0.0151
vn -0.5747 -0.8183 -0.0119
vn -0.6174 -0.7866 -0.0091
vn -0.6543 -0.7562 -0.0066
vn -0.6881 -0.7256 -0.0042
vn -0.7211 -0.6928 -0.0017
vn -0.7551 -0.6556 0.0010
vn -0.7924 -0.6100 0.0041
vn -0.8352 -0.5499 0.0080
vn -0.8862 -0.4631 0.0132
vn -0.4373 -0.8991 -0.0200
vn 0.8557 -0.5150 -0.0508
vn 0.9851 0.1699 -0.0283
vn 0.9982 0.0499 -0.0335
vn 0.9987 -0.0350 -0.0369
vn 0.9942 -0.0997 -0.0393
vn 0.9874 -0.1527 -0.0411
vn 0.9790 -0.1991 -0.0427
vn 0.9691 -0.2427 -0.0440
vn 0.9571 -0.2861 -0.0453
vn 0.9420 -0.3323 -0.0466
vn 0.9220 -0.3843 -0.0480
vn 0.8934 -0.4465 -0.0494
vn 0.8492 -0.5257 -0.0510
vn 0.7988 -0.5993 -0.0521
vn 0.7569 -0.6514 -0.0526
vn 0.7194 -0.6926 -0.0529
vn 0.6852 -0.7264 -0.0531
vn 0.6532 -0.7553 -0.0531
vn 0.6222 -0.7810 -0.0530
vn 0.5910 -0.8050 -0.0528
vn 0.5580 -0.8282 -0.0526
vn 0.5212 -0.8519 -0.0522
vn 0.4776 -0.8771 -0.0516
vn 0.4221 -0.9051 -0.0508
vn 0.9106 -0.4104 -0.0486
vn 0.4604 0.8875 0.0187
vn -0.2659 0.9628 0.0475
vn -0.2243 0.9734 0.0464
vn -0.1892 0.9809 0.0455
vn -0.1591 0.9863 0.0446
vn -0.1328 0.9902 0.0438
vn -0.1093 0.9931 0.0431
vn -0.0880 0.9952 0.0424
vn -0.0683 0.9968 0.0418
vn -0.0499 0.9979 0.0412
vn -0.0323 0.9987 0.0406
vn -0.0153 0.9991 0.0400
vn 0.0223 0.9990 0.0387
vn 0.0980 0.9945 0.0358
vn 0.1854 0.9821 0.0322
vn 0.2623 0.9646 0.0288
vn 0.3299 0.9437 0.0255
vn 0.3895 0.9208 0.0225
vn 0.4423 0.8967 0.0197
vn 0.4895 0.8718 0.0170
vn 0.5324 0.8464 0.0145
vn 0.5718 0.8203 0.0121
vn 0.6087 0.7933 0.0097
vn 0.6439 0.7651 0.0073
vn 0.9975 -0.0602 -0.0378
vn 0.5347 -0.8434 -0.0523
vn 0.4811 -0.8751 -0.0517
vn 0.4361 -0.8985 -0.0510
vn 0.3961 -0.9168 -0.0503
vn 0.3588 -0.9321 -0.0496
vn 0.3222 -0.9454 -0.0488
vn 0.2846 -0.9575 -0.0479
vn 0.2440 -0.9686 -0.0469
vn 0.1983 -0.9791 -0.0457
vn 0.1446 -0.9885 -0.0442
vn 0.0789 -0.9960 -0.0421
vn -0.0027 -0.9992 -0.0394
vn -0.0860 -0.9956 -0.0363
vn -0.1548 -0.9874 -0.0335
vn -0.2108 -0.9770 -0.0311
vn -0.2589 -0.9655 -0.0289
vn -0.3023 -0.9528 -0.0269
vn -0.3436 -0.9388 -0.0249
vn -0.3850 -0.9226 -0.0228
vn -0.4291 -0.9030 -0.0204
vn -0.4788 -0.8777 -0.0176
vn -0.5384 -0.8426 -0.0141
vn -0.6139 -0.7893 -0.0093
vn 0.0343 -0.9986 -0.0407
vn 0.9987 -0.0357 -0.0369
vn 0.7903 0.6127 -0.0039
vn 0.8435 0.5371 -0.0088
vn 0.8785 0.4775 -0.0124
vn 0.9037 0.4278 -0.0152
vn 0.9233 0.3837 -0.0177
vn 0.9394 0.3422 -0.0199
vn 0.9534 0.3009 -0.0220
vn 0.9660 0.2575 -0.0242
vn 0.9775 0.2094 -0.0265
vn 0.9877 0.1533 -0.0291
vn 0.9959 0.0845 -0.0321
vn 0.9991 0.0231 -0.0346
vn 0.5368 -0.8421 -0.0523
vn -0.4393 -0.8981 -0.0199
vn -0.4726 -0.8811 -0.0180
vn -0.5024 -0.8645 -0.0163
vn -0.5296 -0.8481 -0.0147
vn -0.5551 -0.8317 -0.0131
vn -0.5795 -0.8149 -0.0116
vn -0.6036 -0.7973 -0.0100
vn -0.6278 -0.7783 -0.0084
vn -0.6529 -0.7574 -0.0067
vn -0.6796 -0.7336 -0.0048
vn -0.7087 -0.7055 -0.0027
vn -0.7623 -0.6472 0.0015
vn -0.8216 -0.5700 0.0067
vn -0.8604 -0.5094 0.0105
vn -0.8890 -0.4577 0.0135
vn -0.9111 -0.4119 0.0161
vn -0.9290 -0.3697 0.0184
vn -0.9441 -0.3290 0.0206
vn -0.9574 -0.2878 0.0227
vn -0.9696 -0.2436 0.0249
vn -0.9808 -0.1932 0.0272
vn -0.9908 -0.1316 0.0300
vn -0.9982 -0.0503 0.0335
vn -0.7065 -0.7077 -0.0028
vn 0.6571 -0.7520 -0.0531
vn 0.9813 -0.1878 -0.0423
vn 0.9585 -0.2815 -0.0452
vn 0.9358 -0.3494 -0.0471
vn 0.9143 -0.4021 -0.0484
vn 0.8938 -0.4458 -0.0494
vn 0.8735 -0.4843 -0.0502
vn 0.8525 -0.5202 -0.0509
vn 0.8299 -0.5555 -0.0514
vn 0.8043 -0.5920 -0.0520
vn 0.7735 -0.6317 -0.0525
vn 0.7344 -0.6767 -0.0528
vn 0.6875 -0.7242 -0.0531
vn 0.6604 -0.7490 -0.0531
vn 0.6563 -0.7526 -0.0531
vn 0.6522 -0.7562 -0.0531
vn 0.6481 -0.7597 -0.0531
vn 0.6440 -0.7631 -0.0530
vn 0.6399 -0.7666 -0.0530
vn 0.6358 -0.7700 -0.0530
vn 0.6316 -0.7735 -0.0530
vn 0.6273 -0.7769 -0.0530
vn 0.6230 -0.7804 -0.0530
vn 0.6186 -0.7839 -0.0530
vn 0.5998 -0.7984 -0.0529
vn -0.9960 0.0802 0.0386
vn -0.9884 0.1460 0.0409
vn -0.9789 0.1996 0.0427
vn -0.9684 0.2453 0.0441
vn -0.9572 0.2859 0.0453
vn -0.9451 0.3235 0.0464
vn -0.9317 0.3601 0.0474
vn -0.9164 0.3974 0.0483
vn -0.8980 0.4373 0.0492
vn -0.8746 0.4823 0.0501
vn -0.8428 0.5358 0.0511
vn -0.0802 0.9959 0.0422
vn 0.7458 0.6661 -0.0002
vn 0.7904 0.6126 -0.0039
vn 0.8320 0.5547 -0.0077
vn 0.8698 0.4932 -0.0114
vn 0.9031 0.4291 -0.0152
vn 0.9313 0.3637 -0.0188
vn 0.9543 0.2980 -0.0222
vn 0.9721 0.2333 -0.0253
vn 0.9850 0.1705 -0.0283
vn 0.9934 0.1104 -0.0310
vn 0.9980 0.0536 -0.0334
vn 0.7149 -0.6973 -0.0530
vn -0.7077 -0.7066 -0.0027
vn -0.9991 0.0219 0.0364
vn 0.9964 0.0786 -0.0323
vn 0.9993 0.0106 -0.0351
vn 0.9983 -0.0438 -0.0372
vn 0.9952 -0.0898 -0.0389
vn 0.9905 -0.1313 -0.0404
vn 0.9844 -0.1709 -0.0418
vn 0.9765 -0.2111 -0.0431
vn 0.9660 -0.2545 -0.0444
vn 0.9514 -0.3046 -0.0459
vn 0.9293 -0.3663 -0.0475
vn 0.8927 -0.4479 -0.0494
vn 0.9727 0.2306 -0.0255
vn -0.1601 0.9861 0.0446
vn -0.7545 0.6541 0.0527
vn -0.6868 0.7249 0.0531
vn -0.6291 0.7755 0.0530
vn -0.5780 0.8143 0.0527
vn -0.5308 0.8459 0.0523
vn -0.4851 0.8729 0.0517
vn -0.4387 0.8972 0.0510
vn -0.3894 0.9197 0.0502
vn -0.3346 0.9411 0.0491
vn -0.2712 0.9613 0.0476
vn -0.1949 0.9798 0.0456
vn -0.0759 0.9962 0.0420
vn 0.0038 0.9992 0.0393
vn 0.0281 0.9989 0.0385
vn 0.0484 0.9981 0.0377
vn 0.0738 0.9966 0.0367
vn 0.1045 0.9939 0.0355
vn 0.1404 0.9895 0.0341
vn 0.1819 0.9828 0.0324
vn 0.2290 0.9730 0.0303
vn 0.2815 0.9592 0.0279
vn 0.3393 0.9404 0.0251
vn 0.4016 0.9156 0.0219
vn 0.9943 0.1018 -0.0313
vn 0.5693 -0.8204 -0.0526
vn 0.5049 -0.8616 -0.0520
vn 0.4534 -0.8898 -0.0513
vn 0.4096 -0.9109 -0.0505
vn 0.3700 -0.9277 -0.0498
vn 0.3321 -0.9420 -0.0490
vn 0.2937 -0.9547 -0.0482
vn 0.2527 -0.9664 -0.0472
vn 0.2065 -0.9774 -0.0459
vn 0.1517 -0.9874 -0.0444
vn 0.0835 -0.9956 -0.0423
vn 0.0219 -0.9989 -0.0402
vn -0.0235 -0.9990 -0.0386
vn -0.0826 -0.9959 -0.0364
vn -0.1493 -0.9882 -0.0337
vn -0.2522 -0.9672 -0.0292
vn -0.2958 -0.9549 -0.0272
vn -0.3376 -0.9410 -0.0252
vn -0.3799 -0.9248 -0.0230
vn -0.4250 -0.9049 -0.0206
vn -0.4761 -0.8792 -0.0178
vn -0.5370 -0.8435 -0.0142
vn -0.6136 -0.7895 -0.0094
vn 0.0342 -0.9986 -0.0407
vn 0.9987 -0.0356 -0.0369
vn 0.7905 0.6125 -0.0039
vn 0.8444 0.5357 -0.0089
vn 0.8800 0.4747 -0.0125
vn 0.9057 0.4237 -0.0155
vn 0.9254 0.3785 -0.0180
vn 0.9416 0.3362 -0.0202
vn 0.9554 0.2944 -0.0223
vn 0.9677 0.2508 -0.0245
vn 0.9788 0.2030 -0.0268
vn 0.9886 0.1479 -0.0293
vn 0.9962 0.0812 -0.0322
vn 0.9992 0.0221 -0.0347
vn -0.9994 0.0007 0.0356
vn -0.9993 0.0064 0.0358
vn -0.9990 0.0248 0.0365
vn -0.9972 0.0651 0.0380
vn -0.9891 0.1417 0.0408
vn -0.9604 0.2750 0.0450
vn -0.8773 0.4774 0.0500
vn -0.7026 0.7096 0.0530
vn -0.4669 0.8828 0.0515
vn -0.2627 0.9637 0.0474
vn -0.1361 0.9897 0.0439
vn -0.0756 0.9963 0.0420
vn -0.0286 0.9988 0.0405
vn 0.0338 0.9987 0.0382
vn 0.0800 0.9961 0.0365
vn 0.1216 0.9920 0.0349
vn 0.1945 0.9804 0.0318
vn 0.3031 0.9526 0.0268
vn 0.4438 0.8959 0.0196
vn 0.5985 0.8010 0.0104
vn 0.7392 0.6735 0.0003
vn 0.8446 0.5353 -0.0089
vn 0.9122 0.4093 -0.0163
vn 0.9514 0.3073 -0.0217
vn 0.9729 0.2299 -0.0255
vn 0.9872 0.1570 -0.0289
vn -0.2352 -0.9715 -0.0300
vn -0.3190 -0.9474 -0.0261
vn -0.3798 -0.9248 -0.0230
vn -0.4278 -0.9037 -0.0205
vn -0.4684 -0.8833 -0.0182
vn -0.5053 -0.8628 -0.0161
vn -0.5408 -0.8410 -0.0140
vn -0.5771 -0.8166 -0.0117
vn -0.6162 -0.7875 -0.0092
vn -0.6604 -0.7509 -0.0062
vn -0.7123 -0.7018 -0.0024
vn -0.7699 -0.6382 0.0022
vn 0.6586 -0.7506 -0.0531
vn 0.9825 -0.1813 -0.0421
vn 0.9614 -0.2716 -0.0449
vn 0.9398 -0.3385 -0.0468
vn 0.9188 -0.3917 -0.0481
vn 0.8981 -0.4370 -0.0492
vn 0.8770 -0.4778 -0.0501
vn 0.8547 -0.5167 -0.0508
vn 0.8298 -0.5556 -0.0515
vn 0.8010 -0.5964 -0.0520
vn 0.7658 -0.6409 -0.0525
vn 0.7208 -0.6911 -0.0529
vn 0.6772 -0.7339 -0.0531
vn 0.6583 -0.7509 -0.0531
vn 0.6560 -0.7529 -0.0531
vn 0.6500 -0.7581 -0.0531
vn 0.6464 -0.7612 -0.0530
vn 0.6423 -0.7647 -0.0530
vn 0.6377 -0.7685 -0.0530
vn 0.6327 -0.7726 -0.0530
vn 0.6272 -0.7770 -0.0530
vn 0.6213 -0.7818 -0.0530
vn 0.6150 -0.7868 -0.0529
vn 0.6060 -0.7937 -0.0529
vn 0.5697 -0.8202 -0.0527
vn 0.5106 -0.8583 -0.0521
vn 0.4573 -0.8878 -0.0513
vn 0.4083 -0.9114 -0.0505
vn 0.3622 -0.9308 -0.0496
vn 0.3177 -0.9470 -0.0487
vn 0.2733 -0.9608 -0.0477
vn 0.2277 -0.9726 -0.0465
vn 0.1794 -0.9827 -0.0452
vn 0.1266 -0.9910 -0.0436
vn 0.0667 -0.9969 -0.0417
vn 0.6280 -0.7764 -0.0530
vn 0.5266 0.8500 0.0149
vn 0.7611 0.6486 -0.0014
vn 0.8200 0.5724 -0.0065
vn 0.8556 0.5175 -0.0100
vn 0.8827 0.4698 -0.0128
vn 0.9045 0.4262 -0.0153
vn 0.9229 0.3846 -0.0176
vn 0.9392 0.3427 -0.0199
vn 0.9542 0.2982 -0.0222
vn 0.9684 0.2483 -0.0246
vn 0.9816 0.1891 -0.0274
vn 0.9929 0.1146 -0.0308
vn 0.9993 0.0151 -0.0349
vn 0.7225 0.6914 0.0016
vn -0.6325 0.7728 0.0530
vn -0.9674 0.2493 0.0442
vn -0.9135 0.4040 0.0484
vn -0.8893 0.4546 0.0496
vn -0.8662 0.4971 0.0504
vn -0.8432 0.5352 0.0511
vn -0.8190 0.5714 0.0517
vn -0.7924 0.6078 0.0522
vn -0.7613 0.6463 0.0526
vn -0.7229 0.6889 0.0529
vn -0.6726 0.7381 0.0531
vn -0.6212 0.7819 0.0530
vn -0.6022 0.7966 0.0529
vn -0.6089 0.7915 0.0529
vn -0.6153 0.7865 0.0529
vn -0.6214 0.7817 0.0530
vn -0.6273 0.7770 0.0530
vn -0.6381 0.7681 0.0530
vn -0.6431 0.7639 0.0530
vn -0.6478 0.7599 0.0531
vn -0.6522 0.7562 0.0531
vn -0.6563 0.7526 0.0531
vn -0.6420 0.7649 0.0530
vn -0.5956 0.8016 0.0528
vn -0.5394 0.8404 0.0524
vn -0.4911 0.8696 0.0518
vn -0.4478 0.8927 0.0512
vn -0.4070 0.9120 0.0505
vn -0.3667 0.9290 0.0497
vn -0.3247 0.9445 0.0489
vn -0.2784 0.9593 0.0478
vn -0.2239 0.9735 0.0464
vn -0.1557 0.9868 0.0445
vn -0.0638 0.9971 0.0417
vn -0.5880 0.8072 0.0528
vn -0.8620 -0.5067 0.0106
vn -0.7879 -0.6158 0.0037
vn -0.8407 -0.5415 0.0085
vn -0.8760 -0.4821 0.0121
vn -0.9017 -0.4322 0.0150
vn -0.9216 -0.3877 0.0175
vn -0.9380 -0.3460 0.0197
vn -0.9523 -0.3045 0.0218
vn -0.9651 -0.2609 0.0240
vn -0.9768 -0.2127 0.0263
vn -0.9873 -0.1563 0.0289
vn -0.9957 -0.0865 0.0320
vn -0.9994 -0.0009 0.0355
vn -0.9957 0.0836 0.0387
vn -0.9875 0.1521 0.0411
vn -0.9771 0.2084 0.0430
vn -0.9654 0.2569 0.0445
vn -0.9525 0.3009 0.0458
vn -0.9381 0.3430 0.0469
vn -0.9215 0.3854 0.0480
vn -0.9013 0.4305 0.0490
vn -0.8753 0.4810 0.0501
vn -0.8395 0.5409 0.0512
vn -0.7863 0.6156 0.0523
vn -0.9988 -0.0344 0.0342
vn -0.0357 -0.9986 -0.0382
vn 0.6148 -0.7869 -0.0529
vn 0.5404 -0.8398 -0.0524
vn 0.4810 -0.8752 -0.0517
vn 0.4310 -0.9009 -0.0509
vn 0.3865 -0.9209 -0.0501
vn 0.3447 -0.9374 -0.0493
vn 0.3032 -0.9517 -0.0484
vn 0.2596 -0.9645 -0.0473
vn 0.2114 -0.9763 -0.0461
vn 0.1549 -0.9869 -0.0445
vn 0.0851 -0.9955 -0.0423
vn 0.0224 -0.9989 -0.0403
vn -0.0245 -0.9990 -0.0386
vn -0.0862 -0.9956 -0.0363
vn -0.1554 -0.9873 -0.0335
vn -0.2120 -0.9768 -0.0310
vn -0.2607 -0.9650 -0.0288
vn -0.3049 -0.9520 -0.0268
vn -0.3469 -0.9376 -0.0247
vn -0.3891 -0.9209 -0.0225
vn -0.4340 -0.9007 -0.0201
vn -0.4842 -0.8748 -0.0173
vn -0.5436 -0.8393 -0.0138
vn -0.6176 -0.7864 -0.0091
vn 0.0327 -0.9986 -0.0406
vn 0.9987 -0.0340 -0.0369
vn 0.7874 0.6164 -0.0036
vn 0.8401 0.5423 -0.0085
vn 0.9014 0.4326 -0.0150
vn 0.9216 0.3878 -0.0175
vn 0.9382 0.3455 -0.0197
vn 0.9526 0.3035 -0.0219
vn 0.9655 0.2593 -0.0241
vn 0.9772 0.2106 -0.0264
vn 0.9876 0.1540 -0.0290
vn 0.9959 0.0848 -0.0321
vn 0.6713 -0.7393 -0.0531
vn -0.1237 -0.9917 -0.0348
vn -0.1937 -0.9805 -0.0318
vn -0.2699 -0.9625 -0.0284
vn -0.3319 -0.9430 -0.0254
vn -0.3842 -0.9230 -0.0228
vn -0.4302 -0.9025 -0.0203
vn -0.4724 -0.8812 -0.0180
vn -0.5129 -0.8583 -0.0157
vn -0.5537 -0.8326 -0.0132
vn -0.5970 -0.8022 -0.0105
vn -0.6453 -0.7639 -0.0072
vn -0.7022 -0.7119 -0.0032
vn -0.0193 -0.9991 -0.0388
vn 0.9966 -0.0733 -0.0383
vn 0.8292 0.5589 -0.0074
vn 0.8712 0.4908 -0.0116
vn 0.9009 0.4338 -0.0149
vn 0.9234 0.3835 -0.0177
vn 0.9414 0.3366 -0.0202
vn 0.9565 0.2908 -0.0225
vn 0.9695 0.2438 -0.0248
vn 0.9807 0.1934 -0.0272
vn 0.9901 0.1371 -0.0298
vn 0.9969 0.0718 -0.0326
vn 0.9993 -0.0065 -0.0358
vn 0.9975 -0.0599 -0.0378
vn 0.9964 -0.0751 -0.0384
vn 0.9957 -0.0840 -0.0387
vn 0.9950 -0.0918 -0.0390
vn 0.9943 -0.0987 -0.0393
vn 0.9937 -0.1050 -0.0395
vn 0.9931 -0.1108 -0.0397
vn 0.9924 -0.1162 -0.0399
vn 0.9918 -0.1214 -0.0401
vn 0.9912 -0.1264 -0.0402
vn 0.9898 -0.1362 -0.0406
vn 0.9882 -0.1474 -0.0410
vn 0.9792 -0.1984 -0.0427
vn 0.9608 -0.2736 -0.0450
vn 0.9415 -0.3339 -0.0467
vn 0.9218 -0.3846 -0.0480
vn 0.9017 -0.4295 -0.0490
vn 0.8806 -0.4713 -0.0499
vn 0.8573 -0.5124 -0.0507
vn 0.8303 -0.5550 -0.0514
vn 0.7970 -0.6017 -0.0521
vn 0.7531 -0.6558 -0.0527
vn 0.6902 -0.7216 -0.0530
vn 0.9986 -0.0369 -0.0370
vn 0.0669 0.9971 0.0370
vn -0.5604 0.8266 0.0526
vn -0.4744 0.8788 0.0516
vn -0.4050 0.9129 0.0505
vn -0.3474 0.9364 0.0493
vn -0.2978 0.9534 0.0482
vn -0.2535 0.9662 0.0472
vn -0.2123 0.9761 0.0461
vn -0.1726 0.9840 0.0450
vn -0.1329 0.9902 0.0438
vn -0.0916 0.9949 0.0426
vn -0.0472 0.9980 0.0411
vn -0.0012 0.9992 0.0395
vn 0.0403 0.9985 0.0380
vn 0.0753 0.9965 0.0367
vn 0.1049 0.9938 0.0355
vn 0.1280 0.9912 0.0346
vn 0.1439 0.9890 0.0339
vn 0.1519 0.9878 0.0336
vn 0.1511 0.9879 0.0336
vn 0.1411 0.9894 0.0341
vn 0.1212 0.9920 0.0349
vn 0.0910 0.9952 0.0361
vn 0.0505 0.9980 0.0376
vn 0.1151 0.9927 0.0351
vn 0.2382 0.9707 0.0299
vn 0.3032 0.9525 0.0268
vn 0.3556 0.9343 0.0243
vn 0.3999 0.9163 0.0220
vn 0.4393 0.8981 0.0199
vn 0.4763 0.8791 0.0178
vn 0.5127 0.8584 0.0157
vn 0.5506 0.8346 0.0134
vn 0.5922 0.8057 0.0108
vn 0.6403 0.7681 0.0076
vn 0.6988 0.7153 0.0034
vn 0.0177 0.9991 0.0388
vn -0.9953 0.0886 0.0389
vn -0.8535 -0.5211 0.0098
vn -0.9020 -0.4315 0.0150
vn -0.9322 -0.3615 0.0189
vn -0.9526 -0.3036 0.0219
vn -0.9672 -0.2529 0.0244
vn -0.9782 -0.2060 0.0266
vn -0.9867 -0.1601 0.0288
vn -0.9931 -0.1128 0.0309
vn -0.9976 -0.0615 0.0330
vn -0.9994 -0.0033 0.0354
vn -0.9971 0.0659 0.0381
vn -0.9910 0.1276 0.0403
vn -0.9883 0.1472 0.0410
vn -0.9894 0.1396 0.0407
vn -0.9903 0.1328 0.0405
vn -0.9911 0.1266 0.0402
vn -0.9919 0.1210 0.0400
vn -0.9925 0.1156 0.0399
vn -0.9931 0.1105 0.0397
vn -0.9936 0.1055 0.0395
vn -0.9942 0.1004 0.0393
vn -0.9947 0.0950 0.0391
vn -0.9952 0.0893 0.0389
vn -0.6744 0.7364 0.0531
vn -0.0242 -0.9990 -0.0386
vn -0.0851 -0.9957 -0.0363
vn -0.1535 -0.9876 -0.0335
vn -0.2098 -0.9773 -0.0311
vn -0.2583 -0.9656 -0.0290
vn -0.3444 -0.9385 -0.0248
vn -0.3868 -0.9219 -0.0227
vn -0.4318 -0.9017 -0.0203
vn -0.4823 -0.8758 -0.0174
vn -0.5422 -0.8402 -0.0139
vn -0.6168 -0.7870 -0.0092
vn 0.0329 -0.9986 -0.0406
vn -0.0508 -0.9980 -0.0376
vn -0.7792 -0.6268 0.0029
vn -0.7897 -0.6134 0.0039
vn -0.8004 -0.5995 0.0048
vn -0.8110 -0.5850 0.0057
vn -0.8217 -0.5699 0.0067
vn -0.8323 -0.5542 0.0077
vn -0.8430 -0.5379 0.0087
vn -0.8535 -0.5210 0.0098
vn -0.8640 -0.5034 0.0108
vn -0.8743 -0.4852 0.0119
vn -0.8845 -0.4663 0.0130
vn -0.8847 -0.4660 0.0130
vn -0.8804 -0.4741 0.0126
vn -0.8813 -0.4723 0.0127
vn -0.8818 -0.4714 0.0127
vn -0.8817 -0.4715 0.0127
vn -0.8812 -0.4726 0.0127
vn -0.8801 -0.4746 0.0125
vn -0.8785 -0.4776 0.0124
vn -0.8763 -0.4816 0.0121
vn -0.8736 -0.4865 0.0118
vn -0.8703 -0.4923 0.0115
vn -0.8665 -0.4991 0.0111
vn -0.7962 0.6028 0.0521
vn 0.2461 0.9688 0.0295
vn 0.2876 0.9573 0.0276
vn 0.3674 0.9298 0.0237
vn 0.4296 0.9028 0.0204
vn 0.4809 0.8766 0.0175
vn 0.5254 0.8507 0.0149
vn 0.5663 0.8241 0.0124
vn 0.6061 0.7953 0.0099
vn 0.6471 0.7624 0.0071
vn 0.6919 0.7220 0.0039
vn 0.7435 0.6687 -0.0000
vn 0.8061 0.5917 -0.0053
vn 0.2636 0.9642 0.0287
vn -0.9517 0.3037 0.0458
vn -0.9091 -0.4162 0.0159
vn -0.9473 -0.3196 0.0211
vn -0.9694 -0.2443 0.0248
vn -0.9827 -0.1830 0.0277
vn -0.9910 -0.1305 0.0301
vn -0.9960 -0.0834 0.0321
vn -0.9987 -0.0388 0.0340
vn -0.9993 0.0055 0.0357
vn -0.9980 0.0517 0.0375
vn -0.9940 0.1024 0.0394
vn -0.9861 0.1609 0.0414
vn -0.9720 0.2309 0.0437
vn -0.9629 0.2661 0.0447
vn -0.9645 0.2604 0.0446
vn -0.9659 0.2550 0.0444
vn -0.9672 0.2499 0.0443
vn -0.9685 0.2451 0.0441
vn -0.9697 0.2404 0.0440
vn -0.9708 0.2358 0.0438
vn -0.9719 0.2313 0.0437
vn -0.9730 0.2268 0.0436
vn -0.9740 0.2223 0.0434
vn -0.9751 0.2177 0.0433
vn -0.9727 0.2279 0.0436
vn -0.9598 0.2771 0.0451
vn -0.9382 0.3429 0.0469
vn -0.9167 0.3967 0.0483
vn -0.8952 0.4429 0.0493
vn -0.8733 0.4846 0.0502
vn -0.8500 0.5244 0.0509
vn -0.8240 0.5643 0.0516
vn -0.7934 0.6064 0.0522
vn -0.7553 0.6533 0.0527
vn -0.7042 0.7081 0.0530
vn -0.6304 0.7745 0.0530
vn -0.9833 0.1770 0.0420
vn -0.2410 -0.9701 -0.0297
vn 0.4308 -0.9010 -0.0509
vn 0.3457 -0.9370 -0.0493
vn 0.2752 -0.9602 -0.0477
vn 0.2171 -0.9751 -0.0462
vn 0.1690 -0.9846 -0.0449
vn 0.1290 -0.9907 -0.0437
vn 0.0957 -0.9945 -0.0427
vn 0.0679 -0.9968 -0.0418
vn 0.0447 -0.9982 -0.0410
vn 0.0257 -0.9989 -0.0404
vn 0.0106 -0.9991 -0.0398
vn -0.2201 -0.9750 -0.0307
vn -0.4160 -0.9091 -0.0211
vn -0.3799 -0.9247 -0.0230
vn -0.3395 -0.9403 -0.0251
vn -0.2951 -0.9551 -0.0272
vn -0.2474 -0.9685 -0.0295
vn -0.1978 -0.9797 -0.0317
vn -0.1485 -0.9883 -0.0338
vn -0.1021 -0.9941 -0.0356
vn -0.0618 -0.9974 -0.0372
vn -0.0304 -0.9988 -0.0384
vn -0.0105 -0.9992 -0.0391
vn -0.1010 -0.9942 -0.0357
vn -0.1934 -0.9806 -0.0319
vn -0.2436 -0.9694 -0.0296
vn -0.3399 -0.9401 -0.0250
vn -0.4167 -0.9088 -0.0211
vn -0.5325 -0.8463 -0.0145
vn -0.5791 -0.8152 -0.0116
vn -0.6218 -0.7831 -0.0088
vn -0.6629 -0.7487 -0.0060
vn -0.7046 -0.7096 -0.0030
vn -0.7493 -0.6623 0.0005
vn -0.8002 -0.5997 0.0048
vn -0.2529 -0.9671 -0.0292
vn 0.9514 -0.3044 -0.0459
vn 0.9011 0.4333 -0.0149
vn 0.9286 0.3705 -0.0184
vn 0.9467 0.3214 -0.0210
vn 0.9598 0.2798 -0.0231
vn 0.9699 0.2422 -0.0249
vn 0.9783 0.2057 -0.0267
vn 0.9853 0.1682 -0.0284
vn 0.9914 0.1274 -0.0302
vn 0.9962 0.0805 -0.0322
vn 0.9991 0.0236 -0.0346
vn 0.9981 -0.0490 -0.0374
vn 0.9788 -0.2003 -0.0427
vn 0.9529 -0.3000 -0.0457
vn 0.9578 -0.2838 -0.0453
vn 0.9625 -0.2675 -0.0448
vn 0.9668 -0.2516 -0.0443
vn 0.9707 -0.2362 -0.0438
vn 0.9742 -0.2217 -0.0434
vn 0.9771 -0.2082 -0.0430
vn 0.9796 -0.1962 -0.0426
vn 0.9817 -0.1857 -0.0422
vn 0.9833 -0.1769 -0.0420
vn 0.9846 -0.1699 -0.0417
vn 0.6198 -0.7830 -0.0530
vn -0.7293 -0.6842 -0.0011
vn -0.9990 0.0239 0.0365
vn -0.9954 0.0871 0.0388
vn -0.9867 0.1570 0.0413
vn -0.9760 0.2132 0.0431
vn -0.9643 0.2611 0.0446
vn -0.9516 0.3040 0.0458
vn -0.9375 0.3448 0.0470
vn -0.9214 0.3857 0.0480
vn -0.9018 0.4293 0.0490
vn -0.8766 0.4785 0.0501
vn -0.8416 0.5376 0.0512
vn -0.7884 0.6129 0.0522
vn -0.9988 -0.0357 0.0341
vn -0.0371 -0.9986 -0.0381
vn 0.6119 -0.7892 -0.0529
vn 0.5365 -0.8423 -0.0523
vn 0.4774 -0.8772 -0.0516
vn 0.4281 -0.9023 -0.0509
vn 0.3845 -0.9218 -0.0501
vn 0.3435 -0.9379 -0.0493
vn 0.3027 -0.9518 -0.0484
vn 0.2598 -0.9645 -0.0473
vn 0.2119 -0.9762 -0.0461
vn 0.1556 -0.9868 -0.0445
vn 0.0857 -0.9954 -0.0424
vn -0.0006 -0.9992 -0.0394
vn -0.0859 -0.9956 -0.0363
vn 0.7901 0.6129 -0.0039
vn 0.8431 0.5376 -0.0087
vn 0.8780 0.4785 -0.0123
vn 0.9030 0.4293 -0.0152
vn 0.9225 0.3857 -0.0176
vn 0.9385 0.3448 -0.0198
vn 0.9524 0.3040 -0.0219
vn 0.9650 0.2611 -0.0240
vn 0.9766 0.2133 -0.0263
vn 0.9957 0.0871 -0.0320
vn 0.9991 0.0239 -0.0346
vn 0.6848 -0.7268 -0.0531
vn -0.1007 -0.9943 -0.0357
vn -0.1752 -0.9840 -0.0326
vn -0.2840 -0.9584 -0.0278
vn -0.3260 -0.9450 -0.0257
vn -0.3642 -0.9310 -0.0238
vn -0.4010 -0.9158 -0.0219
vn -0.4384 -0.8986 -0.0199
vn -0.4787 -0.8778 -0.0177
vn -0.5247 -0.8511 -0.0150
vn -0.5804 -0.8143 -0.0115
vn -0.6517 -0.7584 -0.0068
vn -0.0882 -0.9954 -0.0362
vn 0.9840 -0.1733 -0.0418
vn 0.8324 0.5541 -0.0077
vn 0.8741 0.4857 -0.0119
vn 0.9020 0.4315 -0.0150
vn 0.9223 0.3860 -0.0175
vn 0.9513 0.3074 -0.0217
vn 0.9627 0.2695 -0.0236
vn 0.9729 0.2298 -0.0255
vn 0.9822 0.1861 -0.0276
vn 0.9903 0.1356 -0.0299
vn 0.9967 0.0744 -0.0325
vn 0.9989 -0.0285 -0.0366
vn 0.9899 -0.1362 -0.0406
vn 0.9777 -0.2055 -0.0429
vn 0.9642 -0.2614 -0.0446
vn 0.9500 -0.3088 -0.0460
vn 0.9351 -0.3512 -0.0471
vn 0.9190 -0.3913 -0.0481
vn 0.9009 -0.4313 -0.0491
vn 0.8793 -0.4737 -0.0500
vn 0.8518 -0.5213 -0.0509
vn 0.8143 -0.5782 -0.0518
vn 0.7579 -0.6502 -0.0526
vn 0.9993 0.0118 -0.0351
vn 0.0524 0.9979 0.0376
vn -0.5864 0.8083 0.0528
vn -0.5036 0.8623 0.0520
vn -0.4332 0.8998 0.0509
vn -0.3728 0.9266 0.0499
vn -0.3199 0.9462 0.0487
vn -0.2725 0.9610 0.0476
vn -0.2288 0.9724 0.0465
vn -0.1868 0.9813 0.0454
vn -0.1451 0.9884 0.0442
vn -0.1014 0.9939 0.0429
vn -0.0533 0.9977 0.0413
vn 0.0190 0.9991 0.0388
vn 0.5040 0.8635 0.0162
vn 0.9993 0.0113 -0.0351
vn 0.8470 -0.5291 -0.0510
vn 0.8471 -0.5290 -0.0510
vn 0.8470 -0.5292 -0.0510
vn 0.8466 -0.5298 -0.0510
vn 0.8460 -0.5307 -0.0510
vn 0.8452 -0.5320 -0.0511
vn 0.8442 -0.5335 -0.0511
vn 0.8430 -0.5355 -0.0511
vn 0.8415 -0.5378 -0.0512
vn 0.8398 -0.5405 -0.0512
vn 0.8378 -0.5436 -0.0513
vn 0.8321 -0.5522 -0.0514
vn 0.7994 -0.5985 -0.0521
vn 0.7466 -0.6632 -0.0527
vn 0.7036 -0.7087 -0.0530
vn 0.6660 -0.7441 -0.0531
vn 0.6306 -0.7743 -0.0530
vn 0.5945 -0.8024 -0.0528
vn 0.5548 -0.8303 -0.0525
vn 0.5073 -0.8602 -0.0520
vn 0.4454 -0.8939 -0.0511
vn 0.3570 -0.9328 -0.0495
vn 0.7504 -0.6588 -0.0527
vn 0.7546 0.6561 -0.0009
vn 0.2323 0.9722 0.0301
vn 0.3800 0.9247 0.0230
vn 0.4722 0.8813 0.0180
vn 0.5356 0.8444 0.0143
vn 0.5832 0.8122 0.0113
vn 0.6221 0.7829 0.0088
vn 0.6566 0.7542 0.0064
vn 0.6895 0.7243 0.0041
vn 0.7237 0.6902 0.0015
vn 0.7620 0.6476 -0.0015
vn 0.8084 0.5887 -0.0055
vn 0.8386 0.5448 -0.0083
vn 0.8623 0.5063 -0.0107
vn 0.8939 0.4481 -0.0141
vn 0.9177 0.3968 -0.0170
vn 0.9356 0.3527 -0.0193
vn 0.9493 0.3137 -0.0214
vn 0.9602 0.2783 -0.0231
vn 0.9691 0.2452 -0.0248
vn 0.9767 0.2131 -0.0263
vn 0.9832 0.1805 -0.0278
vn 0.9889 0.1458 -0.0294
vn 0.9938 0.1066 -0.0311
vn 0.9977 0.0591 -0.0331
vn 0.6960 0.7180 0.0036
vn -0.6939 0.7181 0.0530
vn -0.9975 0.0597 0.0378
vn -0.9933 0.1084 0.0396
vn -0.9879 0.1495 0.0410
vn -0.9815 0.1867 0.0423
vn -0.9740 0.2225 0.0434
vn -0.9650 0.2586 0.0445
vn -0.9540 0.2964 0.0456
vn -0.9401 0.3376 0.0468
vn -0.9223 0.3835 0.0479
vn -0.8987 0.4359 0.0492
vn -0.8663 0.4969 0.0504
vn -0.8411 0.5385 0.0512
vn 0.0607 0.9975 0.0372
vn 0.8966 0.4425 -0.0144
vn 0.8988 0.4381 -0.0147
vn 0.9010 0.4335 -0.0149
vn 0.9033 0.4288 -0.0152
vn 0.9055 0.4240 -0.0154
vn 0.9078 0.4190 -0.0157
vn 0.9102 0.4139 -0.0160
vn 0.9125 0.4086 -0.0163
vn 0.9150 0.4032 -0.0166
vn 0.9174 0.3976 -0.0169
vn 0.9199 0.3918 -0.0172
vn 0.9348 0.3547 -0.0192
vn 0.9570 0.2893 -0.0226
vn 0.9723 0.2323 -0.0254
vn 0.9827 0.1832 -0.0277
vn 0.9899 0.1388 -0.0297
vn 0.9948 0.0969 -0.0315
vn 0.9979 0.0552 -0.0333
vn 0.9993 0.0116 -0.0351
vn 0.9986 -0.0366 -0.0370
vn 0.9949 -0.0927 -0.0390
vn 0.9859 -0.1621 -0.0415
vn 0.9664 -0.2531 -0.0444
vn 0.9438 0.3298 -0.0205
vn -0.2629 0.9636 0.0474
vn -0.8771 0.4777 0.0501
vn -0.8314 0.5533 0.0514
vn -0.7922 0.6081 0.0522
vn -0.7571 0.6511 0.0526
vn -0.7242 0.6875 0.0529
vn -0.6576 0.7515 0.0531
vn -0.6201 0.7828 0.0530
vn -0.5766 0.8153 0.0527
vn -0.5238 0.8502 0.0522
vn -0.4562 0.8884 0.0513
vn -0.4033 0.9137 0.0504
vn -0.3633 0.9303 0.0497
vn -0.3151 0.9478 0.0486
vn -0.2729 0.9609 0.0477
vn -0.2354 0.9708 0.0467
vn -0.2015 0.9784 0.0458
vn -0.1702 0.9844 0.0449
vn -0.1408 0.9891 0.0441
vn -0.1126 0.9927 0.0432
vn -0.0849 0.9955 0.0423
vn -0.0571 0.9975 0.0414
vn -0.0285 0.9988 0.0405
vn -0.0016 0.9992 0.0395
vn 0.0200 0.9990 0.0387
vn 0.0389 0.9985 0.0381
vn 0.0586 0.9976 0.0373
vn 0.0792 0.9962 0.0365
vn 0.1014 0.9942 0.0357
vn 0.1257 0.9915 0.0347
vn 0.1528 0.9877 0.0336
vn 0.1835 0.9825 0.0323
vn 0.2191 0.9752 0.0307
vn 0.2612 0.9649 0.0288
vn 0.3120 0.9497 0.0264
vn -0.3117 0.9489 0.0486
vn -0.9615 -0.2738 0.0234
vn -0.4639 -0.8857 -0.0185
vn -0.5449 -0.8384 -0.0137
vn -0.6040 -0.7969 -0.0100
vn -0.6499 -0.7600 -0.0069
vn -0.6880 -0.7257 -0.0042
vn -0.7212 -0.6927 -0.0017
vn -0.7519 -0.6593 0.0007
vn -0.7816 -0.6238 0.0031
vn -0.8115 -0.5843 0.0058
vn -0.8429 -0.5380 0.0087
vn -0.8766 -0.4810 0.0122
vn -0.9024 -0.4306 0.0151
vn -0.9099 -0.4145 0.0160
vn -0.9078 -0.4191 0.0157
vn -0.9055 -0.4241 0.0154
vn -0.9030 -0.4294 0.0151
vn -0.9003 -0.4350 0.0148
vn -0.8974 -0.4409 0.0145
vn -0.8911 -0.4536 0.0138
vn -0.8876 -0.4604 0.0134
vn -0.8839 -0.4676 0.0130
vn -0.8799 -0.4750 0.0125
vn -0.9991 0.0216 0.0364
vn 0.0033 0.9992 0.0394
vn 0.8590 0.5119 -0.0103
vn 0.8605 0.5093 -0.0105
vn 0.8644 0.5028 -0.0109
vn 0.8666 0.4988 -0.0111
vn 0.8691 0.4944 -0.0114
vn 0.8719 0.4896 -0.0117
vn 0.8748 0.4843 -0.0120
vn 0.8779 0.4786 -0.0123
vn 0.8812 0.4725 -0.0127
vn 0.8847 0.4659 -0.0131
vn 0.8921 0.4515 -0.0139
vn 0.9154 0.4022 -0.0167
vn 0.9432 0.3316 -0.0204
vn 0.9620 0.2720 -0.0235
vn 0.9752 0.2197 -0.0260
vn 0.9848 0.1716 -0.0282
vn 0.9917 0.1251 -0.0303
vn 0.9965 0.0777 -0.0324
vn 0.9991 0.0266 -0.0345
vn 0.9988 -0.0319 -0.0368
vn 0.9939 -0.1032 -0.0394
vn 0.9797 -0.1959 -0.0426
vn 0.8593 0.5114 -0.0104
vn -0.4522 0.8904 0.0513
vn -0.8989 0.4354 0.0492
vn -0.8353 0.5473 0.0513
vn -0.7649 0.6421 0.0526
vn -0.6910 0.7209 0.0530
vn -0.6160 0.7859 0.0529
vn -0.5409 0.8395 0.0524
vn -0.4656 0.8835 0.0515
vn -0.3896 0.9196 0.0502
vn -0.3118 0.9489 0.0486
vn -0.2307 0.9719 0.0466
vn -0.1446 0.9885 0.0442
vn 0.5378 0.8430 0.0142
vn 0.9465 0.3219 -0.0209
vn 0.9515 0.3068 -0.0217
vn 0.9566 0.2904 -0.0225
vn 0.9620 0.2722 -0.0235
vn 0.9674 0.2520 -0.0244
vn 0.9730 0.2294 -0.0255
vn 0.9843 0.1744 -0.0281
vn 0.9896 0.1405 -0.0296
vn 0.9944 0.1009 -0.0314
vn 0.9980 0.0542 -0.0333
vn 0.9993 -0.0094 -0.0359
vn 0.9955 -0.0865 -0.0388
vn 0.9869 -0.1563 -0.0413
vn 0.9762 -0.2127 -0.0431
vn 0.9643 -0.2610 -0.0446
vn 0.9514 -0.3045 -0.0459
vn 0.9371 -0.3460 -0.0470
vn 0.9205 -0.3877 -0.0480
vn 0.9005 -0.4322 -0.0491
vn 0.8747 -0.4821 -0.0501
vn 0.8391 -0.5415 -0.0512
vn 0.7861 -0.6159 -0.0523
vn 0.9988 0.0343 -0.0342
vn 0.0357 0.9986 0.0382
vn -0.6146 0.7870 0.0529
vn -0.5398 0.8401 0.0524
vn -0.4799 0.8758 0.0517
vn -0.4293 0.9017 0.0509
vn -0.3842 0.9219 0.0501
vn -0.3418 0.9385 0.0492
vn -0.2997 0.9528 0.0483
vn -0.2556 0.9656 0.0472
vn -0.2070 0.9773 0.0460
vn -0.1508 0.9876 0.0444
vn -0.0823 0.9957 0.0423
vn 0.0252 0.9989 0.0386
vn 0.0879 0.9955 0.0362
vn 0.1577 0.9869 0.0334
vn 0.2141 0.9763 0.0310
vn 0.2623 0.9645 0.0288
vn 0.3059 0.9517 0.0267
vn 0.3473 0.9374 0.0247
vn 0.3891 0.9209 0.0225
vn 0.4335 0.9009 0.0202
vn 0.4834 0.8752 0.0174
vn 0.5428 0.8398 0.0139
vn 0.6171 0.7869 0.0091
vn -0.0329 0.9986 0.0406
vn -0.9987 0.0343 0.0369
vn -0.9525 0.3010 0.0458
vn -0.9988 -0.0343 0.0342
vn 0.6149 -0.7869 -0.0529
vn 0.4309 -0.9009 -0.0509
vn 0.9714 -0.2335 -0.0438
vn 0.9706 -0.2367 -0.0439
vn 0.9697 -0.2401 -0.0440
vn 0.9688 -0.2437 -0.0441
vn 0.9679 -0.2475 -0.0442
vn 0.9668 -0.2515 -0.0443
vn 0.9657 -0.2557 -0.0444
vn 0.9645 -0.2602 -0.0446
vn 0.9632 -0.2651 -0.0447
vn 0.9617 -0.2703 -0.0449
vn 0.9601 -0.2759 -0.0450
vn 0.1233 -0.9914 -0.0435
vn -0.8613 -0.5080 0.0106
vn -0.8608 -0.5089 0.0105
vn -0.8599 -0.5103 0.0104
vn -0.8587 -0.5124 0.0103
vn -0.8571 -0.5150 0.0101
vn -0.8552 -0.5182 0.0099
vn -0.8529 -0.5220 0.0097
vn -0.8502 -0.5264 0.0094
vn -0.8471 -0.5313 0.0091
vn -0.8437 -0.5368 0.0088
vn -0.8399 -0.5428 0.0084
vn -0.8659 0.4977 0.0504
vn 0.8004 0.5994 -0.0048
vn -0.9941 -0.1042 0.0312
vn -0.9990 -0.0280 0.0344
vn -0.9987 0.0344 0.0369
vn -0.9954 0.0876 0.0389
vn -0.9900 0.1348 0.0405
vn -0.9830 0.1786 0.0420
vn -0.9743 0.2212 0.0434
vn -0.9632 0.2650 0.0447
vn -0.9487 0.3128 0.0461
vn -0.9285 0.3682 0.0476
vn -0.8980 0.4372 0.0492
vn -0.9702 -0.2409 0.0250
vn 0.1369 -0.9896 -0.0440
vn 0.7287 -0.6828 -0.0529
vn 0.6704 -0.7401 -0.0531
vn 0.6225 -0.7808 -0.0530
vn 0.5807 -0.8124 -0.0527
vn 0.5420 -0.8387 -0.0524
vn 0.5041 -0.8621 -0.0520
vn 0.4647 -0.8840 -0.0514
vn 0.4218 -0.9053 -0.0508
vn 0.3726 -0.9267 -0.0498
vn 0.3135 -0.9483 -0.0486
vn 0.2394 -0.9698 -0.0468
vn 0.2079 -0.9771 -0.0460
vn 0.1974 -0.9793 -0.0457
vn 0.1586 -0.9863 -0.0446
vn 0.1250 -0.9912 -0.0436
vn 0.0963 -0.9944 -0.0427
vn 0.0720 -0.9965 -0.0419
vn 0.0517 -0.9978 -0.0413
vn 0.0351 -0.9986 -0.0407
vn 0.0218 -0.9990 -0.0402
vn 0.0117 -0.9991 -0.0399
vn 0.0047 -0.9992 -0.0396
vn 0.0005 -0.9992 -0.0395
vn -0.0118 -0.9992 -0.0390
vn -0.0424 -0.9984 -0.0379
vn -0.0806 -0.9961 -0.0365
vn -0.1168 -0.9925 -0.0351
vn -0.1522 -0.9878 -0.0336
vn -0.1880 -0.9816 -0.0321
vn -0.2256 -0.9737 -0.0304
vn -0.2665 -0.9634 -0.0286
vn -0.3127 -0.9495 -0.0264
vn -0.3667 -0.9300 -0.0237
vn -0.4324 -0.9015 -0.0202
vn -0.5147 -0.8572 -0.0156
vn 0.1921 -0.9803 -0.0456
vn 0.9902 0.1367 -0.0298
vn 0.6878 0.7259 0.0042
vn 0.7472 0.6646 -0.0003
vn 0.7886 0.6149 -0.0038
vn 0.8199 0.5724 -0.0065
vn 0.8453 0.5343 -0.0090
vn 0.8671 0.4980 -0.0112
vn 0.8870 0.4616 -0.0133
vn 0.9059 0.4233 -0.0155
vn 0.9245 0.3808 -0.0178
vn 0.9433 0.3312 -0.0205
vn 0.9624 0.2705 -0.0235
vn 0.9791 0.2017 -0.0268
vn 0.9861 0.1637 -0.0286
vn 0.9870 0.1581 -0.0288
vn 0.9879 0.1523 -0.0291
vn 0.9888 0.1463 -0.0294
vn 0.9897 0.1401 -0.0297
vn 0.9906 0.1338 -0.0299
vn 0.9914 0.1273 -0.0302
vn 0.9922 0.1206 -0.0305
vn 0.9930 0.1137 -0.0308
vn 0.9946 0.0993 -0.0314
vn 0.9969 0.0723 -0.0326
vn 0.9994 0.0071 -0.0353
vn 0.9970 -0.0679 -0.0381
vn 0.9909 -0.1283 -0.0403
vn 0.9829 -0.1791 -0.0420
vn 0.9737 -0.2238 -0.0435
vn 0.9631 -0.2653 -0.0447
vn 0.9510 -0.3056 -0.0459
vn 0.9366 -0.3473 -0.0470
vn 0.9183 -0.3930 -0.0482
vn 0.8934 -0.4466 -0.0494
vn 0.8562 -0.5142 -0.0508
vn 0.9799 0.1975 -0.0270
vn -0.1109 0.9929 0.0432
vn -0.6871 0.7247 0.0531
vn -0.6168 0.7853 0.0530
vn -0.5606 0.8264 0.0526
vn -0.5130 0.8568 0.0521
vn -0.4703 0.8810 0.0515
vn -0.4296 0.9016 0.0509
vn -0.3888 0.9200 0.0502
vn -0.3456 0.9371 0.0493
vn -0.2422 0.9691 0.0469
vn -0.1749 0.9836 0.0451
vn -0.0592 0.9974 0.0415
vn 0.0361 0.9986 0.0382
vn 0.0690 0.9969 0.0369
vn 0.1018 0.9942 0.0356
vn 0.1362 0.9901 0.0343
vn 0.1738 0.9842 0.0327
vn 0.2161 0.9759 0.0309
vn 0.2648 0.9639 0.0287
vn 0.3221 0.9464 0.0259
vn 0.3904 0.9204 0.0225
vn 0.4727 0.8810 0.0180
vn 0.5711 0.8208 0.0121
vn -0.0554 0.9976 0.0414
vn -0.9993 -0.0096 0.0352
vn -0.7324 -0.6808 -0.0009
vn -0.7939 -0.6080 0.0042
vn -0.8356 -0.5493 0.0080
vn -0.8661 -0.4997 0.0111
vn -0.8899 -0.4559 0.0136
vn -0.9096 -0.4152 0.0159
vn -0.9268 -0.3752 0.0181
vn -0.9424 -0.3340 0.0203
vn -0.9570 -0.2891 0.0226
vn -0.9710 -0.2377 0.0251
vn -0.9841 -0.1754 0.0281
vn -0.9927 -0.1168 0.0307
vn -0.9949 -0.0963 0.0316
vn -0.9941 -0.1035 0.0313
vn -0.9934 -0.1107 0.0309
vn -0.9926 -0.1179 0.0306
vn -0.9917 -0.1252 0.0303
vn -0.9907 -0.1326 0.0300
vn -0.9897 -0.1400 0.0297
vn -0.9886 -0.1475 0.0293
vn -0.9875 -0.1551 0.0290
vn -0.9862 -0.1629 0.0286
vn -0.9849 -0.1708 0.0283
vn -0.9866 -0.1605 0.0287
vn 0.9990 -0.0242 -0.0365
vn 0.9953 -0.0891 -0.0389
vn 0.9858 -0.1625 -0.0415
vn 0.9740 -0.2225 -0.0434
vn 0.9607 -0.2738 -0.0450
vn 0.9465 -0.3194 -0.0463
vn 0.9309 -0.3621 -0.0474
vn 0.9135 -0.4040 -0.0484
vn 0.8929 -0.4475 -0.0494
vn 0.8672 -0.4954 -0.0504
vn 0.8327 -0.5513 -0.0514
vn 0.7821 -0.6209 -0.0523
vn 0.9989 0.0326 -0.0342
vn 0.0340 0.9987 0.0382
vn -0.6199 0.7829 0.0530
vn -0.5502 0.8334 0.0525
vn -0.4942 0.8678 0.0518
vn -0.4463 0.8934 0.0512
vn -0.4028 0.9139 0.0504
vn -0.3608 0.9313 0.0496
vn -0.3181 0.9468 0.0487
vn -0.2212 0.9741 0.0463
vn -0.1611 0.9859 0.0447
vn -0.0877 0.9952 0.0424
vn -0.0228 0.9989 0.0403
vn 0.9590 0.2823 -0.0229
vn 0.5467 -0.8357 -0.0524
vn 0.5589 -0.8276 -0.0526
vn 0.5707 -0.8194 -0.0527
vn 0.5823 -0.8113 -0.0527
vn 0.5935 -0.8031 -0.0528
vn 0.6044 -0.7949 -0.0529
vn 0.6149 -0.7868 -0.0529
vn 0.6252 -0.7787 -0.0530
vn 0.6351 -0.7706 -0.0530
vn 0.6447 -0.7626 -0.0530
vn 0.6539 -0.7547 -0.0531
vn 0.3511 -0.9350 -0.0494
vn -0.3537 -0.9350 -0.0244
vn -0.6560 -0.7547 -0.0065
vn -0.6468 -0.7626 -0.0071
vn -0.6373 -0.7706 -0.0078
vn -0.6274 -0.7787 -0.0084
vn -0.6172 -0.7868 -0.0091
vn -0.6066 -0.7949 -0.0098
vn -0.5957 -0.8031 -0.0105
vn -0.5846 -0.8113 -0.0113
vn -0.5730 -0.8194 -0.0120
vn -0.5612 -0.8276 -0.0127
vn -0.5491 -0.8357 -0.0135
vn -0.9583 0.2823 0.0452
vn 0.0328 0.9987 0.0383
vn 0.1187 0.9923 0.0350
vn 0.2165 0.9758 0.0308
vn 0.2946 0.9552 0.0273
vn 0.3569 0.9338 0.0242
vn 0.4069 0.9132 0.0216
vn 0.4470 0.8943 0.0194
vn 0.4793 0.8775 0.0176
vn 0.5051 0.8629 0.0161
vn 0.5407 0.8411 0.0140
vn 0.5506 0.8347 0.0134
vn -0.0979 0.9943 0.0428
vn -0.9943 0.0993 0.0393
vn -0.8420 -0.5394 0.0086
vn -0.8515 -0.5242 0.0096
vn -0.8638 -0.5038 0.0108
vn -0.8783 -0.4780 0.0123
vn -0.8951 -0.4457 0.0142
vn -0.9139 -0.4056 0.0165
vn -0.9344 -0.3556 0.0192
vn -0.9558 -0.2933 0.0224
vn -0.9762 -0.2151 0.0262
vn -0.9926 -0.1173 0.0307
vn -0.9989 -0.0314 0.0343
vn -0.9992 -0.0175 0.0348
vn -0.9966 -0.0756 0.0325
vn -0.9861 -0.1639 0.0286
vn -0.9636 -0.2663 0.0237
vn -0.9250 -0.3795 0.0179
vn -0.8677 -0.4970 0.0112
vn -0.7039 -0.7103 -0.0030
vn -0.6097 -0.7926 -0.0096
vn -0.5174 -0.8556 -0.0154
vn -0.4327 -0.9013 -0.0202
vn -0.3584 -0.9333 -0.0241
vn -0.3409 -0.9398 -0.0250
vn -0.3912 -0.9200 -0.0224
vn -0.4503 -0.8927 -0.0192
vn -0.4983 -0.8669 -0.0165
vn -0.5394 -0.8419 -0.0141
vn -0.5767 -0.8169 -0.0118
vn -0.6124 -0.7905 -0.0095
vn -0.6484 -0.7613 -0.0070
vn -0.6867 -0.7269 -0.0043
vn -0.7295 -0.6840 -0.0011
vn -0.7794 -0.6265 0.0030
vn -0.8394 -0.5434 0.0084
vn -0.3598 -0.9327 -0.0240
vn 0.8881 -0.4569 -0.0496
vn 0.9709 0.2381 -0.0251
vn 0.9895 0.1414 -0.0296
vn 0.9992 0.0176 -0.0348
vn 0.9989 -0.0278 -0.0366
vn 0.9969 -0.0685 -0.0382
vn 0.9934 -0.1077 -0.0396
vn 0.9882 -0.1478 -0.0410
vn 0.9805 -0.1918 -0.0424
vn 0.9690 -0.2431 -0.0441
vn 0.9505 -0.3073 -0.0459
vn 0.9159 -0.3984 -0.0483
vn 0.8732 -0.4848 -0.0502
vn 0.8387 -0.5422 -0.0512
vn 0.8069 -0.5885 -0.0519
vn 0.7769 -0.6275 -0.0524
vn 0.7478 -0.6618 -0.0527
vn 0.7186 -0.6934 -0.0529
vn 0.6878 -0.7240 -0.0531
vn 0.6535 -0.7550 -0.0531
vn 0.6133 -0.7881 -0.0529
vn 0.5627 -0.8250 -0.0526
vn 0.4941 -0.8679 -0.0518
vn 0.9490 -0.3119 -0.0461
vn 0.3562 0.9341 0.0242
vn -0.3409 0.9388 0.0492
vn -0.2864 0.9569 0.0480
vn -0.2408 0.9694 0.0469
vn -0.2018 0.9783 0.0458
vn -0.1679 0.9848 0.0449
vn -0.1379 0.9895 0.0440
vn -0.0860 0.9954 0.0424
vn -0.0629 0.9972 0.0416
vn -0.0408 0.9983 0.0409
vn -0.0195 0.9990 0.0402
vn -0.0004 0.9992 0.0395
vn 0.0155 0.9991 0.0389
vn 0.0312 0.9988 0.0383
vn 0.0491 0.9981 0.0377
vn 0.0694 0.9969 0.0369
vn 0.0925 0.9951 0.0360
vn 0.1485 0.9883 0.0338
vn 0.1825 0.9827 0.0323
vn 0.2213 0.9747 0.0306
vn 0.2655 0.9637 0.0286
vn 0.3161 0.9484 0.0262
vn 0.3361 0.9415 0.0252
vn 0.3568 0.9339 0.0242
vn 0.4201 0.9073 0.0209
vn 0.4998 0.8660 0.0164
vn 0.5947 0.8039 0.0106
vn 0.6981 0.7160 0.0035
vn 0.7980 0.6027 -0.0046
vn 0.8811 0.4728 -0.0127
vn 0.9396 0.3418 -0.0199
vn 0.9742 0.2241 -0.0258
vn 0.9913 0.1280 -0.0302
vn 0.9979 0.0549 -0.0333
vn 0.5006 -0.8641 -0.0519
vn -0.5098 -0.8601 -0.0158
vn -0.4952 -0.8686 -0.0167
vn -0.4811 -0.8765 -0.0175
vn -0.4678 -0.8836 -0.0183
vn -0.4552 -0.8902 -0.0190
vn -0.4435 -0.8961 -0.0196
vn -0.4325 -0.9014 -0.0202
vn -0.4225 -0.9061 -0.0208
vn -0.4133 -0.9103 -0.0213
vn -0.4051 -0.9140 -0.0217
vn -0.3977 -0.9172 -0.0221
vn -0.4018 -0.9155 -0.0219
vn -0.4453 -0.8952 -0.0195
vn -0.5087 -0.8608 -0.0159
vn -0.5594 -0.8288 -0.0128
vn -0.6020 -0.7985 -0.0101
vn -0.6394 -0.7688 -0.0076
vn -0.6741 -0.7386 -0.0052
vn -0.7080 -0.7063 -0.0027
vn -0.7426 -0.6697 -0.0000
vn -0.7800 -0.6258 0.0030
vn -0.8221 -0.5694 0.0067
vn -0.8711 -0.4909 0.0116
vn -0.3853 -0.9225 -0.0227
vn 0.8916 -0.4501 -0.0495
vn 0.9668 0.2542 -0.0243
vn 0.9870 0.1579 -0.0289
vn 0.9958 0.0857 -0.0320
vn 0.9990 0.0282 -0.0344
vn 0.9991 -0.0205 -0.0363
vn 0.9972 -0.0641 -0.0380
vn 0.9937 -0.1053 -0.0395
vn 0.9883 -0.1467 -0.0409
vn 0.9808 -0.1904 -0.0424
vn 0.9700 -0.2391 -0.0439
vn 0.9540 -0.2963 -0.0456
vn 0.9258 -0.3750 -0.0477
vn 0.8882 -0.4567 -0.0496
vn 0.8537 -0.5183 -0.0508
vn 0.8220 -0.5671 -0.0516
vn 0.7923 -0.6079 -0.0522
vn 0.7634 -0.6438 -0.0526
vn 0.7340 -0.6771 -0.0528
vn 0.7024 -0.7098 -0.0530
vn 0.6666 -0.7435 -0.0531
vn 0.6233 -0.7801 -0.0530
vn 0.5675 -0.8217 -0.0526
vn 0.4894 -0.8705 -0.0518
vn 0.9221 -0.3840 -0.0480
vn 0.4259 0.9045 0.0206
vn -0.3347 0.9411 0.0491
vn -0.2858 0.9571 0.0480
vn -0.2447 0.9685 0.0470
vn -0.2093 0.9768 0.0460
vn -0.1778 0.9830 0.0452
vn -0.1492 0.9878 0.0443
vn -0.1226 0.9915 0.0435
vn -0.0972 0.9943 0.0427
vn -0.0726 0.9965 0.0419
vn -0.0482 0.9980 0.0411
vn -0.0236 0.9989 0.0403
vn 0.0406 0.9985 0.0380
vn 0.1563 0.9872 0.0334
vn 0.2601 0.9652 0.0289
vn 0.3280 0.9443 0.0256
vn 0.3753 0.9266 0.0233
vn 0.4100 0.9118 0.0214
vn 0.4367 0.8994 0.0200
vn 0.4580 0.8888 0.0188
vn 0.4756 0.8795 0.0178
vn 0.4908 0.8711 0.0170
vn 0.5045 0.8633 0.0162
vn 0.5178 0.8553 0.0154
vn 0.9613 -0.2719 -0.0449
vn -0.0244 -0.9990 -0.0386
vn -0.0854 -0.9957 -0.0363
vn -0.1531 -0.9876 -0.0336
vn -0.2079 -0.9776 -0.0312
vn -0.2546 -0.9666 -0.0291
vn -0.2964 -0.9547 -0.0272
vn -0.3360 -0.9415 -0.0252
vn -0.3756 -0.9265 -0.0232
vn -0.4175 -0.9084 -0.0210
vn -0.4646 -0.8853 -0.0184
vn -0.5921 -0.8058 -0.0108
vn 0.0500 -0.9979 -0.0412
vn 0.9980 -0.0514 -0.0375
vn 0.8067 0.5909 -0.0053
vn 0.8544 0.5196 -0.0099
vn 0.8861 0.4633 -0.0132
vn 0.9091 0.4162 -0.0159
vn 0.9271 0.3743 -0.0182
vn 0.9421 0.3346 -0.0203
vn 0.9552 0.2950 -0.0223
vn 0.9671 0.2532 -0.0244
vn 0.9781 0.2065 -0.0266
vn 0.9880 0.1517 -0.0291
vn 0.9960 0.0840 -0.0321
vn 0.9991 0.0230 -0.0346
vn 0.9879 -0.1495 -0.0410
vn 0.9044 -0.4239 -0.0489
vn 0.0375 0.9986 0.0381
vn -0.4227 0.9048 0.0508
vn -0.0347 0.9986 0.0407
vn -0.9987 0.0360 0.0369
vn -0.9883 -0.1495 0.0292
vn -0.9991 0.0224 0.0364
vn -0.9959 0.0822 0.0387
vn -0.9779 0.2049 0.0429
vn -0.9666 0.2526 0.0443
vn -0.9541 0.2959 0.0456
vn -0.9402 0.3374 0.0468
vn -0.9240 0.3793 0.0478
vn -0.9044 0.4239 0.0489
vn -0.8789 0.4745 0.0500
vn -0.8433 0.5350 0.0511
vn -0.7894 0.6117 0.0522
vn -0.9988 -0.0360 0.0341
vn -0.0375 -0.9986 -0.0381
vn 0.6107 -0.7901 -0.0529
vn 0.5339 -0.8439 -0.0523
vn 0.4733 -0.8794 -0.0516
vn 0.4227 -0.9048 -0.0508
vn 0.3780 -0.9244 -0.0500
vn 0.3361 -0.9405 -0.0491
vn 0.2947 -0.9544 -0.0482
vn 0.2513 -0.9668 -0.0471
vn 0.2035 -0.9780 -0.0459
vn 0.1482 -0.9880 -0.0443
vn 0.0808 -0.9958 -0.0422
vn 0.0210 -0.9990 -0.0402
vn -0.9620 -0.2719 0.0235
vn -0.5154 0.8553 0.0521
vn -0.5021 0.8633 0.0519
vn -0.4883 0.8711 0.0518
vn -0.4731 0.8795 0.0516
vn -0.4555 0.8888 0.0513
vn -0.4342 0.8994 0.0510
vn -0.4074 0.9118 0.0505
vn -0.3727 0.9266 0.0499
vn -0.3253 0.9443 0.0489
vn -0.2574 0.9652 0.0473
vn -0.1535 0.9872 0.0444
vn -0.0378 0.9985 0.0408
vn 0.0264 0.9989 0.0385
vn 0.0510 0.9980 0.0376
vn 0.0754 0.9965 0.0367
vn 0.1000 0.9943 0.0357
vn 0.1254 0.9915 0.0347
vn 0.1520 0.9878 0.0336
vn 0.1806 0.9830 0.0324
vn 0.2120 0.9768 0.0310
vn 0.2475 0.9685 0.0295
vn 0.2885 0.9571 0.0275
vn 0.3373 0.9411 0.0252
vn -0.4234 0.9045 0.0508
vn -0.9232 -0.3840 0.0177
vn -0.4919 -0.8705 -0.0169
vn -0.5698 -0.8217 -0.0122
vn -0.6255 -0.7801 -0.0086
vn -0.6687 -0.7435 -0.0056
vn -0.7044 -0.7098 -0.0030
vn -0.7359 -0.6771 -0.0006
vn -0.7652 -0.6438 0.0018
vn -0.7940 -0.6079 0.0042
vn -0.8236 -0.5671 0.0069
vn -0.8551 -0.5183 0.0099
vn -0.8895 -0.4567 0.0136
vn -0.9211 -0.3890 0.0174
vn -0.9473 -0.3197 0.0211
vn -0.9801 -0.1966 0.0271
vn -0.9887 -0.1469 0.0294
vn -0.9944 -0.1009 0.0314
vn -0.9979 -0.0562 0.0333
vn -0.9993 -0.0103 0.0351
vn -0.9985 0.0395 0.0371
vn -0.9945 0.0970 0.0392
vn -0.9850 0.1676 0.0416
vn -0.9646 0.2601 0.0446
vn 0.3370 -0.9402 -0.0491
vn 0.8882 -0.4568 -0.0496
vn 0.8376 -0.5439 -0.0513
vn 0.7940 -0.6056 -0.0522
vn 0.7555 -0.6530 -0.0527
vn 0.7198 -0.6922 -0.0529
vn 0.6850 -0.7266 -0.0531
vn 0.6493 -0.7587 -0.0531
vn 0.6106 -0.7901 -0.0529
vn 0.5666 -0.8223 -0.0526
vn 0.5138 -0.8563 -0.0521
vn 0.4472 -0.8930 -0.0512
vn 0.3984 -0.9158 -0.0503
vn 0.3932 -0.9181 -0.0502
vn 0.4043 -0.9132 -0.0504
vn 0.4151 -0.9083 -0.0506
vn 0.4256 -0.9035 -0.0508
vn 0.4358 -0.8986 -0.0510
vn 0.4456 -0.8938 -0.0511
vn 0.4551 -0.8890 -0.0513
vn 0.4642 -0.8843 -0.0514
vn 0.4728 -0.8796 -0.0516
vn 0.4890 -0.8707 -0.0518
vn -0.5037 -0.8637 -0.0162
vn -0.0361 -0.9986 -0.0382
vn 0.4770 -0.8774 -0.0516
vn 0.3804 -0.9235 -0.0500
vn -0.3830 -0.9235 -0.0229
vt 0.599174 0.000000
vt 0.603306 0.000000
vt 0.601240 0.000000
vt 0.650826 0.000000
vt 0.654959 0.000000
vt 0.652893 0.000000
vt 0.597107 0.000000
vt 0.657025 0.000000
vt 0.605372 0.000000
vt 0.648760 0.000000
vt 0.595041 0.000000
vt 0.659091 0.000000
vt 0.607438 0.000000
vt 0.646694 0.000000
vt 0.609504 0.000000
vt 0.644628 0.000000
vt 0.592975 0.000000
vt 0.661157 0.000000
vt 0.611570 0.000000
vt 0.642562 0.000000
vt 0.613636 0.000000
vt 0.640496 0.000000
vt 0.590909 0.000000
vt 0.663223 0.000000
vt 0.615702 0.000000
vt 0.638430 0.000000
vt 0.617769 0.000000
vt 0.636364 0.000000
vt 0.588843 0.000000
vt 0.665289 0.000000
vt 0.619835 0.000000
vt 0.634298 0.000000
vt 0.621901 0.000000
vt 0.632231 0.000000
vt 0.623967 0.000000
vt 0.630165 0.000000
vt 0.626033 0.000000
vt 0.628099 0.000000
vt 0.586777 0.000000
vt 0.667355 0.000000
vt 0.584711 0.000000
vt 0.669421 0.000000
vt 0.582645 0.000000
vt 0.671488 0.000000
vt 0.580579 0.000000
vt 0.673554 0.000000
vt 0.578512 0.000000
vt 0.675620 0.000000
vt 0.576446 0.000000
vt 0.677686 0.000000
vt 0.574380 0.000000
vt 0.679752 0.000000
vt 0.572314 0.000000
vt 0.969008 0.000000
vt 0.975207 0.000000
vt 0.979339 0.000000
vt 0.977273 0.000000
vt 0.681818 0.000000
vt 0.971074 0.000000
vt 0.973140 0.000000
vt 0.981405 0.000000
vt 0.983471 0.000000
vt 0.991736 0.000000
vt 0.989669 0.000000
vt 0.997934 0.000000
vt 0.995868 0.000000
vt 0.985537 0.000000
vt 0.987603 0.000000
vt 1.000000 0.000000
vt 0.993802 0.000000
vt 0.683884 0.000000
vt 0.685950 0.000000
vt 0.570248 0.000000
vt 0.688017 0.000000
vt 0.568182 0.000000
vt 0.566116 0.000000
vt 0.690083 0.000000
vt 0.564050 0.000000
vt 0.692149 0.000000
vt 0.561983 0.000000
vt 0.694215 0.000000
vt 0.559917 0.000000
vt 0.696281 0.000000
vt 0.557851 0.000000
vt 0.733471 0.000000
vt 0.731405 0.000000
vt 0.698347 0.000000
vt 0.555785 0.000000
vt 0.522727 0.000000
vt 0.520661 0.000000
vt 0.518595 0.000000
vt 0.516529 0.000000
vt 0.107438 0.000000
vt 0.109504 0.000000
vt 0.105372 0.000000
vt 0.103306 0.000000
vt 0.735537 0.000000
vt 0.737603 0.000000
vt 0.524793 0.000000
vt 0.729339 0.000000
vt 0.526860 0.000000
vt 0.727273 0.000000
vt 0.528926 0.000000
vt 0.725207 0.000000
vt 0.530992 0.000000
vt 0.553719 0.000000
vt 0.723140 0.000000
vt 0.700413 0.000000
vt 0.533058 0.000000
vt 0.721074 0.000000
vt 0.535124 0.000000
vt 0.111570 0.000000
vt 0.101240 0.000000
vt 0.514463 0.000000
vt 0.739669 0.000000
vt 0.719008 0.000000
vt 0.551653 0.000000
vt 0.537190 0.000000
vt 0.702479 0.000000
vt 0.716942 0.000000
vt 0.539256 0.000000
vt 0.549587 0.000000
vt 0.714876 0.000000
vt 0.541322 0.000000
vt 0.113636 0.000000
vt 0.099174 0.000000
vt 0.704545 0.000000
vt 0.543388 0.000000
vt 0.712810 0.000000
vt 0.547521 0.000000
vt 0.512397 0.000000
vt 0.741736 0.000000
vt 0.545455 0.000000
vt 0.710744 0.000000
vt 0.706612 0.000000
vt 0.115702 0.000000
vt 0.097107 0.000000
vt 0.708678 0.000000
vt 0.510331 0.000000
vt 0.743802 0.000000
vt 0.117769 0.000000
vt 0.095041 0.000000
vt 0.119835 0.000000
vt 0.092975 0.000000
vt 0.508264 0.000000
vt 0.745868 0.000000
vt 0.121901 0.000000
vt 0.090909 0.000000
vt 0.506198 0.000000
vt 0.747934 0.000000
vt 0.123967 0.000000
vt 0.088843 0.000000
vt 0.126033 0.000000
vt 0.086777 0.000000
vt 0.504132 0.000000
vt 0.750000 0.000000
vt 0.128099 0.000000
vt 0.084711 0.000000
vt 0.502066 0.000000
vt 0.752066 0.000000
vt 0.051653 0.000000
vt 0.055785 0.000000
vt 0.053719 0.000000
vt 0.130165 0.000000
vt 0.082645 0.000000
vt 0.057851 0.000000
vt 0.049587 0.000000
vt 0.059917 0.000000
vt 0.047521 0.000000
vt 0.061983 0.000000
vt 0.045455 0.000000
vt 0.064050 0.000000
vt 0.500000 0.000000
vt 0.754132 0.000000
vt 0.132231 0.000000
vt 0.080579 0.000000
vt 0.066116 0.000000
vt 0.043388 0.000000
vt 0.157025 0.000000
vt 0.161157 0.000000
vt 0.159091 0.000000
vt 0.068182 0.000000
vt 0.154959 0.000000
vt 0.152893 0.000000
vt 0.070248 0.000000
vt 0.150826 0.000000
vt 0.163223 0.000000
vt 0.148760 0.000000
vt 0.165289 0.000000
vt 0.146694 0.000000
vt 0.072314 0.000000
vt 0.041322 0.000000
vt 0.167355 0.000000
vt 0.144628 0.000000
vt 0.074380 0.000000
vt 0.142562 0.000000
vt 0.169421 0.000000
vt 0.140496 0.000000
vt 0.076446 0.000000
vt 0.138430 0.000000
vt 0.136364 0.000000
vt 0.078512 0.000000
vt 0.171488 0.000000
vt 0.134298 0.000000
vt 0.497934 0.000000
vt 0.756198 0.000000
vt 0.173554 0.000000
vt 0.039256 0.000000
vt 0.175620 0.000000
vt 0.177686 0.000000
vt 0.179752 0.000000
vt 0.037190 0.000000
vt 0.181818 0.000000
vt 0.183884 0.000000
vt 0.495868 0.000000
vt 0.758264 0.000000
vt 0.185950 0.000000
vt 0.466942 0.000000
vt 0.471074 0.000000
vt 0.469008 0.000000
vt 0.188017 0.000000
vt 0.783058 0.000000
vt 0.787190 0.000000
vt 0.785124 0.000000
vt 0.035124 0.000000
vt 0.473141 0.000000
vt 0.780992 0.000000
vt 0.475207 0.000000
vt 0.778926 0.000000
vt 0.477273 0.000000
vt 0.776860 0.000000
vt 0.479339 0.000000
vt 0.774793 0.000000
vt 0.464876 0.000000
vt 0.789256 0.000000
vt 0.481405 0.000000
vt 0.772727 0.000000
vt 0.493802 0.000000
vt 0.365702 0.000000
vt 0.760331 0.000000
vt 0.483471 0.000000
vt 0.770661 0.000000
vt 0.485537 0.000000
vt 0.768595 0.000000
vt 0.487603 0.000000
vt 0.766529 0.000000
vt 0.489669 0.000000
vt 0.764463 0.000000
vt 0.491736 0.000000
vt 0.762397 0.000000
vt 0.462810 0.000000
vt 0.791322 0.000000
vt 0.033058 0.000000
vt 0.367769 0.000000
vt 0.363636 0.000000
vt 0.460744 0.000000
vt 0.793388 0.000000
vt 0.030992 0.000000
vt 0.190083 0.000000
vt 0.458678 0.000000
vt 0.795455 0.000000
vt 0.028926 0.000000
vt 0.888430 0.000000
vt 0.369835 0.000000
vt 0.456612 0.000000
vt 0.797521 0.000000
vt 0.890496 0.000000
vt 0.886364 0.000000
vt 0.026860 0.000000
vt 0.454545 0.000000
vt 0.799587 0.000000
vt 0.024793 0.000000
vt 0.371901 0.000000
vt 0.884298 0.000000
vt 0.452479 0.000000
vt 0.801653 0.000000
vt 0.882231 0.000000
vt 0.373967 0.000000
vt 0.450413 0.000000
vt 0.803719 0.000000
vt 0.361570 0.000000
vt 0.880165 0.000000
vt 0.376033 0.000000
vt 0.448347 0.000000
vt 0.805785 0.000000
vt 0.878099 0.000000
vt 0.446281 0.000000
vt 0.807851 0.000000
vt 0.378099 0.000000
vt 0.192149 0.000000
vt 0.876033 0.000000
vt 0.444215 0.000000
vt 0.809917 0.000000
vt 0.380165 0.000000
vt 0.873967 0.000000
vt 0.442149 0.000000
vt 0.811983 0.000000
vt 0.382231 0.000000
vt 0.440083 0.000000
vt 0.814050 0.000000
vt 0.871901 0.000000
vt 0.359504 0.000000
vt 0.384298 0.000000
vt 0.869835 0.000000
vt 0.438017 0.000000
vt 0.816116 0.000000
vt 0.386364 0.000000
vt 0.867769 0.000000
vt 0.435950 0.000000
vt 0.818182 0.000000
vt 0.388430 0.000000
vt 0.865702 0.000000
vt 0.433884 0.000000
vt 0.820248 0.000000
vt 0.390496 0.000000
vt 0.194215 0.000000
vt 0.863636 0.000000
vt 0.357438 0.000000
vt 0.431818 0.000000
vt 0.822314 0.000000
vt 0.392562 0.000000
vt 0.861570 0.000000
vt 0.394628 0.000000
vt 0.859504 0.000000
vt 0.396694 0.000000
vt 0.857438 0.000000
vt 0.429752 0.000000
vt 0.824380 0.000000
vt 0.398760 0.000000
vt 0.855372 0.000000
vt 0.400826 0.000000
vt 0.427686 0.000000
vt 0.826446 0.000000
vt 0.853306 0.000000
vt 0.355372 0.000000
vt 0.402893 0.000000
vt 0.851240 0.000000
vt 0.425620 0.000000
vt 0.828512 0.000000
vt 0.404959 0.000000
vt 0.849174 0.000000
vt 0.196281 0.000000
vt 0.407025 0.000000
vt 0.423554 0.000000
vt 0.830579 0.000000
vt 0.847107 0.000000
vt 0.409091 0.000000
vt 0.845041 0.000000
vt 0.353306 0.000000
vt 0.421488 0.000000
vt 0.832645 0.000000
vt 0.411157 0.000000
vt 0.842975 0.000000
vt 0.419421 0.000000
vt 0.834711 0.000000
vt 0.413223 0.000000
vt 0.840909 0.000000
vt 0.417355 0.000000
vt 0.836777 0.000000
vt 0.415289 0.000000
vt 0.838843 0.000000
vt 0.351240 0.000000
vt 0.198347 0.000000
vt 0.349174 0.000000
vt 0.347107 0.000000
vt 0.200413 0.000000
vt 0.345041 0.000000
vt 0.342975 0.000000
vt 0.202479 0.000000
vt 0.340909 0.000000
vt 0.289256 0.000000
vt 0.293388 0.000000
vt 0.291322 0.000000
vt 0.295455 0.000000
vt 0.338843 0.000000
vt 0.297521 0.000000
vt 0.336777 0.000000
vt 0.299587 0.000000
vt 0.334711 0.000000
vt 0.301653 0.000000
vt 0.332645 0.000000
vt 0.303719 0.000000
vt 0.287190 0.000000
vt 0.330579 0.000000
vt 0.305785 0.000000
vt 0.328512 0.000000
vt 0.204545 0.000000
vt 0.307851 0.000000
vt 0.326446 0.000000
vt 0.309917 0.000000
vt 0.324380 0.000000
vt 0.322314 0.000000
vt 0.311983 0.000000
vt 0.320248 0.000000
vt 0.314050 0.000000
vt 0.318182 0.000000
vt 0.316116 0.000000
vt 0.285124 0.000000
vt 0.283058 0.000000
vt 0.280992 0.000000
vt 0.278926 0.000000
vt 0.276859 0.000000
vt 0.206612 0.000000
vt 0.274793 0.000000
vt 0.272727 0.000000
vt 0.270661 0.000000
vt 0.022727 0.000000
vt 0.892562 0.000000
vt 0.268595 0.000000
vt 0.208678 0.000000
vt 0.020661 0.000000
vt 0.894628 0.000000
vt 0.266529 0.000000
vt 0.018595 0.000000
vt 0.896694 0.000000
vt 0.264463 0.000000
vt 0.262397 0.000000
vt 0.016529 0.000000
vt 0.898760 0.000000
vt 0.210744 0.000000
vt 0.260331 0.000000
vt 0.014463 0.000000
vt 0.900826 0.000000
vt 0.258264 0.000000
vt 0.012397 0.000000
vt 0.902893 0.000000
vt 0.212810 0.000000
vt 0.256198 0.000000
vt 0.010331 0.000000
vt 0.904959 0.000000
vt 0.254132 0.000000
vt 0.214876 0.000000
vt 0.008264 0.000000
vt 0.944215 0.000000
vt 0.942149 0.000000
vt 0.940083 0.000000
vt 0.907025 0.000000
vt 0.252066 0.000000
vt 0.216942 0.000000
vt 0.946281 0.000000
vt 0.938017 0.000000
vt 0.948347 0.000000
vt 0.935950 0.000000
vt 0.219008 0.000000
vt 0.950413 0.000000
vt 0.933884 0.000000
vt 0.952479 0.000000
vt 0.931818 0.000000
vt 0.006198 0.000000
vt 0.909091 0.000000
vt 0.221074 0.000000
vt 0.250000 0.000000
vt 0.954545 0.000000
vt 0.929752 0.000000
vt 0.223140 0.000000
vt 0.956612 0.000000
vt 0.927686 0.000000
vt 0.004132 0.000000
vt 0.911157 0.000000
vt 0.958678 0.000000
vt 0.925620 0.000000
vt 0.247934 0.000000
vt 0.225207 0.000000
vt 0.960744 0.000000
vt 0.923554 0.000000
vt 0.227273 0.000000
vt 0.002066 0.000000
vt 0.913223 0.000000
vt 0.962810 0.000000
vt 0.921488 0.000000
vt 0.245868 0.000000
vt 0.229339 0.000000
vt 0.000000 0.000000
vt 0.915289 0.000000
vt 0.964876 0.000000
vt 0.919421 0.000000
vt 0.231405 0.000000
vt 0.966942 0.000000
vt 0.917355 0.000000
vt 0.243802 0.000000
vt 0.233471 0.000000
vt 0.241736 0.000000
vt 0.235537 0.000000
vt 0.239669 0.000000
vt 0.237603 0.000000
vt 0.588501 0.000000
vt 0.590755 0.000000
vt 0.589628 0.000000
vt 0.587373 0.000000
vt 0.591883 0.000000
vt 0.586246 0.000000
vt 0.593010 0.000000
vt 0.585118 0.000000
vt 0.594138 0.000000
vt 0.583991 0.000000
vt 0.595265 0.000000
vt 0.596392 0.000000
vt 0.582864 0.000000
vt 0.597520 0.000000
vt 0.581736 0.000000
vt 0.598647 0.000000
vt 0.580609 0.000000
vt 0.599775 0.000000
vt 0.600902 0.000000
vt 0.579481 0.000000
vt 0.602029 0.000000
vt 0.603157 0.000000
vt 0.604284 0.000000
vt 0.578354 0.000000
vt 0.605411 0.000000
vt 0.606539 0.000000
vt 0.607666 0.000000
vt 0.608794 0.000000
vt 0.609921 0.000000
vt 0.629087 0.000000
vt 0.631342 0.000000
vt 0.630214 0.000000
vt 0.627959 0.000000
vt 0.611048 0.000000
vt 0.626832 0.000000
vt 0.577227 0.000000
vt 0.625705 0.000000
vt 0.612176 0.000000
vt 0.624577 0.000000
vt 0.623450 0.000000
vt 0.613303 0.000000
vt 0.622322 0.000000
vt 0.614431 0.000000
vt 0.621195 0.000000
vt 0.620068 0.000000
vt 0.615558 0.000000
vt 0.618940 0.000000
vt 0.617813 0.000000
vt 0.616685 0.000000
vt 0.632469 0.000000
vt 0.633596 0.000000
vt 0.728298 0.000000
vt 0.730552 0.000000
vt 0.729425 0.000000
vt 0.756483 0.000000
vt 0.758737 0.000000
vt 0.757610 0.000000
vt 0.576099 0.000000
vt 0.634724 0.000000
vt 0.727170 0.000000
vt 0.759865 0.000000
vt 0.755355 0.000000
vt 0.731680 0.000000
vt 0.635851 0.000000
vt 0.754228 0.000000
vt 0.732807 0.000000
vt 0.726043 0.000000
vt 0.760992 0.000000
vt 0.574972 0.000000
vt 0.636979 0.000000
vt 0.753100 0.000000
vt 0.733935 0.000000
vt 0.724915 0.000000
vt 0.762120 0.000000
vt 0.751973 0.000000
vt 0.735062 0.000000
vt 0.573844 0.000000
vt 0.638106 0.000000
vt 0.750846 0.000000
vt 0.736189 0.000000
vt 0.723788 0.000000
vt 0.763247 0.000000
vt 0.749718 0.000000
vt 0.737317 0.000000
vt 0.639233 0.000000
vt 0.748591 0.000000
vt 0.738444 0.000000
vt 0.747463 0.000000
vt 0.739572 0.000000
vt 0.722661 0.000000
vt 0.764374 0.000000
vt 0.640361 0.000000
vt 0.746336 0.000000
vt 0.740699 0.000000
vt 0.572717 0.000000
vt 0.745209 0.000000
vt 0.741826 0.000000
vt 0.744081 0.000000
vt 0.742954 0.000000
vt 0.721533 0.000000
vt 0.765502 0.000000
vt 0.641488 0.000000
vt 0.642616 0.000000
vt 0.720406 0.000000
vt 0.766629 0.000000
vt 0.571590 0.000000
vt 0.643743 0.000000
vt 0.719278 0.000000
vt 0.767756 0.000000
vt 0.644870 0.000000
vt 0.570462 0.000000
vt 0.718151 0.000000
vt 0.768884 0.000000
vt 0.686584 0.000000
vt 0.688839 0.000000
vt 0.687711 0.000000
vt 0.645998 0.000000
vt 0.685457 0.000000
vt 0.684329 0.000000
vt 0.717024 0.000000
vt 0.770011 0.000000
vt 0.544532 0.000000
vt 0.546787 0.000000
vt 0.545660 0.000000
vt 0.547914 0.000000
vt 0.569335 0.000000
vt 0.689966 0.000000
vt 0.549042 0.000000
vt 0.543405 0.000000
vt 0.683202 0.000000
vt 0.715896 0.000000
vt 0.771139 0.000000
vt 0.550169 0.000000
vt 0.542277 0.000000
vt 0.682074 0.000000
vt 0.647125 0.000000
vt 0.691094 0.000000
vt 0.714769 0.000000
vt 0.772266 0.000000
vt 0.568207 0.000000
vt 0.551297 0.000000
vt 0.541150 0.000000
vt 0.680947 0.000000
vt 0.713641 0.000000
vt 0.773393 0.000000
vt 0.552424 0.000000
vt 0.540023 0.000000
vt 0.692221 0.000000
vt 0.712514 0.000000
vt 0.679820 0.000000
vt 0.774521 0.000000
vt 0.711387 0.000000
vt 0.553551 0.000000
vt 0.538895 0.000000
vt 0.567080 0.000000
vt 0.648253 0.000000
vt 0.710259 0.000000
vt 0.693348 0.000000
vt 0.678692 0.000000
vt 0.554679 0.000000
vt 0.537768 0.000000
vt 0.775648 0.000000
vt 0.709132 0.000000
vt 0.708005 0.000000
vt 0.694476 0.000000
vt 0.555806 0.000000
vt 0.536640 0.000000
vt 0.565953 0.000000
vt 0.677565 0.000000
vt 0.776776 0.000000
vt 0.706877 0.000000
vt 0.695603 0.000000
vt 0.556933 0.000000
vt 0.535513 0.000000
vt 0.705750 0.000000
vt 0.649380 0.000000
vt 0.676437 0.000000
vt 0.777903 0.000000
vt 0.704622 0.000000
vt 0.696731 0.000000
vt 0.558061 0.000000
vt 0.534386 0.000000
vt 0.564825 0.000000
vt 0.703495 0.000000
vt 0.675310 0.000000
vt 0.697858 0.000000
vt 0.779030 0.000000
vt 0.559188 0.000000
vt 0.533258 0.000000
vt 0.702368 0.000000
vt 0.698985 0.000000
vt 0.674183 0.000000
vt 0.701240 0.000000
vt 0.560316 0.000000
vt 0.700113 0.000000
vt 0.532131 0.000000
vt 0.650507 0.000000
vt 0.780158 0.000000
vt 0.563698 0.000000
vt 0.561443 0.000000
vt 0.673055 0.000000
vt 0.531003 0.000000
vt 0.800451 0.000000
vt 0.799324 0.000000
vt 0.781285 0.000000
vt 0.671928 0.000000
vt 0.201804 0.000000
vt 0.200676 0.000000
vt 0.199549 0.000000
vt 0.198422 0.000000
vt 0.801578 0.000000
vt 0.802706 0.000000
vt 0.202931 0.000000
vt 0.798196 0.000000
vt 0.204059 0.000000
vt 0.797069 0.000000
vt 0.562570 0.000000
vt 0.205186 0.000000
vt 0.795941 0.000000
vt 0.782413 0.000000
vt 0.206313 0.000000
vt 0.794814 0.000000
vt 0.207441 0.000000
vt 0.793687 0.000000
vt 0.651635 0.000000
vt 0.208568 0.000000
vt 0.792559 0.000000
vt 0.783540 0.000000
vt 0.209696 0.000000
vt 0.791432 0.000000
vt 0.210823 0.000000
vt 0.790304 0.000000
vt 0.670800 0.000000
vt 0.784667 0.000000
vt 0.211950 0.000000
vt 0.789177 0.000000
vt 0.529876 0.000000
vt 0.785795 0.000000
vt 0.213078 0.000000
vt 0.788050 0.000000
vt 0.528749 0.000000
vt 0.652762 0.000000
vt 0.215333 0.000000
vt 0.214205 0.000000
vt 0.786922 0.000000
vt 0.216460 0.000000
vt 0.527621 0.000000
vt 0.217587 0.000000
vt 0.218715 0.000000
vt 0.526494 0.000000
vt 0.219842 0.000000
vt 0.669673 0.000000
vt 0.220970 0.000000
vt 0.222097 0.000000
vt 0.525366 0.000000
vt 0.223224 0.000000
vt 0.224352 0.000000
vt 0.524239 0.000000
vt 0.225479 0.000000
vt 0.653890 0.000000
vt 0.226607 0.000000
vt 0.523112 0.000000
vt 0.227734 0.000000
vt 0.228861 0.000000
vt 0.229989 0.000000
vt 0.521984 0.000000
vt 0.668546 0.000000
vt 0.520857 0.000000
vt 0.519729 0.000000
vt 0.518602 0.000000
vt 0.517475 0.000000
vt 0.231116 0.000000
vt 0.516347 0.000000
vt 0.655017 0.000000
vt 0.515220 0.000000
vt 0.514092 0.000000
vt 0.512965 0.000000
vt 0.667418 0.000000
vt 0.511838 0.000000
vt 0.232244 0.000000
vt 0.510710 0.000000
vt 0.509583 0.000000
vt 0.656144 0.000000
vt 0.508455 0.000000
vt 0.233371 0.000000
vt 0.507328 0.000000
vt 0.666291 0.000000
vt 0.506201 0.000000
vt 0.505073 0.000000
vt 0.234498 0.000000
vt 0.503946 0.000000
vt 0.657272 0.000000
vt 0.502818 0.000000
vt 0.665163 0.000000
vt 0.235626 0.000000
vt 0.501691 0.000000
vt 0.236753 0.000000
vt 0.658399 0.000000
vt 0.664036 0.000000
vt 0.500564 0.000000
vt 0.237880 0.000000
vt 0.255919 0.000000
vt 0.258174 0.000000
vt 0.257046 0.000000
vt 0.259301 0.000000
vt 0.254791 0.000000
vt 0.659526 0.000000
vt 0.260428 0.000000
vt 0.239008 0.000000
vt 0.253664 0.000000
vt 0.662909 0.000000
vt 0.261556 0.000000
vt 0.499436 0.000000
vt 0.252537 0.000000
vt 0.251409 0.000000
vt 0.262683 0.000000
vt 0.240135 0.000000
vt 0.250282 0.000000
vt 0.263811 0.000000
vt 0.249154 0.000000
vt 0.661781 0.000000
vt 0.248027 0.000000
vt 0.264938 0.000000
vt 0.241263 0.000000
vt 0.498309 0.000000
vt 0.246900 0.000000
vt 0.245772 0.000000
vt 0.266065 0.000000
vt 0.244645 0.000000
vt 0.243517 0.000000
vt 0.242390 0.000000
vt 0.267193 0.000000
vt 0.660654 0.000000
vt 0.497182 0.000000
vt 0.268320 0.000000
vt 0.269448 0.000000
vt 0.832018 0.000000
vt 0.270575 0.000000
vt 0.496054 0.000000
vt 0.271702 0.000000
vt 0.833145 0.000000
vt 0.830891 0.000000
vt 0.272830 0.000000
vt 0.829763 0.000000
vt 0.494927 0.000000
vt 0.834273 0.000000
vt 0.273957 0.000000
vt 0.828636 0.000000
vt 0.835400 0.000000
vt 0.493799 0.000000
vt 0.827508 0.000000
vt 0.275085 0.000000
vt 0.836528 0.000000
vt 0.826381 0.000000
vt 0.492672 0.000000
vt 0.837655 0.000000
vt 0.276212 0.000000
vt 0.825254 0.000000
vt 0.838782 0.000000
vt 0.491545 0.000000
vt 0.824126 0.000000
vt 0.277339 0.000000
vt 0.839910 0.000000
vt 0.822999 0.000000
vt 0.490417 0.000000
vt 0.841037 0.000000
vt 0.278467 0.000000
vt 0.821871 0.000000
vt 0.489290 0.000000
vt 0.842165 0.000000
vt 0.820744 0.000000
vt 0.279594 0.000000
vt 0.843292 0.000000
vt 0.488162 0.000000
vt 0.819617 0.000000
vt 0.844419 0.000000
vt 0.280722 0.000000
vt 0.846674 0.000000
vt 0.472379 0.000000
vt 0.474634 0.000000
vt 0.473506 0.000000
vt 0.845547 0.000000
vt 0.471251 0.000000
vt 0.475761 0.000000
vt 0.470124 0.000000
vt 0.476888 0.000000
vt 0.281849 0.000000
vt 0.478016 0.000000
vt 0.468997 0.000000
vt 0.479143 0.000000
vt 0.480271 0.000000
vt 0.467869 0.000000
vt 0.481398 0.000000
vt 0.487035 0.000000
vt 0.482525 0.000000
vt 0.483653 0.000000
vt 0.484780 0.000000
vt 0.466742 0.000000
vt 0.485908 0.000000
vt 0.282976 0.000000
vt 0.465614 0.000000
vt 0.464487 0.000000
vt 0.284104 0.000000
vt 0.463360 0.000000
vt 0.462232 0.000000
vt 0.461105 0.000000
vt 0.285231 0.000000
vt 0.459977 0.000000
vt 0.458850 0.000000
vt 0.286359 0.000000
vt 0.457723 0.000000
vt 0.287486 0.000000
vt 0.456595 0.000000
vt 0.288613 0.000000
vt 0.455468 0.000000
vt 0.289741 0.000000
vt 0.454340 0.000000
vt 0.369786 0.000000
vt 0.290868 0.000000
vt 0.453213 0.000000
vt 0.370913 0.000000
vt 0.368658 0.000000
vt 0.367531 0.000000
vt 0.291995 0.000000
vt 0.366404 0.000000
vt 0.365276 0.000000
vt 0.429538 0.000000
vt 0.372041 0.000000
vt 0.364149 0.000000
vt 0.452086 0.000000
vt 0.363021 0.000000
vt 0.293123 0.000000
vt 0.361894 0.000000
vt 0.360767 0.000000
vt 0.430665 0.000000
vt 0.428410 0.000000
vt 0.359639 0.000000
vt 0.450958 0.000000
vt 0.358512 0.000000
vt 0.294250 0.000000
vt 0.357384 0.000000
vt 0.356257 0.000000
vt 0.431793 0.000000
vt 0.355130 0.000000
vt 0.432920 0.000000
vt 0.295378 0.000000
vt 0.449831 0.000000
vt 0.354002 0.000000
vt 0.434047 0.000000
vt 0.435175 0.000000
vt 0.352875 0.000000
vt 0.436302 0.000000
vt 0.312289 0.000000
vt 0.311161 0.000000
vt 0.310034 0.000000
vt 0.296505 0.000000
vt 0.351747 0.000000
vt 0.313416 0.000000
vt 0.314543 0.000000
vt 0.167982 0.000000
vt 0.170237 0.000000
vt 0.169109 0.000000
vt 0.448703 0.000000
vt 0.315671 0.000000
vt 0.308906 0.000000
vt 0.316798 0.000000
vt 0.317926 0.000000
vt 0.307779 0.000000
vt 0.437430 0.000000
vt 0.319053 0.000000
vt 0.320180 0.000000
vt 0.321308 0.000000
vt 0.322435 0.000000
vt 0.323563 0.000000
vt 0.326945 0.000000
vt 0.324690 0.000000
vt 0.325817 0.000000
vt 0.328072 0.000000
vt 0.306652 0.000000
vt 0.350620 0.000000
vt 0.305524 0.000000
vt 0.297632 0.000000
vt 0.304397 0.000000
vt 0.171364 0.000000
vt 0.166855 0.000000
vt 0.438557 0.000000
vt 0.303269 0.000000
vt 0.349493 0.000000
vt 0.302142 0.000000
vt 0.447576 0.000000
vt 0.298760 0.000000
vt 0.439684 0.000000
vt 0.329200 0.000000
vt 0.172492 0.000000
vt 0.348365 0.000000
vt 0.165727 0.000000
vt 0.330327 0.000000
vt 0.301015 0.000000
vt 0.331454 0.000000
vt 0.332582 0.000000
vt 0.299887 0.000000
vt 0.440812 0.000000
vt 0.347238 0.000000
vt 0.333709 0.000000
vt 0.164600 0.000000
vt 0.173619 0.000000
vt 0.334837 0.000000
vt 0.446449 0.000000
vt 0.346110 0.000000
vt 0.441939 0.000000
vt 0.335964 0.000000
vt 0.163472 0.000000
vt 0.337091 0.000000
vt 0.344983 0.000000
vt 0.943630 0.000000
vt 0.945885 0.000000
vt 0.944758 0.000000
vt 0.443067 0.000000
vt 0.338219 0.000000
vt 0.445321 0.000000
vt 0.174746 0.000000
vt 0.343856 0.000000
vt 0.339346 0.000000
vt 0.162345 0.000000
vt 0.942503 0.000000
vt 0.342728 0.000000
vt 0.947012 0.000000
vt 0.444194 0.000000
vt 0.340474 0.000000
vt 0.127396 0.000000
vt 0.129651 0.000000
vt 0.128523 0.000000
vt 0.341601 0.000000
vt 0.161218 0.000000
vt 0.941375 0.000000
vt 0.948140 0.000000
vt 0.175874 0.000000
vt 0.130778 0.000000
vt 0.126268 0.000000
vt 0.160090 0.000000
vt 0.131905 0.000000
vt 0.949267 0.000000
vt 0.133033 0.000000
vt 0.940248 0.000000
vt 0.125141 0.000000
vt 0.158963 0.000000
vt 0.970688 0.000000
vt 0.972943 0.000000
vt 0.971815 0.000000
vt 0.134160 0.000000
vt 0.177001 0.000000
vt 0.950395 0.000000
vt 0.157835 0.000000
vt 0.135287 0.000000
vt 0.124014 0.000000
vt 0.974070 0.000000
vt 0.136415 0.000000
vt 0.969560 0.000000
vt 0.939121 0.000000
vt 0.156708 0.000000
vt 0.951522 0.000000
vt 0.137542 0.000000
vt 0.155581 0.000000
vt 0.138670 0.000000
vt 0.968433 0.000000
vt 0.975197 0.000000
vt 0.139797 0.000000
vt 0.154453 0.000000
vt 0.153326 0.000000
vt 0.122886 0.000000
vt 0.152198 0.000000
vt 0.178129 0.000000
vt 0.151071 0.000000
vt 0.149944 0.000000
vt 0.952649 0.000000
vt 0.148816 0.000000
vt 0.147689 0.000000
vt 0.140924 0.000000
vt 0.146561 0.000000
vt 0.145434 0.000000
vt 0.144307 0.000000
vt 0.142052 0.000000
vt 0.143179 0.000000
vt 0.967306 0.000000
vt 0.937993 0.000000
vt 0.953777 0.000000
vt 0.976325 0.000000
vt 0.966178 0.000000
vt 0.121759 0.000000
vt 0.954904 0.000000
vt 0.965051 0.000000
vt 0.179256 0.000000
vt 0.956032 0.000000
vt 0.963923 0.000000
vt 0.977452 0.000000
vt 0.936866 0.000000
vt 0.962796 0.000000
vt 0.957159 0.000000
vt 0.961669 0.000000
vt 0.120631 0.000000
vt 0.960541 0.000000
vt 0.958286 0.000000
vt 0.959414 0.000000
vt 0.180383 0.000000
vt 0.978579 0.000000
vt 0.935738 0.000000
vt 0.119504 0.000000
vt 0.979707 0.000000
vt 0.181511 0.000000
vt 0.118377 0.000000
vt 0.934611 0.000000
vt 0.980834 0.000000
vt 0.182638 0.000000
vt 0.117249 0.000000
vt 0.933484 0.000000
vt 0.981962 0.000000
vt 0.183766 0.000000
vt 0.116122 0.000000
vt 0.932356 0.000000
vt 0.184893 0.000000
vt 0.983089 0.000000
vt 0.114994 0.000000
vt 0.931229 0.000000
vt 0.984216 0.000000
vt 0.113867 0.000000
vt 0.930101 0.000000
vt 0.112740 0.000000
vt 0.985344 0.000000
vt 0.186020 0.000000
vt 0.928974 0.000000
vt 0.986471 0.000000
vt 0.987599 0.000000
vt 0.111612 0.000000
vt 0.187148 0.000000
vt 0.927847 0.000000
vt 0.110485 0.000000
vt 0.988726 0.000000
vt 0.188275 0.000000
vt 0.926719 0.000000
vt 0.109357 0.000000
vt 0.989853 0.000000
vt 0.189402 0.000000
vt 0.925592 0.000000
vt 0.108230 0.000000
vt 0.990981 0.000000
vt 0.190530 0.000000
vt 0.107103 0.000000
vt 0.924464 0.000000
vt 0.992108 0.000000
vt 0.105975 0.000000
vt 0.191657 0.000000
vt 0.923337 0.000000
vt 0.104848 0.000000
vt 0.993236 0.000000
vt 0.192785 0.000000
vt 0.922210 0.000000
vt 0.103720 0.000000
vt 0.193912 0.000000
vt 0.994363 0.000000
vt 0.921082 0.000000
vt 0.102593 0.000000
vt 0.195039 0.000000
vt 0.995490 0.000000
vt 0.101466 0.000000
vt 0.919955 0.000000
vt 0.196167 0.000000
vt 0.816234 0.000000
vt 0.818489 0.000000
vt 0.817362 0.000000
vt 0.815107 0.000000
vt 0.100338 0.000000
vt 0.996618 0.000000
vt 0.813980 0.000000
vt 0.001127 0.000000
vt 0.918828 0.000000
vt 0.812852 0.000000
vt 0.002255 0.000000
vt 0.811725 0.000000
vt 0.197294 0.000000
vt 0.810598 0.000000
vt 0.099211 0.000000
vt 0.003382 0.000000
vt 0.809470 0.000000
vt 0.098083 0.000000
vt 0.808343 0.000000
vt 0.096956 0.000000
vt 0.807215 0.000000
vt 0.004510 0.000000
vt 0.997745 0.000000
vt 0.806088 0.000000
vt 0.095829 0.000000
vt 0.804961 0.000000
vt 0.803833 0.000000
vt 0.917700 0.000000
vt 0.094701 0.000000
vt 0.005637 0.000000
vt 0.093574 0.000000
vt 0.071026 0.000000
vt 0.092446 0.000000
vt 0.072153 0.000000
vt 0.069899 0.000000
vt 0.006764 0.000000
vt 0.073281 0.000000
vt 0.074408 0.000000
vt 0.091319 0.000000
vt 0.075536 0.000000
vt 0.076663 0.000000
vt 0.077790 0.000000
vt 0.090192 0.000000
vt 0.078918 0.000000
vt 0.998873 0.000000
vt 0.080045 0.000000
vt 0.089064 0.000000
vt 0.007892 0.000000
vt 0.916573 0.000000
vt 0.081172 0.000000
vt 0.087937 0.000000
vt 0.082300 0.000000
vt 0.083427 0.000000
vt 0.086809 0.000000
vt 0.084555 0.000000
vt 0.085682 0.000000
vt 0.009019 0.000000
vt 0.010147 0.000000
vt 0.915445 0.000000
vt 0.011274 0.000000
vt 0.914318 0.000000
vt 0.012401 0.000000
vt 0.913191 0.000000
vt 0.013529 0.000000
vt 0.847802 0.000000
vt 0.912063 0.000000
vt 0.068771 0.000000
vt 0.014656 0.000000
vt 0.848929 0.000000
vt 0.910936 0.000000
vt 0.067644 0.000000
vt 0.015784 0.000000
vt 0.850056 0.000000
vt 0.909808 0.000000
vt 0.066516 0.000000
vt 0.851184 0.000000
vt 0.016911 0.000000
vt 0.908681 0.000000
vt 0.065389 0.000000
vt 0.852311 0.000000
vt 0.907554 0.000000
vt 0.018038 0.000000
vt 0.064262 0.000000
vt 0.906426 0.000000
vt 0.883878 0.000000
vt 0.853439 0.000000
vt 0.019166 0.000000
vt 0.063134 0.000000
vt 0.905299 0.000000
vt 0.890643 0.000000
vt 0.889515 0.000000
vt 0.888388 0.000000
vt 0.887260 0.000000
vt 0.886133 0.000000
vt 0.885006 0.000000
vt 0.882751 0.000000
vt 0.881623 0.000000
vt 0.880496 0.000000
vt 0.879369 0.000000
vt 0.878241 0.000000
vt 0.891770 0.000000
vt 0.877114 0.000000
vt 0.875986 0.000000
vt 0.874859 0.000000
vt 0.892897 0.000000
vt 0.873732 0.000000
vt 0.894025 0.000000
vt 0.854566 0.000000
vt 0.872604 0.000000
vt 0.895152 0.000000
vt 0.904171 0.000000
vt 0.020293 0.000000
vt 0.896280 0.000000
vt 0.871477 0.000000
vt 0.062007 0.000000
vt 0.897407 0.000000
vt 0.427283 0.000000
vt 0.373168 0.000000
vt 0.870349 0.000000
vt 0.898534 0.000000
vt 0.903044 0.000000
vt 0.899662 0.000000
vt 0.855693 0.000000
vt 0.869222 0.000000
vt 0.900789 0.000000
vt 0.901917 0.000000
vt 0.040586 0.000000
vt 0.039459 0.000000
vt 0.021421 0.000000
vt 0.060879 0.000000
vt 0.042841 0.000000
vt 0.041714 0.000000
vt 0.868095 0.000000
vt 0.426156 0.000000
vt 0.374295 0.000000
vt 0.043968 0.000000
vt 0.038331 0.000000
vt 0.045096 0.000000
vt 0.037204 0.000000
vt 0.856821 0.000000
vt 0.046223 0.000000
vt 0.866967 0.000000
vt 0.036077 0.000000
vt 0.059752 0.000000
vt 0.047351 0.000000
vt 0.022548 0.000000
vt 0.034949 0.000000
vt 0.048478 0.000000
vt 0.865840 0.000000
vt 0.033822 0.000000
vt 0.425028 0.000000
vt 0.375423 0.000000
vt 0.857948 0.000000
vt 0.049605 0.000000
vt 0.032694 0.000000
vt 0.058625 0.000000
vt 0.864713 0.000000
vt 0.023675 0.000000
vt 0.050733 0.000000
vt 0.031567 0.000000
vt 0.859076 0.000000
vt 0.051860 0.000000
vt 0.863585 0.000000
vt 0.057497 0.000000
vt 0.030440 0.000000
vt 0.423901 0.000000
vt 0.376550 0.000000
vt 0.024803 0.000000
vt 0.052988 0.000000
vt 0.862458 0.000000
vt 0.029312 0.000000
vt 0.860203 0.000000
vt 0.056370 0.000000
vt 0.054115 0.000000
vt 0.025930 0.000000
vt 0.861330 0.000000
vt 0.028185 0.000000
vt 0.055242 0.000000
vt 0.422773 0.000000
vt 0.377678 0.000000
vt 0.027057 0.000000
vt 0.421646 0.000000
vt 0.378805 0.000000
vt 0.420519 0.000000
vt 0.379932 0.000000
vt 0.419391 0.000000
vt 0.401353 0.000000
vt 0.400225 0.000000
vt 0.399098 0.000000
vt 0.381060 0.000000
vt 0.402480 0.000000
vt 0.397971 0.000000
vt 0.403608 0.000000
vt 0.396843 0.000000
vt 0.404735 0.000000
vt 0.395716 0.000000
vt 0.405862 0.000000
vt 0.394589 0.000000
vt 0.418264 0.000000
vt 0.382187 0.000000
vt 0.406990 0.000000
vt 0.393461 0.000000
vt 0.408117 0.000000
vt 0.392334 0.000000
vt 0.417136 0.000000
vt 0.383315 0.000000
vt 0.409245 0.000000
vt 0.391206 0.000000
vt 0.410372 0.000000
vt 0.390079 0.000000
vt 0.416009 0.000000
vt 0.384442 0.000000
vt 0.411499 0.000000
vt 0.388952 0.000000
vt 0.414882 0.000000
vt 0.385569 0.000000
vt 0.412627 0.000000
vt 0.387824 0.000000
vt 0.413754 0.000000
vt 0.386697 0.000000
vt 0.031934 0.000000
vt 0.033759 0.000000
vt 0.032847 0.000000
vt 0.034672 0.000000
vt 0.035584 0.000000
vt 0.031022 0.000000
vt 0.036496 0.000000
vt 0.030109 0.000000
vt 0.037409 0.000000
vt 0.078467 0.000000
vt 0.080292 0.000000
vt 0.079380 0.000000
vt 0.101277 0.000000
vt 0.103102 0.000000
vt 0.102190 0.000000
vt 0.029197 0.000000
vt 0.077555 0.000000
vt 0.104015 0.000000
vt 0.081204 0.000000
vt 0.100365 0.000000
vt 0.038321 0.000000
vt 0.028285 0.000000
vt 0.076642 0.000000
vt 0.104927 0.000000
vt 0.082117 0.000000
vt 0.099453 0.000000
vt 0.039234 0.000000
vt 0.083029 0.000000
vt 0.098540 0.000000
vt 0.027372 0.000000
vt 0.075730 0.000000
vt 0.105839 0.000000
vt 0.083942 0.000000
vt 0.097628 0.000000
vt 0.040146 0.000000
vt 0.026460 0.000000
vt 0.084854 0.000000
vt 0.096715 0.000000
vt 0.074818 0.000000
vt 0.106752 0.000000
vt 0.041058 0.000000
vt 0.085766 0.000000
vt 0.095803 0.000000
vt 0.025547 0.000000
vt 0.086679 0.000000
vt 0.094891 0.000000
vt 0.073905 0.000000
vt 0.107664 0.000000
vt 0.041971 0.000000
vt 0.087591 0.000000
vt 0.093978 0.000000
vt 0.088504 0.000000
vt 0.093066 0.000000
vt 0.024635 0.000000
vt 0.089416 0.000000
vt 0.092153 0.000000
vt 0.090328 0.000000
vt 0.091241 0.000000
vt 0.042883 0.000000
vt 0.072993 0.000000
vt 0.108577 0.000000
vt 0.023723 0.000000
vt 0.043796 0.000000
vt 0.044708 0.000000
vt 0.022810 0.000000
vt 0.072080 0.000000
vt 0.109489 0.000000
vt 0.045620 0.000000
vt 0.021898 0.000000
vt 0.046533 0.000000
vt 0.020985 0.000000
vt 0.071168 0.000000
vt 0.110401 0.000000
vt 0.020073 0.000000
vt 0.047445 0.000000
vt 0.019161 0.000000
vt 0.070255 0.000000
vt 0.111314 0.000000
vt 0.048358 0.000000
vt 0.018248 0.000000
vt 0.017336 0.000000
vt 0.049270 0.000000
vt 0.069343 0.000000
vt 0.112226 0.000000
vt 0.016423 0.000000
vt 0.050182 0.000000
vt 0.015511 0.000000
vt 0.014599 0.000000
vt 0.068431 0.000000
vt 0.113139 0.000000
vt 0.051095 0.000000
vt 0.013686 0.000000
vt 0.012774 0.000000
vt 0.011861 0.000000
vt 0.052007 0.000000
vt 0.010949 0.000000
vt 0.067518 0.000000
vt 0.114051 0.000000
vt 0.010036 0.000000
vt 0.009124 0.000000
vt 0.008212 0.000000
vt 0.052920 0.000000
vt 0.007299 0.000000
vt 0.006387 0.000000
vt 0.005474 0.000000
vt 0.066606 0.000000
vt 0.791058 0.000000
vt 0.790146 0.000000
vt 0.621350 0.000000
vt 0.620438 0.000000
vt 0.863139 0.000000
vt 0.862226 0.000000
vt 0.114964 0.000000
vt 0.004562 0.000000
vt 0.003650 0.000000
vt 0.053832 0.000000
vt 0.002737 0.000000
vt 0.001825 0.000000
vt 0.054745 0.000000
vt 0.000912 0.000000
vt 0.055657 0.000000
vt 0.768248 0.000000
vt 0.767336 0.000000
vt 0.056569 0.000000
vt 0.791971 0.000000
vt 0.789234 0.000000
vt 0.622263 0.000000
vt 0.619526 0.000000
vt 0.864051 0.000000
vt 0.861314 0.000000
vt 0.057482 0.000000
vt 0.058394 0.000000
vt 0.766423 0.000000
vt 0.059307 0.000000
vt 0.060219 0.000000
vt 0.765511 0.000000
vt 0.061131 0.000000
vt 0.062044 0.000000
vt 0.062956 0.000000
vt 0.788321 0.000000
vt 0.764599 0.000000
vt 0.063869 0.000000
vt 0.064781 0.000000
vt 0.065693 0.000000
vt 0.723540 0.000000
vt 0.763686 0.000000
vt 0.762774 0.000000
vt 0.787409 0.000000
vt 0.623175 0.000000
vt 0.115876 0.000000
vt 0.761861 0.000000
vt 0.724453 0.000000
vt 0.722628 0.000000
vt 0.725365 0.000000
vt 0.116788 0.000000
vt 0.726277 0.000000
vt 0.760949 0.000000
vt 0.860401 0.000000
vt 0.727190 0.000000
vt 0.786496 0.000000
vt 0.728102 0.000000
vt 0.117701 0.000000
vt 0.760036 0.000000
vt 0.729015 0.000000
vt 0.859489 0.000000
vt 0.729927 0.000000
vt 0.730839 0.000000
vt 0.759124 0.000000
vt 0.858577 0.000000
vt 0.118613 0.000000
vt 0.731752 0.000000
vt 0.732664 0.000000
vt 0.785584 0.000000
vt 0.758212 0.000000
vt 0.857664 0.000000
vt 0.119526 0.000000
vt 0.733577 0.000000
vt 0.624088 0.000000
vt 0.734489 0.000000
vt 0.757299 0.000000
vt 0.856752 0.000000
vt 0.735401 0.000000
vt 0.120438 0.000000
vt 0.736314 0.000000
vt 0.756387 0.000000
vt 0.855839 0.000000
vt 0.784672 0.000000
vt 0.121350 0.000000
vt 0.755474 0.000000
vt 0.737226 0.000000
vt 0.854927 0.000000
vt 0.721715 0.000000
vt 0.769161 0.000000
vt 0.754562 0.000000
vt 0.964416 0.000000
vt 0.966241 0.000000
vt 0.965328 0.000000
vt 0.967153 0.000000
vt 0.837591 0.000000
vt 0.836679 0.000000
vt 0.122263 0.000000
vt 0.738139 0.000000
vt 0.854015 0.000000
vt 0.839416 0.000000
vt 0.838504 0.000000
vt 0.783759 0.000000
vt 0.840328 0.000000
vt 0.835766 0.000000
vt 0.968066 0.000000
vt 0.963504 0.000000
vt 0.753650 0.000000
vt 0.841241 0.000000
vt 0.770073 0.000000
vt 0.834854 0.000000
vt 0.720803 0.000000
vt 0.842153 0.000000
vt 0.833942 0.000000
vt 0.843066 0.000000
vt 0.123175 0.000000
vt 0.739051 0.000000
vt 0.853102 0.000000
vt 0.833029 0.000000
vt 0.968978 0.000000
vt 0.843978 0.000000
vt 0.962591 0.000000
vt 0.832117 0.000000
vt 0.752737 0.000000
vt 0.844891 0.000000
vt 0.770985 0.000000
vt 0.802920 0.000000
vt 0.804745 0.000000
vt 0.803832 0.000000
vt 0.831204 0.000000
vt 0.719891 0.000000
vt 0.625000 0.000000
vt 0.852190 0.000000
vt 0.845803 0.000000
vt 0.802007 0.000000
vt 0.124088 0.000000
vt 0.969891 0.000000
vt 0.739964 0.000000
vt 0.805657 0.000000
vt 0.830292 0.000000
vt 0.961679 0.000000
vt 0.846715 0.000000
vt 0.751825 0.000000
vt 0.782847 0.000000
vt 0.801095 0.000000
vt 0.851277 0.000000
vt 0.829380 0.000000
vt 0.771898 0.000000
vt 0.806569 0.000000
vt 0.847628 0.000000
vt 0.125000 0.000000
vt 0.718978 0.000000
vt 0.970803 0.000000
vt 0.828467 0.000000
vt 0.807482 0.000000
vt 0.740876 0.000000
vt 0.848540 0.000000
vt 0.800182 0.000000
vt 0.960766 0.000000
vt 0.850365 0.000000
vt 0.750912 0.000000
vt 0.827555 0.000000
vt 0.125912 0.000000
vt 0.849453 0.000000
vt 0.808394 0.000000
vt 0.135949 0.000000
vt 0.137774 0.000000
vt 0.136861 0.000000
vt 0.772810 0.000000
vt 0.135036 0.000000
vt 0.134124 0.000000
vt 0.133212 0.000000
vt 0.971715 0.000000
vt 0.132299 0.000000
vt 0.131387 0.000000
vt 0.130474 0.000000
vt 0.799270 0.000000
vt 0.129562 0.000000
vt 0.826642 0.000000
vt 0.128650 0.000000
vt 0.127737 0.000000
vt 0.809307 0.000000
vt 0.718066 0.000000
vt 0.126825 0.000000
vt 0.138686 0.000000
vt 0.959854 0.000000
vt 0.741788 0.000000
vt 0.781934 0.000000
vt 0.825730 0.000000
vt 0.810219 0.000000
vt 0.139599 0.000000
vt 0.972628 0.000000
vt 0.798358 0.000000
vt 0.773723 0.000000
vt 0.824818 0.000000
vt 0.811131 0.000000
vt 0.823905 0.000000
vt 0.958942 0.000000
vt 0.742701 0.000000
vt 0.140511 0.000000
vt 0.717153 0.000000
vt 0.812044 0.000000
vt 0.749088 0.000000
vt 0.822993 0.000000
vt 0.822080 0.000000
vt 0.812956 0.000000
vt 0.973540 0.000000
vt 0.797445 0.000000
vt 0.821168 0.000000
vt 0.813869 0.000000
vt 0.774635 0.000000
vt 0.820255 0.000000
vt 0.141423 0.000000
vt 0.819343 0.000000
vt 0.814781 0.000000
vt 0.818431 0.000000
vt 0.817518 0.000000
vt 0.816606 0.000000
vt 0.815693 0.000000
vt 0.958029 0.000000
vt 0.743613 0.000000
vt 0.781022 0.000000
vt 0.748175 0.000000
vt 0.625912 0.000000
vt 0.716241 0.000000
vt 0.974453 0.000000
vt 0.796533 0.000000
vt 0.142336 0.000000
vt 0.775547 0.000000
vt 0.744526 0.000000
vt 0.747263 0.000000
vt 0.957117 0.000000
vt 0.975365 0.000000
vt 0.715328 0.000000
vt 0.700730 0.000000
vt 0.699818 0.000000
vt 0.795620 0.000000
vt 0.143248 0.000000
vt 0.698905 0.000000
vt 0.697993 0.000000
vt 0.701642 0.000000
vt 0.745438 0.000000
vt 0.746350 0.000000
vt 0.776460 0.000000
vt 0.780109 0.000000
vt 0.697080 0.000000
vt 0.976277 0.000000
vt 0.702555 0.000000
vt 0.956204 0.000000
vt 0.696168 0.000000
vt 0.703467 0.000000
vt 0.695255 0.000000
vt 0.794708 0.000000
vt 0.704380 0.000000
vt 0.144161 0.000000
vt 0.714416 0.000000
vt 0.977190 0.000000
vt 0.694343 0.000000
vt 0.705292 0.000000
vt 0.777372 0.000000
vt 0.955292 0.000000
vt 0.693431 0.000000
vt 0.978102 0.000000
vt 0.706204 0.000000
vt 0.793796 0.000000
vt 0.692518 0.000000
vt 0.713504 0.000000
vt 0.145073 0.000000
vt 0.779197 0.000000
vt 0.707117 0.000000
vt 0.954380 0.000000
vt 0.778285 0.000000
vt 0.691606 0.000000
vt 0.708029 0.000000
vt 0.792883 0.000000
vt 0.690693 0.000000
vt 0.979015 0.000000
vt 0.712591 0.000000
vt 0.953467 0.000000
vt 0.864964 0.000000
vt 0.145985 0.000000
vt 0.708942 0.000000
vt 0.626825 0.000000
vt 0.689781 0.000000
vt 0.886861 0.000000
vt 0.711679 0.000000
vt 0.952555 0.000000
vt 0.709854 0.000000
vt 0.688869 0.000000
vt 0.979927 0.000000
vt 0.146898 0.000000
vt 0.865876 0.000000
vt 0.710766 0.000000
vt 0.687956 0.000000
vt 0.951642 0.000000
vt 0.885949 0.000000
vt 0.950730 0.000000
vt 0.147810 0.000000
vt 0.866788 0.000000
vt 0.980839 0.000000
vt 0.885036 0.000000
vt 0.687044 0.000000
vt 0.949818 0.000000
vt 0.884124 0.000000
vt 0.867701 0.000000
vt 0.148723 0.000000
vt 0.948905 0.000000
vt 0.981752 0.000000
vt 0.883212 0.000000
vt 0.868613 0.000000
vt 0.947993 0.000000
vt 0.149635 0.000000
vt 0.686131 0.000000
vt 0.882299 0.000000
vt 0.869526 0.000000
vt 0.627737 0.000000
vt 0.947080 0.000000
vt 0.881387 0.000000
vt 0.982664 0.000000
vt 0.870438 0.000000
vt 0.880474 0.000000
vt 0.946168 0.000000
vt 0.871350 0.000000
vt 0.879562 0.000000
vt 0.872263 0.000000
vt 0.878650 0.000000
vt 0.945255 0.000000
vt 0.877737 0.000000
vt 0.873175 0.000000
vt 0.685219 0.000000
vt 0.876825 0.000000
vt 0.874088 0.000000
vt 0.875912 0.000000
vt 0.875000 0.000000
vt 0.944343 0.000000
vt 0.983577 0.000000
vt 0.943431 0.000000
vt 0.942518 0.000000
vt 0.941606 0.000000
vt 0.684307 0.000000
vt 0.940693 0.000000
vt 0.939781 0.000000
vt 0.938869 0.000000
vt 0.618613 0.000000
vt 0.984489 0.000000
vt 0.937956 0.000000
vt 0.150547 0.000000
vt 0.937044 0.000000
vt 0.936131 0.000000
vt 0.617701 0.000000
vt 0.683394 0.000000
vt 0.935219 0.000000
vt 0.985401 0.000000
vt 0.628650 0.000000
vt 0.616788 0.000000
vt 0.934307 0.000000
vt 0.682482 0.000000
vt 0.933394 0.000000
vt 0.615876 0.000000
vt 0.932482 0.000000
vt 0.986314 0.000000
vt 0.151460 0.000000
vt 0.614964 0.000000
vt 0.681569 0.000000
vt 0.931569 0.000000
vt 0.595803 0.000000
vt 0.597628 0.000000
vt 0.596715 0.000000
vt 0.614051 0.000000
vt 0.930657 0.000000
vt 0.598540 0.000000
vt 0.594891 0.000000
vt 0.987226 0.000000
vt 0.680657 0.000000
vt 0.613139 0.000000
vt 0.599453 0.000000
vt 0.593978 0.000000
vt 0.679745 0.000000
vt 0.600365 0.000000
vt 0.612226 0.000000
vt 0.929745 0.000000
vt 0.666058 0.000000
vt 0.667883 0.000000
vt 0.666971 0.000000
vt 0.593066 0.000000
vt 0.678832 0.000000
vt 0.668796 0.000000
vt 0.988139 0.000000
vt 0.669708 0.000000
vt 0.601277 0.000000
vt 0.152372 0.000000
vt 0.670620 0.000000
vt 0.629562 0.000000
vt 0.671533 0.000000
vt 0.672445 0.000000
vt 0.611314 0.000000
vt 0.673358 0.000000
vt 0.677920 0.000000
vt 0.674270 0.000000
vt 0.675182 0.000000
vt 0.676095 0.000000
vt 0.677007 0.000000
vt 0.665146 0.000000
vt 0.602190 0.000000
vt 0.664234 0.000000
vt 0.592153 0.000000
vt 0.610401 0.000000
vt 0.603102 0.000000
vt 0.928832 0.000000
vt 0.663321 0.000000
vt 0.989051 0.000000
vt 0.609489 0.000000
vt 0.604015 0.000000
vt 0.662409 0.000000
vt 0.604927 0.000000
vt 0.591241 0.000000
vt 0.608577 0.000000
vt 0.989964 0.000000
vt 0.605839 0.000000
vt 0.153285 0.000000
vt 0.606752 0.000000
vt 0.661496 0.000000
vt 0.607664 0.000000
vt 0.927920 0.000000
vt 0.990876 0.000000
vt 0.590328 0.000000
vt 0.660584 0.000000
vt 0.991788 0.000000
vt 0.154197 0.000000
vt 0.659672 0.000000
vt 0.992701 0.000000
vt 0.589416 0.000000
vt 0.927007 0.000000
vt 0.630474 0.000000
vt 0.993613 0.000000
vt 0.658759 0.000000
vt 0.155109 0.000000
vt 0.994526 0.000000
vt 0.588504 0.000000
vt 0.171533 0.000000
vt 0.926095 0.000000
vt 0.657847 0.000000
vt 0.995438 0.000000
vt 0.996350 0.000000
vt 0.156022 0.000000
vt 0.172445 0.000000
vt 0.170620 0.000000
vt 0.997263 0.000000
vt 0.656934 0.000000
vt 0.587591 0.000000
vt 0.998175 0.000000
vt 0.169708 0.000000
vt 0.999088 0.000000
vt 0.168796 0.000000
vt 0.156934 0.000000
vt 0.925182 0.000000
vt 0.167883 0.000000
vt 0.166971 0.000000
vt 0.887774 0.000000
vt 0.157847 0.000000
vt 0.656022 0.000000
vt 0.166058 0.000000
vt 0.888686 0.000000
vt 0.165146 0.000000
vt 0.164234 0.000000
vt 0.158759 0.000000
vt 0.586679 0.000000
vt 0.889599 0.000000
vt 0.163321 0.000000
vt 0.631387 0.000000
vt 0.162409 0.000000
vt 0.159672 0.000000
vt 0.161496 0.000000
vt 0.160584 0.000000
vt 0.890511 0.000000
vt 0.655109 0.000000
vt 0.924270 0.000000
vt 0.891423 0.000000
vt 0.585766 0.000000
vt 0.654197 0.000000
vt 0.892336 0.000000
vt 0.923358 0.000000
vt 0.893248 0.000000
vt 0.584854 0.000000
vt 0.653285 0.000000
vt 0.894161 0.000000
vt 0.632299 0.000000
vt 0.583942 0.000000
vt 0.652372 0.000000
vt 0.922445 0.000000
vt 0.895073 0.000000
vt 0.895985 0.000000
vt 0.651460 0.000000
vt 0.921533 0.000000
vt 0.896898 0.000000
vt 0.650547 0.000000
vt 0.897810 0.000000
vt 0.633212 0.000000
vt 0.920620 0.000000
vt 0.634124 0.000000
vt 0.898723 0.000000
vt 0.649635 0.000000
vt 0.635036 0.000000
vt 0.635949 0.000000
vt 0.899635 0.000000
vt 0.919708 0.000000
vt 0.648723 0.000000
vt 0.636861 0.000000
vt 0.918796 0.000000
vt 0.900547 0.000000
vt 0.637774 0.000000
vt 0.647810 0.000000
vt 0.917883 0.000000
vt 0.638686 0.000000
vt 0.901460 0.000000
vt 0.916971 0.000000
vt 0.646898 0.000000
vt 0.639599 0.000000
vt 0.902372 0.000000
vt 0.571168 0.000000
vt 0.572993 0.000000
vt 0.572080 0.000000
vt 0.183394 0.000000
vt 0.185219 0.000000
vt 0.184307 0.000000
vt 0.570255 0.000000
vt 0.186131 0.000000
vt 0.640511 0.000000
vt 0.916058 0.000000
vt 0.573905 0.000000
vt 0.182482 0.000000
vt 0.645985 0.000000
vt 0.569343 0.000000
vt 0.187044 0.000000
vt 0.574818 0.000000
vt 0.181569 0.000000
vt 0.903285 0.000000
vt 0.641423 0.000000
vt 0.575730 0.000000
vt 0.180657 0.000000
vt 0.915146 0.000000
vt 0.568431 0.000000
vt 0.187956 0.000000
vt 0.645073 0.000000
vt 0.576642 0.000000
vt 0.179745 0.000000
vt 0.642336 0.000000
vt 0.577555 0.000000
vt 0.178832 0.000000
vt 0.904197 0.000000
vt 0.567518 0.000000
vt 0.188869 0.000000
vt 0.644161 0.000000
vt 0.914234 0.000000
vt 0.643248 0.000000
vt 0.578467 0.000000
vt 0.177920 0.000000
vt 0.579380 0.000000
vt 0.177007 0.000000
vt 0.566606 0.000000
vt 0.189781 0.000000
vt 0.580292 0.000000
vt 0.176095 0.000000
vt 0.905109 0.000000
vt 0.581204 0.000000
vt 0.175182 0.000000
vt 0.913321 0.000000
vt 0.582117 0.000000
vt 0.174270 0.000000
vt 0.583029 0.000000
vt 0.173358 0.000000
vt 0.565693 0.000000
vt 0.190693 0.000000
vt 0.906022 0.000000
vt 0.912409 0.000000
vt 0.564781 0.000000
vt 0.191606 0.000000
vt 0.906934 0.000000
vt 0.911496 0.000000
vt 0.563869 0.000000
vt 0.192518 0.000000
vt 0.907847 0.000000
vt 0.910584 0.000000
vt 0.562956 0.000000
vt 0.193431 0.000000
vt 0.908759 0.000000
vt 0.909672 0.000000
vt 0.562044 0.000000
vt 0.194343 0.000000
vt 0.561131 0.000000
vt 0.195255 0.000000
vt 0.560219 0.000000
vt 0.196168 0.000000
vt 0.537409 0.000000
vt 0.539234 0.000000
vt 0.538321 0.000000
vt 0.536496 0.000000
vt 0.559307 0.000000
vt 0.197080 0.000000
vt 0.535584 0.000000
vt 0.540146 0.000000
vt 0.558394 0.000000
vt 0.197993 0.000000
vt 0.534672 0.000000
vt 0.557482 0.000000
vt 0.541058 0.000000
vt 0.198905 0.000000
vt 0.533759 0.000000
vt 0.556569 0.000000
vt 0.555657 0.000000
vt 0.541971 0.000000
vt 0.199818 0.000000
vt 0.532847 0.000000
vt 0.554745 0.000000
vt 0.200730 0.000000
vt 0.542883 0.000000
vt 0.531934 0.000000
vt 0.553832 0.000000
vt 0.543796 0.000000
vt 0.201642 0.000000
vt 0.552920 0.000000
vt 0.531022 0.000000
vt 0.544708 0.000000
vt 0.552007 0.000000
vt 0.202555 0.000000
vt 0.545620 0.000000
vt 0.530109 0.000000
vt 0.551095 0.000000
vt 0.218978 0.000000
vt 0.218066 0.000000
vt 0.203467 0.000000
vt 0.546533 0.000000
vt 0.550182 0.000000
vt 0.416058 0.000000
vt 0.415146 0.000000
vt 0.414234 0.000000
vt 0.413321 0.000000
vt 0.412409 0.000000
vt 0.219891 0.000000
vt 0.220803 0.000000
vt 0.217153 0.000000
vt 0.416971 0.000000
vt 0.417883 0.000000
vt 0.216241 0.000000
vt 0.418796 0.000000
vt 0.419708 0.000000
vt 0.215328 0.000000
vt 0.420620 0.000000
vt 0.547445 0.000000
vt 0.529197 0.000000
vt 0.421533 0.000000
vt 0.214416 0.000000
vt 0.422445 0.000000
vt 0.204380 0.000000
vt 0.435219 0.000000
vt 0.437044 0.000000
vt 0.436131 0.000000
vt 0.549270 0.000000
vt 0.434307 0.000000
vt 0.423358 0.000000
vt 0.433394 0.000000
vt 0.548358 0.000000
vt 0.213504 0.000000
vt 0.432482 0.000000
vt 0.424270 0.000000
vt 0.431569 0.000000
vt 0.430657 0.000000
vt 0.429745 0.000000
vt 0.425182 0.000000
vt 0.428832 0.000000
vt 0.212591 0.000000
vt 0.427920 0.000000
vt 0.427007 0.000000
vt 0.426095 0.000000
vt 0.437956 0.000000
vt 0.205292 0.000000
vt 0.211679 0.000000
vt 0.528285 0.000000
vt 0.438869 0.000000
vt 0.210766 0.000000
vt 0.439781 0.000000
vt 0.206204 0.000000
vt 0.209854 0.000000
vt 0.440693 0.000000
vt 0.527372 0.000000
vt 0.221715 0.000000
vt 0.208942 0.000000
vt 0.207117 0.000000
vt 0.411496 0.000000
vt 0.208029 0.000000
vt 0.441606 0.000000
vt 0.526460 0.000000
vt 0.442518 0.000000
vt 0.525547 0.000000
vt 0.443431 0.000000
vt 0.222628 0.000000
vt 0.410584 0.000000
vt 0.444343 0.000000
vt 0.445255 0.000000
vt 0.524635 0.000000
vt 0.446168 0.000000
vt 0.298358 0.000000
vt 0.223540 0.000000
vt 0.409672 0.000000
vt 0.345803 0.000000
vt 0.447080 0.000000
vt 0.447993 0.000000
vt 0.346715 0.000000
vt 0.344891 0.000000
vt 0.299270 0.000000
vt 0.297445 0.000000
vt 0.448905 0.000000
vt 0.523723 0.000000
vt 0.224453 0.000000
vt 0.408759 0.000000
vt 0.296533 0.000000
vt 0.347628 0.000000
vt 0.522810 0.000000
vt 0.449818 0.000000
vt 0.225365 0.000000
vt 0.407847 0.000000
vt 0.521898 0.000000
vt 0.295620 0.000000
vt 0.226277 0.000000
vt 0.348540 0.000000
vt 0.450730 0.000000
vt 0.406934 0.000000
vt 0.227190 0.000000
vt 0.520985 0.000000
vt 0.294708 0.000000
vt 0.406022 0.000000
vt 0.349453 0.000000
vt 0.451642 0.000000
vt 0.228102 0.000000
vt 0.520073 0.000000
vt 0.405109 0.000000
vt 0.293796 0.000000
vt 0.350365 0.000000
vt 0.452555 0.000000
vt 0.229015 0.000000
vt 0.519161 0.000000
vt 0.404197 0.000000
vt 0.292883 0.000000
vt 0.351277 0.000000
vt 0.453467 0.000000
vt 0.229927 0.000000
vt 0.518248 0.000000
vt 0.403285 0.000000
vt 0.291971 0.000000
vt 0.352190 0.000000
vt 0.454380 0.000000
vt 0.230839 0.000000
vt 0.402372 0.000000
vt 0.517336 0.000000
vt 0.291058 0.000000
vt 0.353102 0.000000
vt 0.231752 0.000000
vt 0.232664 0.000000
vt 0.455292 0.000000
vt 0.401460 0.000000
vt 0.233577 0.000000
vt 0.516423 0.000000
vt 0.400547 0.000000
vt 0.234489 0.000000
vt 0.235401 0.000000
vt 0.399635 0.000000
vt 0.236314 0.000000
vt 0.398723 0.000000
vt 0.290146 0.000000
vt 0.237226 0.000000
vt 0.397810 0.000000
vt 0.238139 0.000000
vt 0.354015 0.000000
vt 0.239051 0.000000
vt 0.396898 0.000000
vt 0.239964 0.000000
vt 0.251825 0.000000
vt 0.253650 0.000000
vt 0.252737 0.000000
vt 0.240876 0.000000
vt 0.395985 0.000000
vt 0.250912 0.000000
vt 0.249088 0.000000
vt 0.248175 0.000000
vt 0.241788 0.000000
vt 0.247263 0.000000
vt 0.246350 0.000000
vt 0.245438 0.000000
vt 0.244526 0.000000
vt 0.243613 0.000000
vt 0.242701 0.000000
vt 0.456204 0.000000
vt 0.515511 0.000000
vt 0.395073 0.000000
vt 0.394161 0.000000
vt 0.254562 0.000000
vt 0.393248 0.000000
vt 0.392336 0.000000
vt 0.255474 0.000000
vt 0.391423 0.000000
vt 0.390511 0.000000
vt 0.256387 0.000000
vt 0.389599 0.000000
vt 0.388686 0.000000
vt 0.257299 0.000000
vt 0.289234 0.000000
vt 0.387774 0.000000
vt 0.258212 0.000000
vt 0.386861 0.000000
vt 0.354927 0.000000
vt 0.259124 0.000000
vt 0.514599 0.000000
vt 0.385949 0.000000
vt 0.457117 0.000000
vt 0.260036 0.000000
vt 0.385036 0.000000
vt 0.513686 0.000000
vt 0.260949 0.000000
vt 0.384124 0.000000
vt 0.512774 0.000000
vt 0.288321 0.000000
vt 0.261861 0.000000
vt 0.383212 0.000000
vt 0.511861 0.000000
vt 0.355839 0.000000
vt 0.382299 0.000000
vt 0.262774 0.000000
vt 0.510949 0.000000
vt 0.458029 0.000000
vt 0.381387 0.000000
vt 0.263686 0.000000
vt 0.510036 0.000000
vt 0.380474 0.000000
vt 0.264599 0.000000
vt 0.287409 0.000000
vt 0.509124 0.000000
vt 0.265511 0.000000
vt 0.356752 0.000000
vt 0.379562 0.000000
vt 0.508212 0.000000
vt 0.378650 0.000000
vt 0.458942 0.000000
vt 0.507299 0.000000
vt 0.266423 0.000000
vt 0.506387 0.000000
vt 0.377737 0.000000
vt 0.505474 0.000000
vt 0.267336 0.000000
vt 0.286496 0.000000
vt 0.504562 0.000000
vt 0.503650 0.000000
vt 0.502737 0.000000
vt 0.501825 0.000000
vt 0.500912 0.000000
vt 0.499088 0.000000
vt 0.498175 0.000000
vt 0.497263 0.000000
vt 0.496350 0.000000
vt 0.495438 0.000000
vt 0.494526 0.000000
vt 0.493613 0.000000
vt 0.492701 0.000000
vt 0.376825 0.000000
vt 0.357664 0.000000
vt 0.343978 0.000000
vt 0.300182 0.000000
vt 0.285584 0.000000
vt 0.491788 0.000000
vt 0.490876 0.000000
vt 0.489964 0.000000
vt 0.268248 0.000000
vt 0.489051 0.000000
vt 0.488139 0.000000
vt 0.358577 0.000000
vt 0.487226 0.000000
vt 0.459854 0.000000
vt 0.284672 0.000000
vt 0.486314 0.000000
vt 0.343066 0.000000
vt 0.301095 0.000000
vt 0.375912 0.000000
vt 0.485401 0.000000
vt 0.269161 0.000000
vt 0.359489 0.000000
vt 0.484489 0.000000
vt 0.460766 0.000000
vt 0.283759 0.000000
vt 0.483577 0.000000
vt 0.342153 0.000000
vt 0.302007 0.000000
vt 0.375000 0.000000
vt 0.482664 0.000000
vt 0.360401 0.000000
vt 0.282847 0.000000
vt 0.270073 0.000000
vt 0.461679 0.000000
vt 0.481752 0.000000
vt 0.480839 0.000000
vt 0.361314 0.000000
vt 0.341241 0.000000
vt 0.302920 0.000000
vt 0.374088 0.000000
vt 0.281934 0.000000
vt 0.479927 0.000000
vt 0.462591 0.000000
vt 0.270985 0.000000
vt 0.362226 0.000000
vt 0.479015 0.000000
vt 0.281022 0.000000
vt 0.340328 0.000000
vt 0.303832 0.000000
vt 0.373175 0.000000
vt 0.463504 0.000000
vt 0.271898 0.000000
vt 0.478102 0.000000
vt 0.363139 0.000000
vt 0.280109 0.000000
vt 0.339416 0.000000
vt 0.304745 0.000000
vt 0.372263 0.000000
vt 0.464416 0.000000
vt 0.477190 0.000000
vt 0.272810 0.000000
vt 0.364051 0.000000
vt 0.279197 0.000000
vt 0.476277 0.000000
vt 0.338504 0.000000
vt 0.305657 0.000000
vt 0.371350 0.000000
vt 0.465328 0.000000
vt 0.273723 0.000000
vt 0.364964 0.000000
vt 0.278285 0.000000
vt 0.475365 0.000000
vt 0.370438 0.000000
vt 0.337591 0.000000
vt 0.322993 0.000000
vt 0.322080 0.000000
vt 0.321168 0.000000
vt 0.306569 0.000000
vt 0.274635 0.000000
vt 0.365876 0.000000
vt 0.466241 0.000000
vt 0.277372 0.000000
vt 0.323905 0.000000
vt 0.320255 0.000000
vt 0.324818 0.000000
vt 0.319343 0.000000
vt 0.474453 0.000000
vt 0.325730 0.000000
vt 0.318431 0.000000
vt 0.275547 0.000000
vt 0.369526 0.000000
vt 0.366788 0.000000
vt 0.326642 0.000000
vt 0.317518 0.000000
vt 0.336679 0.000000
vt 0.307482 0.000000
vt 0.276460 0.000000
vt 0.467153 0.000000
vt 0.327555 0.000000
vt 0.316606 0.000000
vt 0.473540 0.000000
vt 0.328467 0.000000
vt 0.315693 0.000000
vt 0.368613 0.000000
vt 0.367701 0.000000
vt 0.335766 0.000000
vt 0.308394 0.000000
vt 0.329380 0.000000
vt 0.314781 0.000000
vt 0.468066 0.000000
vt 0.472628 0.000000
vt 0.330292 0.000000
vt 0.313869 0.000000
vt 0.334854 0.000000
vt 0.309307 0.000000
vt 0.331204 0.000000
vt 0.312956 0.000000
vt 0.468978 0.000000
vt 0.471715 0.000000
vt 0.333942 0.000000
vt 0.310219 0.000000
vt 0.332117 0.000000
vt 0.312044 0.000000
vt 0.469891 0.000000
vt 0.333029 0.000000
vt 0.311131 0.000000
vt 0.470803 0.000000
vt 0.000000 1.000000
vt 0.001186 1.000000
vt 0.001186 0.000000
vt 0.002372 1.000000
vt 0.002372 0.000000
vt 0.003559 1.000000
vt 0.003559 0.000000
vt 0.004745 1.000000
vt 0.004745 0.000000
vt 0.005931 1.000000
vt 0.005931 0.000000
vt 0.007117 1.000000
vt 0.007117 0.000000
vt 0.008304 1.000000
vt 0.008304 0.000000
vt 0.009490 1.000000
vt 0.009490 0.000000
vt 0.010676 1.000000
vt 0.010676 0.000000
vt 0.011862 1.000000
vt 0.011862 0.000000
vt 0.013049 1.000000
vt 0.013049 0.000000
vt 0.014235 1.000000
vt 0.014235 0.000000
vt 0.015421 1.000000
vt 0.015421 0.000000
vt 0.016607 1.000000
vt 0.016607 0.000000
vt 0.017794 1.000000
vt 0.017794 0.000000
vt 0.018980 1.000000
vt 0.018980 0.000000
vt 0.020166 1.000000
vt 0.020166 0.000000
vt 0.021352 1.000000
vt 0.021352 0.000000
vt 0.022539 1.000000
vt 0.022539 0.000000
vt 0.023725 1.000000
vt 0.023725 0.000000
vt 0.024911 1.000000
vt 0.024911 0.000000
vt 0.026097 1.000000
vt 0.026097 0.000000
vt 0.027284 1.000000
vt 0.027284 0.000000
vt 0.028470 1.000000
vt 0.028470 0.000000
vt 0.029656 1.000000
vt 0.029656 0.000000
vt 0.030842 1.000000
vt 0.030842 0.000000
vt 0.032028 1.000000
vt 0.032028 0.000000
vt 0.033215 1.000000
vt 0.033215 0.000000
vt 0.034401 1.000000
vt 0.034401 0.000000
vt 0.035587 1.000000
vt 0.035587 0.000000
vt 0.036773 1.000000
vt 0.036773 0.000000
vt 0.037960 1.000000
vt 0.037960 0.000000
vt 0.039146 1.000000
vt 0.039146 0.000000
vt 0.040332 1.000000
vt 0.040332 0.000000
vt 0.041518 1.000000
vt 0.041518 0.000000
vt 0.042705 1.000000
vt 0.042705 0.000000
vt 0.043891 1.000000
vt 0.043891 0.000000
vt 0.045077 1.000000
vt 0.045077 0.000000
vt 0.046263 1.000000
vt 0.046263 0.000000
vt 0.047450 1.000000
vt 0.047450 0.000000
vt 0.048636 1.000000
vt 0.048636 0.000000
vt 0.049822 1.000000
vt 0.049822 0.000000
vt 0.051008 1.000000
vt 0.051008 0.000000
vt 0.052195 1.000000
vt 0.052195 0.000000
vt 0.053381 1.000000
vt 0.053381 0.000000
vt 0.054567 1.000000
vt 0.054567 0.000000
vt 0.055753 1.000000
vt 0.055753 0.000000
vt 0.056940 1.000000
vt 0.056940 0.000000
vt 0.058126 1.000000
vt 0.058126 0.000000
vt 0.059312 1.000000
vt 0.059312 0.000000
vt 0.060498 1.000000
vt 0.060498 0.000000
vt 0.061684 1.000000
vt 0.061684 0.000000
vt 0.062871 1.000000
vt 0.062871 0.000000
vt 0.064057 1.000000
vt 0.064057 0.000000
vt 0.065243 1.000000
vt 0.065243 0.000000
vt 0.066429 1.000000
vt 0.066429 0.000000
vt 0.067616 1.000000
vt 0.067616 0.000000
vt 0.068802 1.000000
vt 0.068802 0.000000
vt 0.069988 1.000000
vt 0.069988 0.000000
vt 0.071174 1.000000
vt 0.071174 0.000000
vt 0.072361 1.000000
vt 0.072361 0.000000
vt 0.073547 1.000000
vt 0.073547 0.000000
vt 0.074733 1.000000
vt 0.074733 0.000000
vt 0.075919 1.000000
vt 0.075919 0.000000
vt 0.077106 1.000000
vt 0.077106 0.000000
vt 0.078292 1.000000
vt 0.078292 0.000000
vt 0.079478 1.000000
vt 0.079478 0.000000
vt 0.080664 1.000000
vt 0.080664 0.000000
vt 0.081851 1.000000
vt 0.081851 0.000000
vt 0.083037 1.000000
vt 0.083037 0.000000
vt 0.084223 1.000000
vt 0.084223 0.000000
vt 0.085409 1.000000
vt 0.085409 0.000000
vt 0.086595 1.000000
vt 0.086595 0.000000
vt 0.087782 1.000000
vt 0.087782 0.000000
vt 0.088968 1.000000
vt 0.088968 0.000000
vt 0.090154 1.000000
vt 0.090154 0.000000
vt 0.091340 1.000000
vt 0.091340 0.000000
vt 0.092527 1.000000
vt 0.092527 0.000000
vt 0.093713 1.000000
vt 0.093713 0.000000
vt 0.094899 1.000000
vt 0.094899 0.000000
vt 0.096085 1.000000
vt 0.096085 0.000000
vt 0.097272 1.000000
vt 0.097272 0.000000
vt 0.098458 1.000000
vt 0.098458 0.000000
vt 0.099644 1.000000
vt 0.099644 0.000000
vt 0.100830 1.000000
vt 0.100830 0.000000
vt 0.102017 1.000000
vt 0.102017 0.000000
vt 0.103203 1.000000
vt 0.103203 0.000000
vt 0.104389 1.000000
vt 0.104389 0.000000
vt 0.105575 1.000000
vt 0.105575 0.000000
vt 0.106762 1.000000
vt 0.106762 0.000000
vt 0.107948 1.000000
vt 0.107948 0.000000
vt 0.109134 1.000000
vt 0.109134 0.000000
vt 0.110320 1.000000
vt 0.110320 0.000000
vt 0.111507 1.000000
vt 0.111507 0.000000
vt 0.112693 1.000000
vt 0.112693 0.000000
vt 0.113879 1.000000
vt 0.113879 0.000000
vt 0.115065 1.000000
vt 0.115065 0.000000
vt 0.116251 1.000000
vt 0.116251 0.000000
vt 0.117438 1.000000
vt 0.117438 0.000000
vt 0.118624 1.000000
vt 0.118624 0.000000
vt 0.119810 1.000000
vt 0.119810 0.000000
vt 0.120996 1.000000
vt 0.120996 0.000000
vt 0.122183 1.000000
vt 0.122183 0.000000
vt 0.123369 1.000000
vt 0.123369 0.000000
vt 0.124555 1.000000
vt 0.124555 0.000000
vt 0.125741 1.000000
vt 0.125741 0.000000
vt 0.126928 1.000000
vt 0.126928 0.000000
vt 0.128114 1.000000
vt 0.128114 0.000000
vt 0.129300 1.000000
vt 0.129300 0.000000
vt 0.130486 1.000000
vt 0.130486 0.000000
vt 0.131673 1.000000
vt 0.131673 0.000000
vt 0.132859 1.000000
vt 0.132859 0.000000
vt 0.134045 1.000000
vt 0.134045 0.000000
vt 0.135231 1.000000
vt 0.135231 0.000000
vt 0.136418 1.000000
vt 0.136418 0.000000
vt 0.137604 1.000000
vt 0.137604 0.000000
vt 0.138790 1.000000
vt 0.138790 0.000000
vt 0.139976 1.000000
vt 0.139976 0.000000
vt 0.141163 1.000000
vt 0.141163 0.000000
vt 0.142349 1.000000
vt 0.142349 0.000000
vt 0.143535 1.000000
vt 0.143535 0.000000
vt 0.144721 1.000000
vt 0.144721 0.000000
vt 0.145907 1.000000
vt 0.145907 0.000000
vt 0.147094 1.000000
vt 0.147094 0.000000
vt 0.148280 1.000000
vt 0.148280 0.000000
vt 0.149466 1.000000
vt 0.149466 0.000000
vt 0.150652 1.000000
vt 0.150652 0.000000
vt 0.151839 1.000000
vt 0.151839 0.000000
vt 0.153025 1.000000
vt 0.153025 0.000000
vt 0.154211 1.000000
vt 0.154211 0.000000
vt 0.155397 1.000000
vt 0.155397 0.000000
vt 0.156584 1.000000
vt 0.156584 0.000000
vt 0.157770 1.000000
vt 0.157770 0.000000
vt 0.158956 1.000000
vt 0.158956 0.000000
vt 0.160142 1.000000
vt 0.160142 0.000000
vt 0.161329 1.000000
vt 0.161329 0.000000
vt 0.162515 1.000000
vt 0.162515 0.000000
vt 0.163701 1.000000
vt 0.163701 0.000000
vt 0.164887 1.000000
vt 0.164887 0.000000
vt 0.166074 1.000000
vt 0.166074 0.000000
vt 0.167260 1.000000
vt 0.167260 0.000000
vt 0.168446 1.000000
vt 0.168446 0.000000
vt 0.169632 1.000000
vt 0.169632 0.000000
vt 0.170819 1.000000
vt 0.170819 0.000000
vt 0.172005 1.000000
vt 0.172005 0.000000
vt 0.173191 1.000000
vt 0.173191 0.000000
vt 0.174377 1.000000
vt 0.174377 0.000000
vt 0.175563 1.000000
vt 0.175563 0.000000
vt 0.176750 1.000000
vt 0.176750 0.000000
vt 0.177936 1.000000
vt 0.177936 0.000000
vt 0.179122 1.000000
vt 0.179122 0.000000
vt 0.180308 1.000000
vt 0.180308 0.000000
vt 0.181495 1.000000
vt 0.181495 0.000000
vt 0.182681 1.000000
vt 0.182681 0.000000
vt 0.183867 1.000000
vt 0.183867 0.000000
vt 0.185053 1.000000
vt 0.185053 0.000000
vt 0.186240 1.000000
vt 0.186240 0.000000
vt 0.187426 1.000000
vt 0.187426 0.000000
vt 0.188612 1.000000
vt 0.188612 0.000000
vt 0.189798 1.000000
vt 0.189798 0.000000
vt 0.190985 1.000000
vt 0.190985 0.000000
vt 0.192171 1.000000
vt 0.192171 0.000000
vt 0.193357 1.000000
vt 0.193357 0.000000
vt 0.194543 1.000000
vt 0.194543 0.000000
vt 0.195730 1.000000
vt 0.195730 0.000000
vt 0.196916 1.000000
vt 0.196916 0.000000
vt 0.198102 1.000000
vt 0.198102 0.000000
vt 0.199288 1.000000
vt 0.199288 0.000000
vt 0.200475 1.000000
vt 0.200475 0.000000
vt 0.201661 1.000000
vt 0.201661 0.000000
vt 0.202847 1.000000
vt 0.202847 0.000000
vt 0.204033 1.000000
vt 0.204033 0.000000
vt 0.205219 1.000000
vt 0.205219 0.000000
vt 0.206406 1.000000
vt 0.206406 0.000000
vt 0.207592 1.000000
vt 0.207592 0.000000
vt 0.208778 1.000000
vt 0.208778 0.000000
vt 0.209964 1.000000
vt 0.209964 0.000000
vt 0.211151 1.000000
vt 0.211151 0.000000
vt 0.212337 1.000000
vt 0.212337 0.000000
vt 0.213523 1.000000
vt 0.213523 0.000000
vt 0.214709 1.000000
vt 0.214709 0.000000
vt 0.215896 1.000000
vt 0.215896 0.000000
vt 0.217082 1.000000
vt 0.217082 0.000000
vt 0.218268 1.000000
vt 0.218268 0.000000
vt 0.219454 1.000000
vt 0.219454 0.000000
vt 0.220641 1.000000
vt 0.220641 0.000000
vt 0.221827 1.000000
vt 0.221827 0.000000
vt 0.223013 1.000000
vt 0.223013 0.000000
vt 0.224199 1.000000
vt 0.224199 0.000000
vt 0.225386 1.000000
vt 0.225386 0.000000
vt 0.226572 1.000000
vt 0.226572 0.000000
vt 0.227758 1.000000
vt 0.227758 0.000000
vt 0.228944 1.000000
vt 0.228944 0.000000
vt 0.230130 1.000000
vt 0.230130 0.000000
vt 0.231317 1.000000
vt 0.231317 0.000000
vt 0.232503 1.000000
vt 0.232503 0.000000
vt 0.233689 1.000000
vt 0.233689 0.000000
vt 0.234875 1.000000
vt 0.234875 0.000000
vt 0.236062 1.000000
vt 0.236062 0.000000
vt 0.237248 1.000000
vt 0.237248 0.000000
vt 0.238434 1.000000
vt 0.238434 0.000000
vt 0.239620 1.000000
vt 0.239620 0.000000
vt 0.240807 1.000000
vt 0.240807 0.000000
vt 0.241993 1.000000
vt 0.241993 0.000000
vt 0.243179 1.000000
vt 0.243179 0.000000
vt 0.244365 1.000000
vt 0.244365 0.000000
vt 0.245552 1.000000
vt 0.245552 0.000000
vt 0.246738 1.000000
vt 0.246738 0.000000
vt 0.247924 1.000000
vt 0.247924 0.000000
vt 0.249110 1.000000
vt 0.249110 0.000000
vt 0.250297 1.000000
vt 0.250297 0.000000
vt 0.251483 1.000000
vt 0.251483 0.000000
vt 0.252669 1.000000
vt 0.252669 0.000000
vt 0.253855 1.000000
vt 0.253855 0.000000
vt 0.255042 1.000000
vt 0.255042 0.000000
vt 0.256228 1.000000
vt 0.256228 0.000000
vt 0.257414 1.000000
vt 0.257414 0.000000
vt 0.258600 1.000000
vt 0.258600 0.000000
vt 0.259786 1.000000
vt 0.259786 0.000000
vt 0.260973 1.000000
vt 0.260973 0.000000
vt 0.262159 1.000000
vt 0.262159 0.000000
vt 0.263345 1.000000
vt 0.263345 0.000000
vt 0.264531 1.000000
vt 0.264531 0.000000
vt 0.265718 1.000000
vt 0.265718 0.000000
vt 0.266904 1.000000
vt 0.266904 0.000000
vt 0.268090 1.000000
vt 0.268090 0.000000
vt 0.269276 1.000000
vt 0.269276 0.000000
vt 0.270463 1.000000
vt 0.270463 0.000000
vt 0.271649 1.000000
vt 0.271649 0.000000
vt 0.272835 1.000000
vt 0.272835 0.000000
vt 0.274021 1.000000
vt 0.274021 0.000000
vt 0.275208 1.000000
vt 0.275208 0.000000
vt 0.276394 1.000000
vt 0.276394 0.000000
vt 0.277580 1.000000
vt 0.277580 0.000000
vt 0.278766 1.000000
vt 0.278766 0.000000
vt 0.279953 1.000000
vt 0.279953 0.000000
vt 0.281139 1.000000
vt 0.281139 0.000000
vt 0.282325 1.000000
vt 0.282325 0.000000
vt 0.283511 1.000000
vt 0.283511 0.000000
vt 0.284698 1.000000
vt 0.284698 0.000000
vt 0.285884 1.000000
vt 0.285884 0.000000
vt 0.287070 1.000000
vt 0.287070 0.000000
vt 0.288256 1.000000
vt 0.288256 0.000000
vt 0.289442 1.000000
vt 0.289442 0.000000
vt 0.290629 1.000000
vt 0.290629 0.000000
vt 0.291815 1.000000
vt 0.291815 0.000000
vt 0.293001 1.000000
vt 0.293001 0.000000
vt 0.294187 1.000000
vt 0.294187 0.000000
vt 0.295374 1.000000
vt 0.295374 0.000000
vt 0.296560 1.000000
vt 0.296560 0.000000
vt 0.297746 1.000000
vt 0.297746 0.000000
vt 0.298932 1.000000
vt 0.298932 0.000000
vt 0.300119 1.000000
vt 0.300119 0.000000
vt 0.301305 1.000000
vt 0.301305 0.000000
vt 0.302491 1.000000
vt 0.302491 0.000000
vt 0.303677 1.000000
vt 0.303677 0.000000
vt 0.304864 1.000000
vt 0.304864 0.000000
vt 0.306050 1.000000
vt 0.306050 0.000000
vt 0.307236 1.000000
vt 0.307236 0.000000
vt 0.308422 1.000000
vt 0.308422 0.000000
vt 0.309609 1.000000
vt 0.309609 0.000000
vt 0.310795 1.000000
vt 0.310795 0.000000
vt 0.311981 1.000000
vt 0.311981 0.000000
vt 0.313167 1.000000
vt 0.313167 0.000000
vt 0.314353 1.000000
vt 0.314353 0.000000
vt 0.315540 1.000000
vt 0.315540 0.000000
vt 0.316726 1.000000
vt 0.316726 0.000000
vt 0.317912 1.000000
vt 0.317912 0.000000
vt 0.319098 1.000000
vt 0.319098 0.000000
vt 0.320285 1.000000
vt 0.320285 0.000000
vt 0.321471 1.000000
vt 0.321471 0.000000
vt 0.322657 1.000000
vt 0.322657 0.000000
vt 0.323843 1.000000
vt 0.323843 0.000000
vt 0.325030 1.000000
vt 0.325030 0.000000
vt 0.326216 1.000000
vt 0.326216 0.000000
vt 0.327402 1.000000
vt 0.327402 0.000000
vt 0.328588 1.000000
vt 0.328588 0.000000
vt 0.329775 1.000000
vt 0.329775 0.000000
vt 0.330961 1.000000
vt 0.330961 0.000000
vt 0.332147 1.000000
vt 0.332147 0.000000
vt 0.333333 1.000000
vt 0.333333 0.000000
vt 0.334520 1.000000
vt 0.334520 0.000000
vt 0.335706 1.000000
vt 0.335706 0.000000
vt 0.336892 1.000000
vt 0.336892 0.000000
vt 0.338078 1.000000
vt 0.338078 0.000000
vt 0.339265 1.000000
vt 0.339265 0.000000
vt 0.340451 1.000000
vt 0.340451 0.000000
vt 0.341637 1.000000
vt 0.341637 0.000000
vt 0.342823 1.000000
vt 0.342823 0.000000
vt 0.344009 1.000000
vt 0.344009 0.000000
vt 0.345196 1.000000
vt 0.345196 0.000000
vt 0.346382 1.000000
vt 0.346382 0.000000
vt 0.347568 1.000000
vt 0.347568 0.000000
vt 0.348754 1.000000
vt 0.348754 0.000000
vt 0.349941 1.000000
vt 0.349941 0.000000
vt 0.351127 1.000000
vt 0.351127 0.000000
vt 0.352313 1.000000
vt 0.352313 0.000000
vt 0.353499 1.000000
vt 0.353499 0.000000
vt 0.354686 1.000000
vt 0.354686 0.000000
vt 0.355872 1.000000
vt 0.355872 0.000000
vt 0.357058 1.000000
vt 0.357058 0.000000
vt 0.358244 1.000000
vt 0.358244 0.000000
vt 0.359431 1.000000
vt 0.359431 0.000000
vt 0.360617 1.000000
vt 0.360617 0.000000
vt 0.361803 1.000000
vt 0.361803 0.000000
vt 0.362989 1.000000
vt 0.362989 0.000000
vt 0.364176 1.000000
vt 0.364176 0.000000
vt 0.365362 1.000000
vt 0.365362 0.000000
vt 0.366548 1.000000
vt 0.366548 0.000000
vt 0.367734 1.000000
vt 0.367734 0.000000
vt 0.368921 1.000000
vt 0.368921 0.000000
vt 0.370107 1.000000
vt 0.370107 0.000000
vt 0.371293 1.000000
vt 0.371293 0.000000
vt 0.372479 1.000000
vt 0.372479 0.000000
vt 0.373665 1.000000
vt 0.373665 0.000000
vt 0.374852 1.000000
vt 0.374852 0.000000
vt 0.376038 1.000000
vt 0.376038 0.000000
vt 0.377224 1.000000
vt 0.377224 0.000000
vt 0.378410 1.000000
vt 0.378410 0.000000
vt 0.379597 1.000000
vt 0.379597 0.000000
vt 0.380783 1.000000
vt 0.380783 0.000000
vt 0.381969 1.000000
vt 0.381969 0.000000
vt 0.383155 1.000000
vt 0.383155 0.000000
vt 0.384342 1.000000
vt 0.384342 0.000000
vt 0.385528 1.000000
vt 0.385528 0.000000
vt 0.386714 1.000000
vt 0.386714 0.000000
vt 0.387900 1.000000
vt 0.387900 0.000000
vt 0.389087 1.000000
vt 0.389087 0.000000
vt 0.390273 1.000000
vt 0.390273 0.000000
vt 0.391459 1.000000
vt 0.391459 0.000000
vt 0.392645 1.000000
vt 0.392645 0.000000
vt 0.393832 1.000000
vt 0.393832 0.000000
vt 0.395018 1.000000
vt 0.395018 0.000000
vt 0.396204 1.000000
vt 0.396204 0.000000
vt 0.397390 1.000000
vt 0.397390 0.000000
vt 0.398576 1.000000
vt 0.398576 0.000000
vt 0.399763 1.000000
vt 0.399763 0.000000
vt 0.400949 1.000000
vt 0.400949 0.000000
vt 0.402135 1.000000
vt 0.402135 0.000000
vt 0.403321 1.000000
vt 0.403321 0.000000
vt 0.404508 1.000000
vt 0.404508 0.000000
vt 0.405694 1.000000
vt 0.405694 0.000000
vt 0.406880 1.000000
vt 0.406880 0.000000
vt 0.408066 1.000000
vt 0.408066 0.000000
vt 0.409253 1.000000
vt 0.409253 0.000000
vt 0.410439 1.000000
vt 0.410439 0.000000
vt 0.411625 1.000000
vt 0.411625 0.000000
vt 0.412811 1.000000
vt 0.412811 0.000000
vt 0.413998 1.000000
vt 0.413998 0.000000
vt 0.415184 1.000000
vt 0.415184 0.000000
vt 0.416370 1.000000
vt 0.416370 0.000000
vt 0.417556 1.000000
vt 0.417556 0.000000
vt 0.418743 1.000000
vt 0.418743 0.000000
vt 0.419929 1.000000
vt 0.419929 0.000000
vt 0.421115 1.000000
vt 0.421115 0.000000
vt 0.422301 1.000000
vt 0.422301 0.000000
vt 0.423488 1.000000
vt 0.423488 0.000000
vt 0.424674 1.000000
vt 0.424674 0.000000
vt 0.425860 1.000000
vt 0.425860 0.000000
vt 0.427046 1.000000
vt 0.427046 0.000000
vt 0.428232 1.000000
vt 0.428232 0.000000
vt 0.429419 1.000000
vt 0.429419 0.000000
vt 0.430605 1.000000
vt 0.430605 0.000000
vt 0.431791 1.000000
vt 0.431791 0.000000
vt 0.432977 1.000000
vt 0.432977 0.000000
vt 0.434164 1.000000
vt 0.434164 0.000000
vt 0.435350 1.000000
vt 0.435350 0.000000
vt 0.436536 1.000000
vt 0.436536 0.000000
vt 0.437722 1.000000
vt 0.437722 0.000000
vt 0.438909 1.000000
vt 0.438909 0.000000
vt 0.440095 1.000000
vt 0.440095 0.000000
vt 0.441281 1.000000
vt 0.441281 0.000000
vt 0.442467 1.000000
vt 0.442467 0.000000
vt 0.443654 1.000000
vt 0.443654 0.000000
vt 0.444840 1.000000
vt 0.444840 0.000000
vt 0.446026 1.000000
vt 0.446026 0.000000
vt 0.447212 1.000000
vt 0.447212 0.000000
vt 0.448399 1.000000
vt 0.448399 0.000000
vt 0.449585 1.000000
vt 0.449585 0.000000
vt 0.450771 1.000000
vt 0.450771 0.000000
vt 0.451957 1.000000
vt 0.451957 0.000000
vt 0.453144 1.000000
vt 0.453144 0.000000
vt 0.454330 1.000000
vt 0.454330 0.000000
vt 0.455516 1.000000
vt 0.455516 0.000000
vt 0.456702 1.000000
vt 0.456702 0.000000
vt 0.457888 1.000000
vt 0.457888 0.000000
vt 0.459075 1.000000
vt 0.459075 0.000000
vt 0.460261 1.000000
vt 0.460261 0.000000
vt 0.461447 1.000000
vt 0.461447 0.000000
vt 0.462633 1.000000
vt 0.462633 0.000000
vt 0.463820 1.000000
vt 0.463820 0.000000
vt 0.465006 1.000000
vt 0.465006 0.000000
vt 0.466192 1.000000
vt 0.466192 0.000000
vt 0.467378 1.000000
vt 0.467378 0.000000
vt 0.468565 1.000000
vt 0.468565 0.000000
vt 0.469751 1.000000
vt 0.469751 0.000000
vt 0.470937 1.000000
vt 0.470937 0.000000
vt 0.472123 1.000000
vt 0.472123 0.000000
vt 0.473310 1.000000
vt 0.473310 0.000000
vt 0.474496 1.000000
vt 0.474496 0.000000
vt 0.475682 1.000000
vt 0.475682 0.000000
vt 0.476868 1.000000
vt 0.476868 0.000000
vt 0.478055 1.000000
vt 0.478055 0.000000
vt 0.479241 1.000000
vt 0.479241 0.000000
vt 0.480427 1.000000
vt 0.480427 0.000000
vt 0.481613 1.000000
vt 0.481613 0.000000
vt 0.482800 1.000000
vt 0.482800 0.000000
vt 0.483986 1.000000
vt 0.483986 0.000000
vt 0.485172 1.000000
vt 0.485172 0.000000
vt 0.486358 1.000000
vt 0.486358 0.000000
vt 0.487544 1.000000
vt 0.487544 0.000000
vt 0.488731 1.000000
vt 0.488731 0.000000
vt 0.489917 1.000000
vt 0.489917 0.000000
vt 0.491103 1.000000
vt 0.491103 0.000000
vt 0.492289 1.000000
vt 0.492289 0.000000
vt 0.493476 1.000000
vt 0.493476 0.000000
vt 0.494662 1.000000
vt 0.494662 0.000000
vt 0.495848 1.000000
vt 0.495848 0.000000
vt 0.497034 1.000000
vt 0.497034 0.000000
vt 0.498221 1.000000
vt 0.498221 0.000000
vt 0.499407 1.000000
vt 0.499407 0.000000
vt 0.500593 1.000000
vt 0.500593 0.000000
vt 0.501779 1.000000
vt 0.501779 0.000000
vt 0.502966 1.000000
vt 0.502966 0.000000
vt 0.504152 1.000000
vt 0.504152 0.000000
vt 0.505338 1.000000
vt 0.505338 0.000000
vt 0.506524 1.000000
vt 0.506524 0.000000
vt 0.507711 1.000000
vt 0.507711 0.000000
vt 0.508897 1.000000
vt 0.508897 0.000000
vt 0.510083 1.000000
vt 0.510083 0.000000
vt 0.511269 1.000000
vt 0.511269 0.000000
vt 0.512456 1.000000
vt 0.512456 0.000000
vt 0.513642 1.000000
vt 0.513642 0.000000
vt 0.514828 1.000000
vt 0.514828 0.000000
vt 0.516014 1.000000
vt 0.516014 0.000000
vt 0.517200 1.000000
vt 0.517200 0.000000
vt 0.518387 1.000000
vt 0.518387 0.000000
vt 0.519573 1.000000
vt 0.519573 0.000000
vt 0.520759 1.000000
vt 0.520759 0.000000
vt 0.521945 1.000000
vt 0.521945 0.000000
vt 0.523132 1.000000
vt 0.523132 0.000000
vt 0.524318 1.000000
vt 0.524318 0.000000
vt 0.525504 1.000000
vt 0.525504 0.000000
vt 0.526690 1.000000
vt 0.526690 0.000000
vt 0.527877 1.000000
vt 0.527877 0.000000
vt 0.529063 1.000000
vt 0.529063 0.000000
vt 0.530249 1.000000
vt 0.530249 0.000000
vt 0.531435 1.000000
vt 0.531435 0.000000
vt 0.532622 1.000000
vt 0.532622 0.000000
vt 0.533808 1.000000
vt 0.533808 0.000000
vt 0.534994 1.000000
vt 0.534994 0.000000
vt 0.536180 1.000000
vt 0.536180 0.000000
vt 0.537367 1.000000
vt 0.537367 0.000000
vt 0.538553 1.000000
vt 0.538553 0.000000
vt 0.539739 1.000000
vt 0.539739 0.000000
vt 0.540925 1.000000
vt 0.540925 0.000000
vt 0.542112 1.000000
vt 0.542112 0.000000
vt 0.543298 1.000000
vt 0.543298 0.000000
vt 0.544484 1.000000
vt 0.544484 0.000000
vt 0.545670 1.000000
vt 0.545670 0.000000
vt 0.546856 1.000000
vt 0.546856 0.000000
vt 0.548043 1.000000
vt 0.548043 0.000000
vt 0.549229 1.000000
vt 0.549229 0.000000
vt 0.550415 1.000000
vt 0.550415 0.000000
vt 0.551601 1.000000
vt 0.551601 0.000000
vt 0.552788 1.000000
vt 0.552788 0.000000
vt 0.553974 1.000000
vt 0.553974 0.000000
vt 0.555160 1.000000
vt 0.555160 0.000000
vt 0.556346 1.000000
vt 0.556346 0.000000
vt 0.557533 1.000000
vt 0.557533 0.000000
vt 0.558719 1.000000
vt 0.558719 0.000000
vt 0.559905 1.000000
vt 0.559905 0.000000
vt 0.561091 1.000000
vt 0.561091 0.000000
vt 0.562278 1.000000
vt 0.562278 0.000000
vt 0.563464 1.000000
vt 0.563464 0.000000
vt 0.564650 1.000000
vt 0.564650 0.000000
vt 0.565836 1.000000
vt 0.565836 0.000000
vt 0.567023 1.000000
vt 0.567023 0.000000
vt 0.568209 1.000000
vt 0.568209 0.000000
vt 0.569395 1.000000
vt 0.569395 0.000000
vt 0.570581 1.000000
vt 0.570581 0.000000
vt 0.571768 1.000000
vt 0.571768 0.000000
vt 0.572954 1.000000
vt 0.572954 0.000000
vt 0.574140 1.000000
vt 0.574140 0.000000
vt 0.575326 1.000000
vt 0.575326 0.000000
vt 0.576512 1.000000
vt 0.576512 0.000000
vt 0.577699 1.000000
vt 0.577699 0.000000
vt 0.578885 1.000000
vt 0.578885 0.000000
vt 0.580071 1.000000
vt 0.580071 0.000000
vt 0.581257 1.000000
vt 0.581257 0.000000
vt 0.582444 1.000000
vt 0.582444 0.000000
vt 0.583630 1.000000
vt 0.583630 0.000000
vt 0.584816 1.000000
vt 0.584816 0.000000
vt 0.586002 1.000000
vt 0.586002 0.000000
vt 0.587189 1.000000
vt 0.587189 0.000000
vt 0.588375 1.000000
vt 0.588375 0.000000
vt 0.589561 1.000000
vt 0.589561 0.000000
vt 0.590747 1.000000
vt 0.590747 0.000000
vt 0.591934 1.000000
vt 0.591934 0.000000
vt 0.593120 1.000000
vt 0.593120 0.000000
vt 0.594306 1.000000
vt 0.594306 0.000000
vt 0.595492 1.000000
vt 0.595492 0.000000
vt 0.596679 1.000000
vt 0.596679 0.000000
vt 0.597865 1.000000
vt 0.597865 0.000000
vt 0.599051 1.000000
vt 0.599051 0.000000
vt 0.600237 1.000000
vt 0.600237 0.000000
vt 0.601424 1.000000
vt 0.601424 0.000000
vt 0.602610 1.000000
vt 0.602610 0.000000
vt 0.603796 1.000000
vt 0.603796 0.000000
vt 0.604982 1.000000
vt 0.604982 0.000000
vt 0.606168 1.000000
vt 0.606168 0.000000
vt 0.607355 1.000000
vt 0.607355 0.000000
vt 0.608541 1.000000
vt 0.608541 0.000000
vt 0.609727 1.000000
vt 0.609727 0.000000
vt 0.610913 1.000000
vt 0.610913 0.000000
vt 0.612100 1.000000
vt 0.612100 0.000000
vt 0.613286 1.000000
vt 0.613286 0.000000
vt 0.614472 1.000000
vt 0.614472 0.000000
vt 0.615658 1.000000
vt 0.615658 0.000000
vt 0.616845 1.000000
vt 0.616845 0.000000
vt 0.618031 1.000000
vt 0.618031 0.000000
vt 0.619217 1.000000
vt 0.619217 0.000000
vt 0.620403 1.000000
vt 0.620403 0.000000
vt 0.621590 1.000000
vt 0.621590 0.000000
vt 0.622776 1.000000
vt 0.622776 0.000000
vt 0.623962 1.000000
vt 0.623962 0.000000
vt 0.625148 1.000000
vt 0.625148 0.000000
vt 0.626335 1.000000
vt 0.626335 0.000000
vt 0.627521 1.000000
vt 0.627521 0.000000
vt 0.628707 1.000000
vt 0.628707 0.000000
vt 0.629893 1.000000
vt 0.629893 0.000000
vt 0.631079 1.000000
vt 0.631079 0.000000
vt 0.632266 1.000000
vt 0.632266 0.000000
vt 0.633452 1.000000
vt 0.633452 0.000000
vt 0.634638 1.000000
vt 0.634638 0.000000
vt 0.635824 1.000000
vt 0.635824 0.000000
vt 0.637011 1.000000
vt 0.637011 0.000000
vt 0.638197 1.000000
vt 0.638197 0.000000
vt 0.639383 1.000000
vt 0.639383 0.000000
vt 0.640569 1.000000
vt 0.640569 0.000000
vt 0.641756 1.000000
vt 0.641756 0.000000
vt 0.642942 1.000000
vt 0.642942 0.000000
vt 0.644128 1.000000
vt 0.644128 0.000000
vt 0.645314 1.000000
vt 0.645314 0.000000
vt 0.646501 1.000000
vt 0.646501 0.000000
vt 0.647687 1.000000
vt 0.647687 0.000000
vt 0.648873 1.000000
vt 0.648873 0.000000
vt 0.650059 1.000000
vt 0.650059 0.000000
vt 0.651246 1.000000
vt 0.651246 0.000000
vt 0.652432 1.000000
vt 0.652432 0.000000
vt 0.653618 1.000000
vt 0.653618 0.000000
vt 0.654804 1.000000
vt 0.654804 0.000000
vt 0.655990 1.000000
vt 0.655990 0.000000
vt 0.657177 1.000000
vt 0.657177 0.000000
vt 0.658363 1.000000
vt 0.658363 0.000000
vt 0.659549 1.000000
vt 0.659549 0.000000
vt 0.660735 1.000000
vt 0.660735 0.000000
vt 0.661922 1.000000
vt 0.661922 0.000000
vt 0.663108 1.000000
vt 0.663108 0.000000
vt 0.664294 1.000000
vt 0.664294 0.000000
vt 0.665480 1.000000
vt 0.665480 0.000000
vt 0.666667 1.000000
vt 0.666667 0.000000
vt 0.667853 1.000000
vt 0.667853 0.000000
vt 0.669039 1.000000
vt 0.669039 0.000000
vt 0.670225 1.000000
vt 0.670225 0.000000
vt 0.671412 1.000000
vt 0.671412 0.000000
vt 0.672598 1.000000
vt 0.672598 0.000000
vt 0.673784 1.000000
vt 0.673784 0.000000
vt 0.674970 1.000000
vt 0.674970 0.000000
vt 0.676157 1.000000
vt 0.676157 0.000000
vt 0.677343 1.000000
vt 0.677343 0.000000
vt 0.678529 1.000000
vt 0.678529 0.000000
vt 0.679715 1.000000
vt 0.679715 0.000000
vt 0.680902 1.000000
vt 0.680902 0.000000
vt 0.682088 1.000000
vt 0.682088 0.000000
vt 0.683274 1.000000
vt 0.683274 0.000000
vt 0.684460 1.000000
vt 0.684460 0.000000
vt 0.685646 1.000000
vt 0.685646 0.000000
vt 0.686833 1.000000
vt 0.686833 0.000000
vt 0.688019 1.000000
vt 0.688019 0.000000
vt 0.689205 1.000000
vt 0.689205 0.000000
vt 0.690391 1.000000
vt 0.690391 0.000000
vt 0.691578 1.000000
vt 0.691578 0.000000
vt 0.692764 1.000000
vt 0.692764 0.000000
vt 0.693950 1.000000
vt 0.693950 0.000000
vt 0.695136 1.000000
vt 0.695136 0.000000
vt 0.696323 1.000000
vt 0.696323 0.000000
vt 0.697509 1.000000
vt 0.697509 0.000000
vt 0.698695 1.000000
vt 0.698695 0.000000
vt 0.699881 1.000000
vt 0.699881 0.000000
vt 0.701068 1.000000
vt 0.701068 0.000000
vt 0.702254 1.000000
vt 0.702254 0.000000
vt 0.703440 1.000000
vt 0.703440 0.000000
vt 0.704626 1.000000
vt 0.704626 0.000000
vt 0.705813 1.000000
vt 0.705813 0.000000
vt 0.706999 1.000000
vt 0.706999 0.000000
vt 0.708185 1.000000
vt 0.708185 0.000000
vt 0.709371 1.000000
vt 0.709371 0.000000
vt 0.710558 1.000000
vt 0.710558 0.000000
vt 0.711744 1.000000
vt 0.711744 0.000000
vt 0.712930 1.000000
vt 0.712930 0.000000
vt 0.714116 1.000000
vt 0.714116 0.000000
vt 0.715302 1.000000
vt 0.715302 0.000000
vt 0.716489 1.000000
vt 0.716489 0.000000
vt 0.717675 1.000000
vt 0.717675 0.000000
vt 0.718861 1.000000
vt 0.718861 0.000000
vt 0.720047 1.000000
vt 0.720047 0.000000
vt 0.721234 1.000000
vt 0.721234 0.000000
vt 0.722420 1.000000
vt 0.722420 0.000000
vt 0.723606 1.000000
vt 0.723606 0.000000
vt 0.724792 1.000000
vt 0.724792 0.000000
vt 0.725979 1.000000
vt 0.725979 0.000000
vt 0.727165 1.000000
vt 0.727165 0.000000
vt 0.728351 1.000000
vt 0.728351 0.000000
vt 0.729537 1.000000
vt 0.729537 0.000000
vt 0.730724 1.000000
vt 0.730724 0.000000
vt 0.731910 1.000000
vt 0.731910 0.000000
vt 0.733096 1.000000
vt 0.733096 0.000000
vt 0.734282 1.000000
vt 0.734282 0.000000
vt 0.735469 1.000000
vt 0.735469 0.000000
vt 0.736655 1.000000
vt 0.736655 0.000000
vt 0.737841 1.000000
vt 0.737841 0.000000
vt 0.739027 1.000000
vt 0.739027 0.000000
vt 0.740214 1.000000
vt 0.740214 0.000000
vt 0.741400 1.000000
vt 0.741400 0.000000
vt 0.742586 1.000000
vt 0.742586 0.000000
vt 0.743772 1.000000
vt 0.743772 0.000000
vt 0.744958 1.000000
vt 0.744958 0.000000
vt 0.746145 1.000000
vt 0.746145 0.000000
vt 0.747331 1.000000
vt 0.747331 0.000000
vt 0.748517 1.000000
vt 0.748517 0.000000
vt 0.749703 1.000000
vt 0.749703 0.000000
vt 0.750890 1.000000
vt 0.750890 0.000000
vt 0.752076 1.000000
vt 0.752076 0.000000
vt 0.753262 1.000000
vt 0.753262 0.000000
vt 0.754448 1.000000
vt 0.754448 0.000000
vt 0.755635 1.000000
vt 0.755635 0.000000
vt 0.756821 1.000000
vt 0.756821 0.000000
vt 0.758007 1.000000
vt 0.758007 0.000000
vt 0.759193 1.000000
vt 0.759193 0.000000
vt 0.760380 1.000000
vt 0.760380 0.000000
vt 0.761566 1.000000
vt 0.761566 0.000000
vt 0.762752 1.000000
vt 0.762752 0.000000
vt 0.763938 1.000000
vt 0.763938 0.000000
vt 0.765125 1.000000
vt 0.765125 0.000000
vt 0.766311 1.000000
vt 0.766311 0.000000
vt 0.767497 1.000000
vt 0.767497 0.000000
vt 0.768683 1.000000
vt 0.768683 0.000000
vt 0.769870 1.000000
vt 0.769870 0.000000
vt 0.771056 1.000000
vt 0.771056 0.000000
vt 0.772242 1.000000
vt 0.772242 0.000000
vt 0.773428 1.000000
vt 0.773428 0.000000
vt 0.774614 1.000000
vt 0.774614 0.000000
vt 0.775801 1.000000
vt 0.775801 0.000000
vt 0.776987 1.000000
vt 0.776987 0.000000
vt 0.778173 1.000000
vt 0.778173 0.000000
vt 0.779359 1.000000
vt 0.779359 0.000000
vt 0.780546 1.000000
vt 0.780546 0.000000
vt 0.781732 1.000000
vt 0.781732 0.000000
vt 0.782918 1.000000
vt 0.782918 0.000000
vt 0.784104 1.000000
vt 0.784104 0.000000
vt 0.785291 1.000000
vt 0.785291 0.000000
vt 0.786477 1.000000
vt 0.786477 0.000000
vt 0.787663 1.000000
vt 0.787663 0.000000
vt 0.788849 1.000000
vt 0.788849 0.000000
vt 0.790036 1.000000
vt 0.790036 0.000000
vt 0.791222 1.000000
vt 0.791222 0.000000
vt 0.792408 1.000000
vt 0.792408 0.000000
vt 0.793594 1.000000
vt 0.793594 0.000000
vt 0.794781 1.000000
vt 0.794781 0.000000
vt 0.795967 1.000000
vt 0.795967 0.000000
vt 0.797153 1.000000
vt 0.797153 0.000000
vt 0.798339 1.000000
vt 0.798339 0.000000
vt 0.799525 1.000000
vt 0.799525 0.000000
vt 0.800712 1.000000
vt 0.800712 0.000000
vt 0.801898 1.000000
vt 0.801898 0.000000
vt 0.803084 1.000000
vt 0.803084 0.000000
vt 0.804270 1.000000
vt 0.804270 0.000000
vt 0.805457 1.000000
vt 0.805457 0.000000
vt 0.806643 1.000000
vt 0.806643 0.000000
vt 0.807829 1.000000
vt 0.807829 0.000000
vt 0.809015 1.000000
vt 0.809015 0.000000
vt 0.810202 1.000000
vt 0.810202 0.000000
vt 0.811388 1.000000
vt 0.811388 0.000000
vt 0.812574 1.000000
vt 0.812574 0.000000
vt 0.813760 1.000000
vt 0.813760 0.000000
vt 0.814947 1.000000
vt 0.814947 0.000000
vt 0.816133 1.000000
vt 0.816133 0.000000
vt 0.817319 1.000000
vt 0.817319 0.000000
vt 0.818505 1.000000
vt 0.818505 0.000000
vt 0.819692 1.000000
vt 0.819692 0.000000
vt 0.820878 1.000000
vt 0.820878 0.000000
vt 0.822064 1.000000
vt 0.822064 0.000000
vt 0.823250 1.000000
vt 0.823250 0.000000
vt 0.824437 1.000000
vt 0.824437 0.000000
vt 0.825623 1.000000
vt 0.825623 0.000000
vt 0.826809 1.000000
vt 0.826809 0.000000
vt 0.827995 1.000000
vt 0.827995 0.000000
vt 0.829181 1.000000
vt 0.829181 0.000000
vt 0.830368 1.000000
vt 0.830368 0.000000
vt 0.831554 1.000000
vt 0.831554 0.000000
vt 0.832740 1.000000
vt 0.832740 0.000000
vt 0.833926 1.000000
vt 0.833926 0.000000
vt 0.835113 1.000000
vt 0.835113 0.000000
vt 0.836299 1.000000
vt 0.836299 0.000000
vt 0.837485 1.000000
vt 0.837485 0.000000
vt 0.838671 1.000000
vt 0.838671 0.000000
vt 0.839858 1.000000
vt 0.839858 0.000000
vt 0.841044 1.000000
vt 0.841044 0.000000
vt 0.842230 1.000000
vt 0.842230 0.000000
vt 0.843416 1.000000
vt 0.843416 0.000000
vt 0.844603 1.000000
vt 0.844603 0.000000
vt 0.845789 1.000000
vt 0.845789 0.000000
vt 0.846975 1.000000
vt 0.846975 0.000000
vt 0.848161 1.000000
vt 0.848161 0.000000
vt 0.849348 1.000000
vt 0.849348 0.000000
vt 0.850534 1.000000
vt 0.850534 0.000000
vt 0.851720 1.000000
vt 0.851720 0.000000
vt 0.852906 1.000000
vt 0.852906 0.000000
vt 0.854093 1.000000
vt 0.854093 0.000000
vt 0.855279 1.000000
vt 0.855279 0.000000
vt 0.856465 1.000000
vt 0.856465 0.000000
vt 0.857651 1.000000
vt 0.857651 0.000000
vt 0.858837 1.000000
vt 0.858837 0.000000
vt 0.860024 1.000000
vt 0.860024 0.000000
vt 0.861210 1.000000
vt 0.861210 0.000000
vt 0.862396 1.000000
vt 0.862396 0.000000
vt 0.863582 1.000000
vt 0.863582 0.000000
vt 0.864769 1.000000
vt 0.864769 0.000000
vt 0.865955 1.000000
vt 0.865955 0.000000
vt 0.867141 1.000000
vt 0.867141 0.000000
vt 0.868327 1.000000
vt 0.868327 0.000000
vt 0.869514 1.000000
vt 0.869514 0.000000
vt 0.870700 1.000000
vt 0.870700 0.000000
vt 0.871886 1.000000
vt 0.871886 0.000000
vt 0.873072 1.000000
vt 0.873072 0.000000
vt 0.874259 1.000000
vt 0.874259 0.000000
vt 0.875445 1.000000
vt 0.875445 0.000000
vt 0.876631 1.000000
vt 0.876631 0.000000
vt 0.877817 1.000000
vt 0.877817 0.000000
vt 0.879004 1.000000
vt 0.879004 0.000000
vt 0.880190 1.000000
vt 0.880190 0.000000
vt 0.881376 1.000000
vt 0.881376 0.000000
vt 0.882562 1.000000
vt 0.882562 0.000000
vt 0.883749 1.000000
vt 0.883749 0.000000
vt 0.884935 1.000000
vt 0.884935 0.000000
vt 0.886121 1.000000
vt 0.886121 0.000000
vt 0.887307 1.000000
vt 0.887307 0.000000
vt 0.888493 1.000000
vt 0.888493 0.000000
vt 0.889680 1.000000
vt 0.889680 0.000000
vt 0.890866 1.000000
vt 0.890866 0.000000
vt 0.892052 1.000000
vt 0.892052 0.000000
vt 0.893238 1.000000
vt 0.893238 0.000000
vt 0.894425 1.000000
vt 0.894425 0.000000
vt 0.895611 1.000000
vt 0.895611 0.000000
vt 0.896797 1.000000
vt 0.896797 0.000000
vt 0.897983 1.000000
vt 0.897983 0.000000
vt 0.899170 1.000000
vt 0.899170 0.000000
vt 0.900356 1.000000
vt 0.900356 0.000000
vt 0.901542 1.000000
vt 0.901542 0.000000
vt 0.902728 1.000000
vt 0.902728 0.000000
vt 0.903915 1.000000
vt 0.903915 0.000000
vt 0.905101 1.000000
vt 0.905101 0.000000
vt 0.906287 1.000000
vt 0.906287 0.000000
vt 0.907473 1.000000
vt 0.907473 0.000000
vt 0.908660 1.000000
vt 0.908660 0.000000
vt 0.909846 1.000000
vt 0.909846 0.000000
vt 0.911032 1.000000
vt 0.911032 0.000000
vt 0.912218 1.000000
vt 0.912218 0.000000
vt 0.913405 1.000000
vt 0.913405 0.000000
vt 0.914591 1.000000
vt 0.914591 0.000000
vt 0.915777 1.000000
vt 0.915777 0.000000
vt 0.916963 1.000000
vt 0.916963 0.000000
vt 0.918149 1.000000
vt 0.918149 0.000000
vt 0.919336 1.000000
vt 0.919336 0.000000
vt 0.920522 1.000000
vt 0.920522 0.000000
vt 0.921708 1.000000
vt 0.921708 0.000000
vt 0.922894 1.000000
vt 0.922894 0.000000
vt 0.924081 1.000000
vt 0.924081 0.000000
vt 0.925267 1.000000
vt 0.925267 0.000000
vt 0.926453 1.000000
vt 0.926453 0.000000
vt 0.927639 1.000000
vt 0.927639 0.000000
vt 0.928826 1.000000
vt 0.928826 0.000000
vt 0.930012 1.000000
vt 0.930012 0.000000
vt 0.931198 1.000000
vt 0.931198 0.000000
vt 0.932384 1.000000
vt 0.932384 0.000000
vt 0.933571 1.000000
vt 0.933571 0.000000
vt 0.934757 1.000000
vt 0.934757 0.000000
vt 0.935943 1.000000
vt 0.935943 0.000000
vt 0.937129 1.000000
vt 0.937129 0.000000
vt 0.938316 1.000000
vt 0.938316 0.000000
vt 0.939502 1.000000
vt 0.939502 0.000000
vt 0.940688 1.000000
vt 0.940688 0.000000
vt 0.941874 1.000000
vt 0.941874 0.000000
vt 0.943061 1.000000
vt 0.943061 0.000000
vt 0.944247 1.000000
vt 0.944247 0.000000
vt 0.945433 1.000000
vt 0.945433 0.000000
vt 0.946619 1.000000
vt 0.946619 0.000000
vt 0.947805 1.000000
vt 0.947805 0.000000
vt 0.948992 1.000000
vt 0.948992 0.000000
vt 0.950178 1.000000
vt 0.950178 0.000000
vt 0.951364 1.000000
vt 0.951364 0.000000
vt 0.952550 1.000000
vt 0.952550 0.000000
vt 0.953737 1.000000
vt 0.953737 0.000000
vt 0.954923 1.000000
vt 0.954923 0.000000
vt 0.956109 1.000000
vt 0.956109 0.000000
vt 0.957295 1.000000
vt 0.957295 0.000000
vt 0.958482 1.000000
vt 0.958482 0.000000
vt 0.959668 1.000000
vt 0.959668 0.000000
vt 0.960854 1.000000
vt 0.960854 0.000000
vt 0.962040 1.000000
vt 0.962040 0.000000
vt 0.963227 1.000000
vt 0.963227 0.000000
vt 0.964413 1.000000
vt 0.964413 0.000000
vt 0.965599 1.000000
vt 0.965599 0.000000
vt 0.966785 1.000000
vt 0.966785 0.000000
vt 0.967972 1.000000
vt 0.967972 0.000000
vt 0.969158 1.000000
vt 0.969158 0.000000
vt 0.970344 1.000000
vt 0.970344 0.000000
vt 0.971530 1.000000
vt 0.971530 0.000000
vt 0.972717 1.000000
vt 0.972717 0.000000
vt 0.973903 1.000000
vt 0.973903 0.000000
vt 0.975089 1.000000
vt 0.975089 0.000000
vt 0.976275 1.000000
vt 0.976275 0.000000
vt 0.977461 1.000000
vt 0.977461 0.000000
vt 0.978648 1.000000
vt 0.978648 0.000000
vt 0.979834 1.000000
vt 0.979834 0.000000
vt 0.981020 1.000000
vt 0.981020 0.000000
vt 0.982206 1.000000
vt 0.982206 0.000000
vt 0.983393 1.000000
vt 0.983393 0.000000
vt 0.984579 1.000000
vt 0.984579 0.000000
vt 0.985765 1.000000
vt 0.985765 0.000000
vt 0.986951 1.000000
vt 0.986951 0.000000
vt 0.988138 1.000000
vt 0.988138 0.000000
vt 0.989324 1.000000
vt 0.989324 0.000000
vt 0.990510 1.000000
vt 0.990510 0.000000
vt 0.991696 1.000000
vt 0.991696 0.000000
vt 0.992883 1.000000
vt 0.992883 0.000000
vt 0.994069 1.000000
vt 0.994069 0.000000
vt 0.995255 1.000000
vt 0.995255 0.000000
vt 0.996441 1.000000
vt 0.996441 0.000000
vt 0.997627 1.000000
vt 0.997627 0.000000
vt 0.998814 1.000000
vt 0.998814 0.000000
vt 1.000000 1.000000
vt 0.038462 1.000000
vt 0.038462 0.000000
vt 0.076923 1.000000
vt 0.076923 0.000000
vt 0.115385 1.000000
vt 0.115385 0.000000
vt 0.153846 1.000000
vt 0.153846 0.000000
vt 0.192308 1.000000
vt 0.192308 0.000000
vt 0.230769 1.000000
vt 0.230769 0.000000
vt 0.269231 1.000000
vt 0.269231 0.000000
vt 0.307692 1.000000
vt 0.307692 0.000000
vt 0.346154 1.000000
vt 0.346154 0.000000
vt 0.384615 1.000000
vt 0.384615 0.000000
vt 0.423077 1.000000
vt 0.423077 0.000000
vt 0.461538 1.000000
vt 0.461538 0.000000
vt 0.500000 1.000000
vt 0.538462 1.000000
vt 0.538462 0.000000
vt 0.576923 1.000000
vt 0.576923 0.000000
vt 0.615385 1.000000
vt 0.615385 0.000000
vt 0.653846 1.000000
vt 0.653846 0.000000
vt 0.692308 1.000000
vt 0.692308 0.000000
vt 0.730769 1.000000
vt 0.730769 0.000000
vt 0.769231 1.000000
vt 0.769231 0.000000
vt 0.807692 1.000000
vt 0.807692 0.000000
vt 0.846154 1.000000
vt 0.846154 0.000000
vt 0.884615 1.000000
vt 0.884615 0.000000
vt 0.923077 1.000000
vt 0.923077 0.000000
vt 0.961538 1.000000
vt 0.961538 0.000000
vt 0.009615 1.000000
vt 0.009615 0.000000
vt 0.019231 1.000000
vt 0.019231 0.000000
vt 0.028846 1.000000
vt 0.028846 0.000000
vt 0.048077 1.000000
vt 0.048077 0.000000
vt 0.057692 1.000000
vt 0.057692 0.000000
vt 0.067308 1.000000
vt 0.067308 0.000000
vt 0.086538 1.000000
vt 0.086538 0.000000
vt 0.096154 1.000000
vt 0.096154 0.000000
vt 0.105769 1.000000
vt 0.105769 0.000000
vt 0.125000 1.000000
vt 0.134615 1.000000
vt 0.134615 0.000000
vt 0.144231 1.000000
vt 0.144231 0.000000
vt 0.163462 1.000000
vt 0.163462 0.000000
vt 0.173077 1.000000
vt 0.173077 0.000000
vt 0.182692 1.000000
vt 0.182692 0.000000
vt 0.201923 1.000000
vt 0.201923 0.000000
vt 0.211538 1.000000
vt 0.211538 0.000000
vt 0.221154 1.000000
vt 0.221154 0.000000
vt 0.240385 1.000000
vt 0.240385 0.000000
vt 0.250000 1.000000
vt 0.259615 1.000000
vt 0.259615 0.000000
vt 0.278846 1.000000
vt 0.278846 0.000000
vt 0.288462 1.000000
vt 0.288462 0.000000
vt 0.298077 1.000000
vt 0.298077 0.000000
vt 0.317308 1.000000
vt 0.317308 0.000000
vt 0.326923 1.000000
vt 0.326923 0.000000
vt 0.336538 1.000000
vt 0.336538 0.000000
vt 0.355769 1.000000
vt 0.355769 0.000000
vt 0.365385 1.000000
vt 0.365385 0.000000
vt 0.375000 1.000000
vt 0.394231 1.000000
vt 0.394231 0.000000
vt 0.403846 1.000000
vt 0.403846 0.000000
vt 0.413462 1.000000
vt 0.413462 0.000000
vt 0.432692 1.000000
vt 0.432692 0.000000
vt 0.442308 1.000000
vt 0.442308 0.000000
vt 0.451923 1.000000
vt 0.451923 0.000000
vt 0.471154 1.000000
vt 0.471154 0.000000
vt 0.480769 1.000000
vt 0.480769 0.000000
vt 0.490385 1.000000
vt 0.490385 0.000000
vt 0.509615 1.000000
vt 0.509615 0.000000
vt 0.519231 1.000000
vt 0.519231 0.000000
vt 0.528846 1.000000
vt 0.528846 0.000000
vt 0.548077 1.000000
vt 0.548077 0.000000
vt 0.557692 1.000000
vt 0.557692 0.000000
vt 0.567308 1.000000
vt 0.567308 0.000000
vt 0.586538 1.000000
vt 0.586538 0.000000
vt 0.596154 1.000000
vt 0.596154 0.000000
vt 0.605769 1.000000
vt 0.605769 0.000000
vt 0.625000 1.000000
vt 0.634615 1.000000
vt 0.634615 0.000000
vt 0.644231 1.000000
vt 0.644231 0.000000
vt 0.663462 1.000000
vt 0.663462 0.000000
vt 0.673077 1.000000
vt 0.673077 0.000000
vt 0.682692 1.000000
vt 0.682692 0.000000
vt 0.701923 1.000000
vt 0.701923 0.000000
vt 0.711538 1.000000
vt 0.711538 0.000000
vt 0.721154 1.000000
vt 0.721154 0.000000
vt 0.740385 1.000000
vt 0.740385 0.000000
vt 0.750000 1.000000
vt 0.759615 1.000000
vt 0.759615 0.000000
vt 0.778846 1.000000
vt 0.778846 0.000000
vt 0.788462 1.000000
vt 0.788462 0.000000
vt 0.798077 1.000000
vt 0.798077 0.000000
vt 0.817308 1.000000
vt 0.817308 0.000000
vt 0.826923 1.000000
vt 0.826923 0.000000
vt 0.836538 1.000000
vt 0.836538 0.000000
vt 0.855769 1.000000
vt 0.855769 0.000000
vt 0.865385 1.000000
vt 0.865385 0.000000
vt 0.875000 1.000000
vt 0.894231 1.000000
vt 0.894231 0.000000
vt 0.903846 1.000000
vt 0.903846 0.000000
vt 0.913462 1.000000
vt 0.913462 0.000000
vt 0.932692 1.000000
vt 0.932692 0.000000
vt 0.942308 1.000000
vt 0.942308 0.000000
vt 0.951923 1.000000
vt 0.951923 0.000000
vt 0.971154 1.000000
vt 0.971154 0.000000
vt 0.980769 1.000000
vt 0.980769 0.000000
vt 0.990385 1.000000
vt 0.990385 0.000000
vt 0.008065 1.000000
vt 0.008065 0.000000
vt 0.016129 1.000000
vt 0.016129 0.000000
vt 0.024194 1.000000
vt 0.024194 0.000000
vt 0.032258 1.000000
vt 0.032258 0.000000
vt 0.040323 1.000000
vt 0.040323 0.000000
vt 0.048387 1.000000
vt 0.048387 0.000000
vt 0.056452 1.000000
vt 0.056452 0.000000
vt 0.064516 1.000000
vt 0.064516 0.000000
vt 0.072581 1.000000
vt 0.072581 0.000000
vt 0.080645 1.000000
vt 0.080645 0.000000
vt 0.088710 1.000000
vt 0.088710 0.000000
vt 0.096774 1.000000
vt 0.096774 0.000000
vt 0.104839 1.000000
vt 0.104839 0.000000
vt 0.112903 1.000000
vt 0.112903 0.000000
vt 0.120968 1.000000
vt 0.120968 0.000000
vt 0.129032 1.000000
vt 0.129032 0.000000
vt 0.137097 1.000000
vt 0.137097 0.000000
vt 0.145161 1.000000
vt 0.145161 0.000000
vt 0.153226 1.000000
vt 0.153226 0.000000
vt 0.161290 1.000000
vt 0.161290 0.000000
vt 0.169355 1.000000
vt 0.169355 0.000000
vt 0.177419 1.000000
vt 0.177419 0.000000
vt 0.185484 1.000000
vt 0.185484 0.000000
vt 0.193548 1.000000
vt 0.193548 0.000000
vt 0.201613 1.000000
vt 0.201613 0.000000
vt 0.209677 1.000000
vt 0.209677 0.000000
vt 0.217742 1.000000
vt 0.217742 0.000000
vt 0.225806 1.000000
vt 0.225806 0.000000
vt 0.233871 1.000000
vt 0.233871 0.000000
vt 0.241935 1.000000
vt 0.241935 0.000000
vt 0.258065 1.000000
vt 0.258065 0.000000
vt 0.266129 1.000000
vt 0.266129 0.000000
vt 0.274194 1.000000
vt 0.274194 0.000000
vt 0.282258 1.000000
vt 0.282258 0.000000
vt 0.290323 1.000000
vt 0.290323 0.000000
vt 0.298387 1.000000
vt 0.298387 0.000000
vt 0.306452 1.000000
vt 0.306452 0.000000
vt 0.314516 1.000000
vt 0.314516 0.000000
vt 0.322581 1.000000
vt 0.322581 0.000000
vt 0.330645 1.000000
vt 0.330645 0.000000
vt 0.338710 1.000000
vt 0.338710 0.000000
vt 0.346774 1.000000
vt 0.346774 0.000000
vt 0.354839 1.000000
vt 0.354839 0.000000
vt 0.362903 1.000000
vt 0.362903 0.000000
vt 0.370968 1.000000
vt 0.370968 0.000000
vt 0.379032 1.000000
vt 0.379032 0.000000
vt 0.387097 1.000000
vt 0.387097 0.000000
vt 0.395161 1.000000
vt 0.395161 0.000000
vt 0.403226 1.000000
vt 0.403226 0.000000
vt 0.411290 1.000000
vt 0.411290 0.000000
vt 0.419355 1.000000
vt 0.419355 0.000000
vt 0.427419 1.000000
vt 0.427419 0.000000
vt 0.435484 1.000000
vt 0.435484 0.000000
vt 0.443548 1.000000
vt 0.443548 0.000000
vt 0.451613 1.000000
vt 0.451613 0.000000
vt 0.459677 1.000000
vt 0.459677 0.000000
vt 0.467742 1.000000
vt 0.467742 0.000000
vt 0.475806 1.000000
vt 0.475806 0.000000
vt 0.483871 1.000000
vt 0.483871 0.000000
vt 0.491935 1.000000
vt 0.491935 0.000000
vt 0.508065 1.000000
vt 0.508065 0.000000
vt 0.516129 1.000000
vt 0.516129 0.000000
vt 0.524194 1.000000
vt 0.524194 0.000000
vt 0.532258 1.000000
vt 0.532258 0.000000
vt 0.540323 1.000000
vt 0.540323 0.000000
vt 0.548387 1.000000
vt 0.548387 0.000000
vt 0.556452 1.000000
vt 0.556452 0.000000
vt 0.564516 1.000000
vt 0.564516 0.000000
vt 0.572581 1.000000
vt 0.572581 0.000000
vt 0.580645 1.000000
vt 0.580645 0.000000
vt 0.588710 1.000000
vt 0.588710 0.000000
vt 0.596774 1.000000
vt 0.596774 0.000000
vt 0.604839 1.000000
vt 0.604839 0.000000
vt 0.612903 1.000000
vt 0.612903 0.000000
vt 0.620968 1.000000
vt 0.620968 0.000000
vt 0.629032 1.000000
vt 0.629032 0.000000
vt 0.637097 1.000000
vt 0.637097 0.000000
vt 0.645161 1.000000
vt 0.645161 0.000000
vt 0.653226 1.000000
vt 0.653226 0.000000
vt 0.661290 1.000000
vt 0.661290 0.000000
vt 0.669355 1.000000
vt 0.669355 0.000000
vt 0.677419 1.000000
vt 0.677419 0.000000
vt 0.685484 1.000000
vt 0.685484 0.000000
vt 0.693548 1.000000
vt 0.693548 0.000000
vt 0.701613 1.000000
vt 0.701613 0.000000
vt 0.709677 1.000000
vt 0.709677 0.000000
vt 0.717742 1.000000
vt 0.717742 0.000000
vt 0.725806 1.000000
vt 0.725806 0.000000
vt 0.733871 1.000000
vt 0.733871 0.000000
vt 0.741935 1.000000
vt 0.741935 0.000000
vt 0.758065 1.000000
vt 0.758065 0.000000
vt 0.766129 1.000000
vt 0.766129 0.000000
vt 0.774194 1.000000
vt 0.774194 0.000000
vt 0.782258 1.000000
vt 0.782258 0.000000
vt 0.790323 1.000000
vt 0.790323 0.000000
vt 0.798387 1.000000
vt 0.798387 0.000000
vt 0.806452 1.000000
vt 0.806452 0.000000
vt 0.814516 1.000000
vt 0.814516 0.000000
vt 0.822581 1.000000
vt 0.822581 0.000000
vt 0.830645 1.000000
vt 0.830645 0.000000
vt 0.838710 1.000000
vt 0.838710 0.000000
vt 0.846774 1.000000
vt 0.846774 0.000000
vt 0.854839 1.000000
vt 0.854839 0.000000
vt 0.862903 1.000000
vt 0.862903 0.000000
vt 0.870968 1.000000
vt 0.870968 0.000000
vt 0.879032 1.000000
vt 0.879032 0.000000
vt 0.887097 1.000000
vt 0.887097 0.000000
vt 0.895161 1.000000
vt 0.895161 0.000000
vt 0.903226 1.000000
vt 0.903226 0.000000
vt 0.911290 1.000000
vt 0.911290 0.000000
vt 0.919355 1.000000
vt 0.919355 0.000000
vt 0.927419 1.000000
vt 0.927419 0.000000
vt 0.935484 1.000000
vt 0.935484 0.000000
vt 0.943548 1.000000
vt 0.943548 0.000000
vt 0.951613 1.000000
vt 0.951613 0.000000
vt 0.959677 1.000000
vt 0.959677 0.000000
vt 0.967742 1.000000
vt 0.967742 0.000000
vt 0.975806 1.000000
vt 0.975806 0.000000
vt 0.983871 1.000000
vt 0.983871 0.000000
vt 0.991935 1.000000
vt 0.991935 0.000000
vt 0.001376 1.000000
vt 0.001376 0.000000
vt 0.002751 1.000000
vt 0.002751 0.000000
vt 0.004127 1.000000
vt 0.004127 0.000000
vt 0.005502 1.000000
vt 0.005502 0.000000
vt 0.006878 1.000000
vt 0.006878 0.000000
vt 0.008253 1.000000
vt 0.008253 0.000000
vt 0.009629 1.000000
vt 0.009629 0.000000
vt 0.011004 1.000000
vt 0.011004 0.000000
vt 0.012380 1.000000
vt 0.012380 0.000000
vt 0.013755 1.000000
vt 0.013755 0.000000
vt 0.015131 1.000000
vt 0.015131 0.000000
vt 0.016506 1.000000
vt 0.016506 0.000000
vt 0.017882 1.000000
vt 0.017882 0.000000
vt 0.019257 1.000000
vt 0.019257 0.000000
vt 0.020633 1.000000
vt 0.020633 0.000000
vt 0.022008 1.000000
vt 0.022008 0.000000
vt 0.023384 1.000000
vt 0.023384 0.000000
vt 0.024759 1.000000
vt 0.024759 0.000000
vt 0.026135 1.000000
vt 0.026135 0.000000
vt 0.027510 1.000000
vt 0.027510 0.000000
vt 0.028886 1.000000
vt 0.028886 0.000000
vt 0.030261 1.000000
vt 0.030261 0.000000
vt 0.031637 1.000000
vt 0.031637 0.000000
vt 0.033012 1.000000
vt 0.033012 0.000000
vt 0.034388 1.000000
vt 0.034388 0.000000
vt 0.035763 1.000000
vt 0.035763 0.000000
vt 0.037139 1.000000
vt 0.037139 0.000000
vt 0.038514 1.000000
vt 0.038514 0.000000
vt 0.039890 1.000000
vt 0.039890 0.000000
vt 0.041265 1.000000
vt 0.041265 0.000000
vt 0.042641 1.000000
vt 0.042641 0.000000
vt 0.044017 1.000000
vt 0.044017 0.000000
vt 0.045392 1.000000
vt 0.045392 0.000000
vt 0.046768 1.000000
vt 0.046768 0.000000
vt 0.048143 1.000000
vt 0.048143 0.000000
vt 0.049519 1.000000
vt 0.049519 0.000000
vt 0.050894 1.000000
vt 0.050894 0.000000
vt 0.052270 1.000000
vt 0.052270 0.000000
vt 0.053645 1.000000
vt 0.053645 0.000000
vt 0.055021 1.000000
vt 0.055021 0.000000
vt 0.056396 1.000000
vt 0.056396 0.000000
vt 0.057772 1.000000
vt 0.057772 0.000000
vt 0.059147 1.000000
vt 0.059147 0.000000
vt 0.060523 1.000000
vt 0.060523 0.000000
vt 0.061898 1.000000
vt 0.061898 0.000000
vt 0.063274 1.000000
vt 0.063274 0.000000
vt 0.064649 1.000000
vt 0.064649 0.000000
vt 0.066025 1.000000
vt 0.066025 0.000000
vt 0.067400 1.000000
vt 0.067400 0.000000
vt 0.068776 1.000000
vt 0.068776 0.000000
vt 0.070151 1.000000
vt 0.070151 0.000000
vt 0.071527 1.000000
vt 0.071527 0.000000
vt 0.072902 1.000000
vt 0.072902 0.000000
vt 0.074278 1.000000
vt 0.074278 0.000000
vt 0.075653 1.000000
vt 0.075653 0.000000
vt 0.077029 1.000000
vt 0.077029 0.000000
vt 0.078404 1.000000
vt 0.078404 0.000000
vt 0.079780 1.000000
vt 0.079780 0.000000
vt 0.081155 1.000000
vt 0.081155 0.000000
vt 0.082531 1.000000
vt 0.082531 0.000000
vt 0.083906 1.000000
vt 0.083906 0.000000
vt 0.085282 1.000000
vt 0.085282 0.000000
vt 0.086657 1.000000
vt 0.086657 0.000000
vt 0.088033 1.000000
vt 0.088033 0.000000
vt 0.089409 1.000000
vt 0.089409 0.000000
vt 0.090784 1.000000
vt 0.090784 0.000000
vt 0.092160 1.000000
vt 0.092160 0.000000
vt 0.093535 1.000000
vt 0.093535 0.000000
vt 0.094911 1.000000
vt 0.094911 0.000000
vt 0.096286 1.000000
vt 0.096286 0.000000
vt 0.097662 1.000000
vt 0.097662 0.000000
vt 0.099037 1.000000
vt 0.099037 0.000000
vt 0.100413 1.000000
vt 0.100413 0.000000
vt 0.101788 1.000000
vt 0.101788 0.000000
vt 0.103164 1.000000
vt 0.103164 0.000000
vt 0.104539 1.000000
vt 0.104539 0.000000
vt 0.105915 1.000000
vt 0.105915 0.000000
vt 0.107290 1.000000
vt 0.107290 0.000000
vt 0.108666 1.000000
vt 0.108666 0.000000
vt 0.110041 1.000000
vt 0.110041 0.000000
vt 0.111417 1.000000
vt 0.111417 0.000000
vt 0.112792 1.000000
vt 0.112792 0.000000
vt 0.114168 1.000000
vt 0.114168 0.000000
vt 0.115543 1.000000
vt 0.115543 0.000000
vt 0.116919 1.000000
vt 0.116919 0.000000
vt 0.118294 1.000000
vt 0.118294 0.000000
vt 0.119670 1.000000
vt 0.119670 0.000000
vt 0.121045 1.000000
vt 0.121045 0.000000
vt 0.122421 1.000000
vt 0.122421 0.000000
vt 0.123796 1.000000
vt 0.123796 0.000000
vt 0.125172 1.000000
vt 0.125172 0.000000
vt 0.126547 1.000000
vt 0.126547 0.000000
vt 0.127923 1.000000
vt 0.127923 0.000000
vt 0.129298 1.000000
vt 0.129298 0.000000
vt 0.130674 1.000000
vt 0.130674 0.000000
vt 0.132050 1.000000
vt 0.132050 0.000000
vt 0.133425 1.000000
vt 0.133425 0.000000
vt 0.134801 1.000000
vt 0.134801 0.000000
vt 0.136176 1.000000
vt 0.136176 0.000000
vt 0.137552 1.000000
vt 0.137552 0.000000
vt 0.138927 1.000000
vt 0.138927 0.000000
vt 0.140303 1.000000
vt 0.140303 0.000000
vt 0.141678 1.000000
vt 0.141678 0.000000
vt 0.143054 1.000000
vt 0.143054 0.000000
vt 0.144429 1.000000
vt 0.144429 0.000000
vt 0.145805 1.000000
vt 0.145805 0.000000
vt 0.147180 1.000000
vt 0.147180 0.000000
vt 0.148556 1.000000
vt 0.148556 0.000000
vt 0.149931 1.000000
vt 0.149931 0.000000
vt 0.151307 1.000000
vt 0.151307 0.000000
vt 0.152682 1.000000
vt 0.152682 0.000000
vt 0.154058 1.000000
vt 0.154058 0.000000
vt 0.155433 1.000000
vt 0.155433 0.000000
vt 0.156809 1.000000
vt 0.156809 0.000000
vt 0.158184 1.000000
vt 0.158184 0.000000
vt 0.159560 1.000000
vt 0.159560 0.000000
vt 0.160935 1.000000
vt 0.160935 0.000000
vt 0.162311 1.000000
vt 0.162311 0.000000
vt 0.163686 1.000000
vt 0.163686 0.000000
vt 0.165062 1.000000
vt 0.165062 0.000000
vt 0.166437 1.000000
vt 0.166437 0.000000
vt 0.167813 1.000000
vt 0.167813 0.000000
vt 0.169188 1.000000
vt 0.169188 0.000000
vt 0.170564 1.000000
vt 0.170564 0.000000
vt 0.171939 1.000000
vt 0.171939 0.000000
vt 0.173315 1.000000
vt 0.173315 0.000000
vt 0.174691 1.000000
vt 0.174691 0.000000
vt 0.176066 1.000000
vt 0.176066 0.000000
vt 0.177442 1.000000
vt 0.177442 0.000000
vt 0.178817 1.000000
vt 0.178817 0.000000
vt 0.180193 1.000000
vt 0.180193 0.000000
vt 0.181568 1.000000
vt 0.181568 0.000000
vt 0.182944 1.000000
vt 0.182944 0.000000
vt 0.184319 1.000000
vt 0.184319 0.000000
vt 0.185695 1.000000
vt 0.185695 0.000000
vt 0.187070 1.000000
vt 0.187070 0.000000
vt 0.188446 1.000000
vt 0.188446 0.000000
vt 0.189821 1.000000
vt 0.189821 0.000000
vt 0.191197 1.000000
vt 0.191197 0.000000
vt 0.192572 1.000000
vt 0.192572 0.000000
vt 0.193948 1.000000
vt 0.193948 0.000000
vt 0.195323 1.000000
vt 0.195323 0.000000
vt 0.196699 1.000000
vt 0.196699 0.000000
vt 0.198074 1.000000
vt 0.198074 0.000000
vt 0.199450 1.000000
vt 0.199450 0.000000
vt 0.200825 1.000000
vt 0.200825 0.000000
vt 0.202201 1.000000
vt 0.202201 0.000000
vt 0.203576 1.000000
vt 0.203576 0.000000
vt 0.204952 1.000000
vt 0.204952 0.000000
vt 0.206327 1.000000
vt 0.206327 0.000000
vt 0.207703 1.000000
vt 0.207703 0.000000
vt 0.209078 1.000000
vt 0.209078 0.000000
vt 0.210454 1.000000
vt 0.210454 0.000000
vt 0.211829 1.000000
vt 0.211829 0.000000
vt 0.213205 1.000000
vt 0.213205 0.000000
vt 0.214580 1.000000
vt 0.214580 0.000000
vt 0.215956 1.000000
vt 0.215956 0.000000
vt 0.217331 1.000000
vt 0.217331 0.000000
vt 0.218707 1.000000
vt 0.218707 0.000000
vt 0.220083 1.000000
vt 0.220083 0.000000
vt 0.221458 1.000000
vt 0.221458 0.000000
vt 0.222834 1.000000
vt 0.222834 0.000000
vt 0.224209 1.000000
vt 0.224209 0.000000
vt 0.225585 1.000000
vt 0.225585 0.000000
vt 0.226960 1.000000
vt 0.226960 0.000000
vt 0.228336 1.000000
vt 0.228336 0.000000
vt 0.229711 1.000000
vt 0.229711 0.000000
vt 0.231087 1.000000
vt 0.231087 0.000000
vt 0.232462 1.000000
vt 0.232462 0.000000
vt 0.233838 1.000000
vt 0.233838 0.000000
vt 0.235213 1.000000
vt 0.235213 0.000000
vt 0.236589 1.000000
vt 0.236589 0.000000
vt 0.237964 1.000000
vt 0.237964 0.000000
vt 0.239340 1.000000
vt 0.239340 0.000000
vt 0.240715 1.000000
vt 0.240715 0.000000
vt 0.242091 1.000000
vt 0.242091 0.000000
vt 0.243466 1.000000
vt 0.243466 0.000000
vt 0.244842 1.000000
vt 0.244842 0.000000
vt 0.246217 1.000000
vt 0.246217 0.000000
vt 0.247593 1.000000
vt 0.247593 0.000000
vt 0.248968 1.000000
vt 0.248968 0.000000
vt 0.250344 1.000000
vt 0.250344 0.000000
vt 0.251719 1.000000
vt 0.251719 0.000000
vt 0.253095 1.000000
vt 0.253095 0.000000
vt 0.254470 1.000000
vt 0.254470 0.000000
vt 0.255846 1.000000
vt 0.255846 0.000000
vt 0.257221 1.000000
vt 0.257221 0.000000
vt 0.258597 1.000000
vt 0.258597 0.000000
vt 0.259972 1.000000
vt 0.259972 0.000000
vt 0.261348 1.000000
vt 0.261348 0.000000
vt 0.262724 1.000000
vt 0.262724 0.000000
vt 0.264099 1.000000
vt 0.264099 0.000000
vt 0.265475 1.000000
vt 0.265475 0.000000
vt 0.266850 1.000000
vt 0.266850 0.000000
vt 0.268226 1.000000
vt 0.268226 0.000000
vt 0.269601 1.000000
vt 0.269601 0.000000
vt 0.270977 1.000000
vt 0.270977 0.000000
vt 0.272352 1.000000
vt 0.272352 0.000000
vt 0.273728 1.000000
vt 0.273728 0.000000
vt 0.275103 1.000000
vt 0.275103 0.000000
vt 0.276479 1.000000
vt 0.276479 0.000000
vt 0.277854 1.000000
vt 0.277854 0.000000
vt 0.279230 1.000000
vt 0.279230 0.000000
vt 0.280605 1.000000
vt 0.280605 0.000000
vt 0.281981 1.000000
vt 0.281981 0.000000
vt 0.283356 1.000000
vt 0.283356 0.000000
vt 0.284732 1.000000
vt 0.284732 0.000000
vt 0.286107 1.000000
vt 0.286107 0.000000
vt 0.287483 1.000000
vt 0.287483 0.000000
vt 0.288858 1.000000
vt 0.288858 0.000000
vt 0.290234 1.000000
vt 0.290234 0.000000
vt 0.291609 1.000000
vt 0.291609 0.000000
vt 0.292985 1.000000
vt 0.292985 0.000000
vt 0.294360 1.000000
vt 0.294360 0.000000
vt 0.295736 1.000000
vt 0.295736 0.000000
vt 0.297111 1.000000
vt 0.297111 0.000000
vt 0.298487 1.000000
vt 0.298487 0.000000
vt 0.299862 1.000000
vt 0.299862 0.000000
vt 0.301238 1.000000
vt 0.301238 0.000000
vt 0.302613 1.000000
vt 0.302613 0.000000
vt 0.303989 1.000000
vt 0.303989 0.000000
vt 0.305365 1.000000
vt 0.305365 0.000000
vt 0.306740 1.000000
vt 0.306740 0.000000
vt 0.308116 1.000000
vt 0.308116 0.000000
vt 0.309491 1.000000
vt 0.309491 0.000000
vt 0.310867 1.000000
vt 0.310867 0.000000
vt 0.312242 1.000000
vt 0.312242 0.000000
vt 0.313618 1.000000
vt 0.313618 0.000000
vt 0.314993 1.000000
vt 0.314993 0.000000
vt 0.316369 1.000000
vt 0.316369 0.000000
vt 0.317744 1.000000
vt 0.317744 0.000000
vt 0.319120 1.000000
vt 0.319120 0.000000
vt 0.320495 1.000000
vt 0.320495 0.000000
vt 0.321871 1.000000
vt 0.321871 0.000000
vt 0.323246 1.000000
vt 0.323246 0.000000
vt 0.324622 1.000000
vt 0.324622 0.000000
vt 0.325997 1.000000
vt 0.325997 0.000000
vt 0.327373 1.000000
vt 0.327373 0.000000
vt 0.328748 1.000000
vt 0.328748 0.000000
vt 0.330124 1.000000
vt 0.330124 0.000000
vt 0.331499 1.000000
vt 0.331499 0.000000
vt 0.332875 1.000000
vt 0.332875 0.000000
vt 0.334250 1.000000
vt 0.334250 0.000000
vt 0.335626 1.000000
vt 0.335626 0.000000
vt 0.337001 1.000000
vt 0.337001 0.000000
vt 0.338377 1.000000
vt 0.338377 0.000000
vt 0.339752 1.000000
vt 0.339752 0.000000
vt 0.341128 1.000000
vt 0.341128 0.000000
vt 0.342503 1.000000
vt 0.342503 0.000000
vt 0.343879 1.000000
vt 0.343879 0.000000
vt 0.345254 1.000000
vt 0.345254 0.000000
vt 0.346630 1.000000
vt 0.346630 0.000000
vt 0.348006 1.000000
vt 0.348006 0.000000
vt 0.349381 1.000000
vt 0.349381 0.000000
vt 0.350757 1.000000
vt 0.350757 0.000000
vt 0.352132 1.000000
vt 0.352132 0.000000
vt 0.353508 1.000000
vt 0.353508 0.000000
vt 0.354883 1.000000
vt 0.354883 0.000000
vt 0.356259 1.000000
vt 0.356259 0.000000
vt 0.357634 1.000000
vt 0.357634 0.000000
vt 0.359010 1.000000
vt 0.359010 0.000000
vt 0.360385 1.000000
vt 0.360385 0.000000
vt 0.361761 1.000000
vt 0.361761 0.000000
vt 0.363136 1.000000
vt 0.363136 0.000000
vt 0.364512 1.000000
vt 0.364512 0.000000
vt 0.365887 1.000000
vt 0.365887 0.000000
vt 0.367263 1.000000
vt 0.367263 0.000000
vt 0.368638 1.000000
vt 0.368638 0.000000
vt 0.370014 1.000000
vt 0.370014 0.000000
vt 0.371389 1.000000
vt 0.371389 0.000000
vt 0.372765 1.000000
vt 0.372765 0.000000
vt 0.374140 1.000000
vt 0.374140 0.000000
vt 0.375516 1.000000
vt 0.375516 0.000000
vt 0.376891 1.000000
vt 0.376891 0.000000
vt 0.378267 1.000000
vt 0.378267 0.000000
vt 0.379642 1.000000
vt 0.379642 0.000000
vt 0.381018 1.000000
vt 0.381018 0.000000
vt 0.382393 1.000000
vt 0.382393 0.000000
vt 0.383769 1.000000
vt 0.383769 0.000000
vt 0.385144 1.000000
vt 0.385144 0.000000
vt 0.386520 1.000000
vt 0.386520 0.000000
vt 0.387895 1.000000
vt 0.387895 0.000000
vt 0.389271 1.000000
vt 0.389271 0.000000
vt 0.390646 1.000000
vt 0.390646 0.000000
vt 0.392022 1.000000
vt 0.392022 0.000000
vt 0.393398 1.000000
vt 0.393398 0.000000
vt 0.394773 1.000000
vt 0.394773 0.000000
vt 0.396149 1.000000
vt 0.396149 0.000000
vt 0.397524 1.000000
vt 0.397524 0.000000
vt 0.398900 1.000000
vt 0.398900 0.000000
vt 0.400275 1.000000
vt 0.400275 0.000000
vt 0.401651 1.000000
vt 0.401651 0.000000
vt 0.403026 1.000000
vt 0.403026 0.000000
vt 0.404402 1.000000
vt 0.404402 0.000000
vt 0.405777 1.000000
vt 0.405777 0.000000
vt 0.407153 1.000000
vt 0.407153 0.000000
vt 0.408528 1.000000
vt 0.408528 0.000000
vt 0.409904 1.000000
vt 0.409904 0.000000
vt 0.411279 1.000000
vt 0.411279 0.000000
vt 0.412655 1.000000
vt 0.412655 0.000000
vt 0.414030 1.000000
vt 0.414030 0.000000
vt 0.415406 1.000000
vt 0.415406 0.000000
vt 0.416781 1.000000
vt 0.416781 0.000000
vt 0.418157 1.000000
vt 0.418157 0.000000
vt 0.419532 1.000000
vt 0.419532 0.000000
vt 0.420908 1.000000
vt 0.420908 0.000000
vt 0.422283 1.000000
vt 0.422283 0.000000
vt 0.423659 1.000000
vt 0.423659 0.000000
vt 0.425034 1.000000
vt 0.425034 0.000000
vt 0.426410 1.000000
vt 0.426410 0.000000
vt 0.427785 1.000000
vt 0.427785 0.000000
vt 0.429161 1.000000
vt 0.429161 0.000000
vt 0.430536 1.000000
vt 0.430536 0.000000
vt 0.431912 1.000000
vt 0.431912 0.000000
vt 0.433287 1.000000
vt 0.433287 0.000000
vt 0.434663 1.000000
vt 0.434663 0.000000
vt 0.436039 1.000000
vt 0.436039 0.000000
vt 0.437414 1.000000
vt 0.437414 0.000000
vt 0.438790 1.000000
vt 0.438790 0.000000
vt 0.440165 1.000000
vt 0.440165 0.000000
vt 0.441541 1.000000
vt 0.441541 0.000000
vt 0.442916 1.000000
vt 0.442916 0.000000
vt 0.444292 1.000000
vt 0.444292 0.000000
vt 0.445667 1.000000
vt 0.445667 0.000000
vt 0.447043 1.000000
vt 0.447043 0.000000
vt 0.448418 1.000000
vt 0.448418 0.000000
vt 0.449794 1.000000
vt 0.449794 0.000000
vt 0.451169 1.000000
vt 0.451169 0.000000
vt 0.452545 1.000000
vt 0.452545 0.000000
vt 0.453920 1.000000
vt 0.453920 0.000000
vt 0.455296 1.000000
vt 0.455296 0.000000
vt 0.456671 1.000000
vt 0.456671 0.000000
vt 0.458047 1.000000
vt 0.458047 0.000000
vt 0.459422 1.000000
vt 0.459422 0.000000
vt 0.460798 1.000000
vt 0.460798 0.000000
vt 0.462173 1.000000
vt 0.462173 0.000000
vt 0.463549 1.000000
vt 0.463549 0.000000
vt 0.464924 1.000000
vt 0.464924 0.000000
vt 0.466300 1.000000
vt 0.466300 0.000000
vt 0.467675 1.000000
vt 0.467675 0.000000
vt 0.469051 1.000000
vt 0.469051 0.000000
vt 0.470426 1.000000
vt 0.470426 0.000000
vt 0.471802 1.000000
vt 0.471802 0.000000
vt 0.473177 1.000000
vt 0.473177 0.000000
vt 0.474553 1.000000
vt 0.474553 0.000000
vt 0.475928 1.000000
vt 0.475928 0.000000
vt 0.477304 1.000000
vt 0.477304 0.000000
vt 0.478680 1.000000
vt 0.478680 0.000000
vt 0.480055 1.000000
vt 0.480055 0.000000
vt 0.481431 1.000000
vt 0.481431 0.000000
vt 0.482806 1.000000
vt 0.482806 0.000000
vt 0.484182 1.000000
vt 0.484182 0.000000
vt 0.485557 1.000000
vt 0.485557 0.000000
vt 0.486933 1.000000
vt 0.486933 0.000000
vt 0.488308 1.000000
vt 0.488308 0.000000
vt 0.489684 1.000000
vt 0.489684 0.000000
vt 0.491059 1.000000
vt 0.491059 0.000000
vt 0.492435 1.000000
vt 0.492435 0.000000
vt 0.493810 1.000000
vt 0.493810 0.000000
vt 0.495186 1.000000
vt 0.495186 0.000000
vt 0.496561 1.000000
vt 0.496561 0.000000
vt 0.497937 1.000000
vt 0.497937 0.000000
vt 0.499312 1.000000
vt 0.499312 0.000000
vt 0.500688 1.000000
vt 0.500688 0.000000
vt 0.502063 1.000000
vt 0.502063 0.000000
vt 0.503439 1.000000
vt 0.503439 0.000000
vt 0.504814 1.000000
vt 0.504814 0.000000
vt 0.506190 1.000000
vt 0.506190 0.000000
vt 0.507565 1.000000
vt 0.507565 0.000000
vt 0.508941 1.000000
vt 0.508941 0.000000
vt 0.510316 1.000000
vt 0.510316 0.000000
vt 0.511692 1.000000
vt 0.511692 0.000000
vt 0.513067 1.000000
vt 0.513067 0.000000
vt 0.514443 1.000000
vt 0.514443 0.000000
vt 0.515818 1.000000
vt 0.515818 0.000000
vt 0.517194 1.000000
vt 0.517194 0.000000
vt 0.518569 1.000000
vt 0.518569 0.000000
vt 0.519945 1.000000
vt 0.519945 0.000000
vt 0.521321 1.000000
vt 0.521321 0.000000
vt 0.522696 1.000000
vt 0.522696 0.000000
vt 0.524072 1.000000
vt 0.524072 0.000000
vt 0.525447 1.000000
vt 0.525447 0.000000
vt 0.526823 1.000000
vt 0.526823 0.000000
vt 0.528198 1.000000
vt 0.528198 0.000000
vt 0.529574 1.000000
vt 0.529574 0.000000
vt 0.530949 1.000000
vt 0.530949 0.000000
vt 0.532325 1.000000
vt 0.532325 0.000000
vt 0.533700 1.000000
vt 0.533700 0.000000
vt 0.535076 1.000000
vt 0.535076 0.000000
vt 0.536451 1.000000
vt 0.536451 0.000000
vt 0.537827 1.000000
vt 0.537827 0.000000
vt 0.539202 1.000000
vt 0.539202 0.000000
vt 0.540578 1.000000
vt 0.540578 0.000000
vt 0.541953 1.000000
vt 0.541953 0.000000
vt 0.543329 1.000000
vt 0.543329 0.000000
vt 0.544704 1.000000
vt 0.544704 0.000000
vt 0.546080 1.000000
vt 0.546080 0.000000
vt 0.547455 1.000000
vt 0.547455 0.000000
vt 0.548831 1.000000
vt 0.548831 0.000000
vt 0.550206 1.000000
vt 0.550206 0.000000
vt 0.551582 1.000000
vt 0.551582 0.000000
vt 0.552957 1.000000
vt 0.552957 0.000000
vt 0.554333 1.000000
vt 0.554333 0.000000
vt 0.555708 1.000000
vt 0.555708 0.000000
vt 0.557084 1.000000
vt 0.557084 0.000000
vt 0.558459 1.000000
vt 0.558459 0.000000
vt 0.559835 1.000000
vt 0.559835 0.000000
vt 0.561210 1.000000
vt 0.561210 0.000000
vt 0.562586 1.000000
vt 0.562586 0.000000
vt 0.563962 1.000000
vt 0.563962 0.000000
vt 0.565337 1.000000
vt 0.565337 0.000000
vt 0.566712 1.000000
vt 0.566712 0.000000
vt 0.568088 1.000000
vt 0.568088 0.000000
vt 0.569464 1.000000
vt 0.569464 0.000000
vt 0.570839 1.000000
vt 0.570839 0.000000
vt 0.572215 1.000000
vt 0.572215 0.000000
vt 0.573590 1.000000
vt 0.573590 0.000000
vt 0.574966 1.000000
vt 0.574966 0.000000
vt 0.576341 1.000000
vt 0.576341 0.000000
vt 0.577717 1.000000
vt 0.577717 0.000000
vt 0.579092 1.000000
vt 0.579092 0.000000
vt 0.580468 1.000000
vt 0.580468 0.000000
vt 0.581843 1.000000
vt 0.581843 0.000000
vt 0.583219 1.000000
vt 0.583219 0.000000
vt 0.584594 1.000000
vt 0.584594 0.000000
vt 0.585970 1.000000
vt 0.585970 0.000000
vt 0.587345 1.000000
vt 0.587345 0.000000
vt 0.588721 1.000000
vt 0.588721 0.000000
vt 0.590096 1.000000
vt 0.590096 0.000000
vt 0.591472 1.000000
vt 0.591472 0.000000
vt 0.592847 1.000000
vt 0.592847 0.000000
vt 0.594223 1.000000
vt 0.594223 0.000000
vt 0.595598 1.000000
vt 0.595598 0.000000
vt 0.596974 1.000000
vt 0.596974 0.000000
vt 0.598349 1.000000
vt 0.598349 0.000000
vt 0.599725 1.000000
vt 0.599725 0.000000
vt 0.601100 1.000000
vt 0.601100 0.000000
vt 0.602476 1.000000
vt 0.602476 0.000000
vt 0.603851 1.000000
vt 0.603851 0.000000
vt 0.605227 1.000000
vt 0.605227 0.000000
vt 0.606602 1.000000
vt 0.606602 0.000000
vt 0.607978 1.000000
vt 0.607978 0.000000
vt 0.609353 1.000000
vt 0.609353 0.000000
vt 0.610729 1.000000
vt 0.610729 0.000000
vt 0.612105 1.000000
vt 0.612105 0.000000
vt 0.613480 1.000000
vt 0.613480 0.000000
vt 0.614856 1.000000
vt 0.614856 0.000000
vt 0.616231 1.000000
vt 0.616231 0.000000
vt 0.617607 1.000000
vt 0.617607 0.000000
vt 0.618982 1.000000
vt 0.618982 0.000000
vt 0.620358 1.000000
vt 0.620358 0.000000
vt 0.621733 1.000000
vt 0.621733 0.000000
vt 0.623109 1.000000
vt 0.623109 0.000000
vt 0.624484 1.000000
vt 0.624484 0.000000
vt 0.625860 1.000000
vt 0.625860 0.000000
vt 0.627235 1.000000
vt 0.627235 0.000000
vt 0.628611 1.000000
vt 0.628611 0.000000
vt 0.629986 1.000000
vt 0.629986 0.000000
vt 0.631362 1.000000
vt 0.631362 0.000000
vt 0.632737 1.000000
vt 0.632737 0.000000
vt 0.634113 1.000000
vt 0.634113 0.000000
vt 0.635488 1.000000
vt 0.635488 0.000000
vt 0.636864 1.000000
vt 0.636864 0.000000
vt 0.638239 1.000000
vt 0.638239 0.000000
vt 0.639615 1.000000
vt 0.639615 0.000000
vt 0.640990 1.000000
vt 0.640990 0.000000
vt 0.642366 1.000000
vt 0.642366 0.000000
vt 0.643741 1.000000
vt 0.643741 0.000000
vt 0.645117 1.000000
vt 0.645117 0.000000
vt 0.646492 1.000000
vt 0.646492 0.000000
vt 0.647868 1.000000
vt 0.647868 0.000000
vt 0.649243 1.000000
vt 0.649243 0.000000
vt 0.650619 1.000000
vt 0.650619 0.000000
vt 0.651995 1.000000
vt 0.651995 0.000000
vt 0.653370 1.000000
vt 0.653370 0.000000
vt 0.654746 1.000000
vt 0.654746 0.000000
vt 0.656121 1.000000
vt 0.656121 0.000000
vt 0.657497 1.000000
vt 0.657497 0.000000
vt 0.658872 1.000000
vt 0.658872 0.000000
vt 0.660248 1.000000
vt 0.660248 0.000000
vt 0.661623 1.000000
vt 0.661623 0.000000
vt 0.662999 1.000000
vt 0.662999 0.000000
vt 0.664374 1.000000
vt 0.664374 0.000000
vt 0.665750 1.000000
vt 0.665750 0.000000
vt 0.667125 1.000000
vt 0.667125 0.000000
vt 0.668501 1.000000
vt 0.668501 0.000000
vt 0.669876 1.000000
vt 0.669876 0.000000
vt 0.671252 1.000000
vt 0.671252 0.000000
vt 0.672627 1.000000
vt 0.672627 0.000000
vt 0.674003 1.000000
vt 0.674003 0.000000
vt 0.675378 1.000000
vt 0.675378 0.000000
vt 0.676754 1.000000
vt 0.676754 0.000000
vt 0.678129 1.000000
vt 0.678129 0.000000
vt 0.679505 1.000000
vt 0.679505 0.000000
vt 0.680880 1.000000
vt 0.680880 0.000000
vt 0.682256 1.000000
vt 0.682256 0.000000
vt 0.683631 1.000000
vt 0.683631 0.000000
vt 0.685007 1.000000
vt 0.685007 0.000000
vt 0.686382 1.000000
vt 0.686382 0.000000
vt 0.687758 1.000000
vt 0.687758 0.000000
vt 0.689133 1.000000
vt 0.689133 0.000000
vt 0.690509 1.000000
vt 0.690509 0.000000
vt 0.691884 1.000000
vt 0.691884 0.000000
vt 0.693260 1.000000
vt 0.693260 0.000000
vt 0.694636 1.000000
vt 0.694636 0.000000
vt 0.696011 1.000000
vt 0.696011 0.000000
vt 0.697387 1.000000
vt 0.697387 0.000000
vt 0.698762 1.000000
vt 0.698762 0.000000
vt 0.700138 1.000000
vt 0.700138 0.000000
vt 0.701513 1.000000
vt 0.701513 0.000000
vt 0.702889 1.000000
vt 0.702889 0.000000
vt 0.704264 1.000000
vt 0.704264 0.000000
vt 0.705640 1.000000
vt 0.705640 0.000000
vt 0.707015 1.000000
vt 0.707015 0.000000
vt 0.708391 1.000000
vt 0.708391 0.000000
vt 0.709766 1.000000
vt 0.709766 0.000000
vt 0.711142 1.000000
vt 0.711142 0.000000
vt 0.712517 1.000000
vt 0.712517 0.000000
vt 0.713893 1.000000
vt 0.713893 0.000000
vt 0.715268 1.000000
vt 0.715268 0.000000
vt 0.716644 1.000000
vt 0.716644 0.000000
vt 0.718019 1.000000
vt 0.718019 0.000000
vt 0.719395 1.000000
vt 0.719395 0.000000
vt 0.720770 1.000000
vt 0.720770 0.000000
vt 0.722146 1.000000
vt 0.722146 0.000000
vt 0.723521 1.000000
vt 0.723521 0.000000
vt 0.724897 1.000000
vt 0.724897 0.000000
vt 0.726272 1.000000
vt 0.726272 0.000000
vt 0.727648 1.000000
vt 0.727648 0.000000
vt 0.729023 1.000000
vt 0.729023 0.000000
vt 0.730399 1.000000
vt 0.730399 0.000000
vt 0.731774 1.000000
vt 0.731774 0.000000
vt 0.733150 1.000000
vt 0.733150 0.000000
vt 0.734525 1.000000
vt 0.734525 0.000000
vt 0.735901 1.000000
vt 0.735901 0.000000
vt 0.737276 1.000000
vt 0.737276 0.000000
vt 0.738652 1.000000
vt 0.738652 0.000000
vt 0.740027 1.000000
vt 0.740027 0.000000
vt 0.741403 1.000000
vt 0.741403 0.000000
vt 0.742779 1.000000
vt 0.742779 0.000000
vt 0.744154 1.000000
vt 0.744154 0.000000
vt 0.745530 1.000000
vt 0.745530 0.000000
vt 0.746905 1.000000
vt 0.746905 0.000000
vt 0.748281 1.000000
vt 0.748281 0.000000
vt 0.749656 1.000000
vt 0.749656 0.000000
vt 0.751032 1.000000
vt 0.751032 0.000000
vt 0.752407 1.000000
vt 0.752407 0.000000
vt 0.753783 1.000000
vt 0.753783 0.000000
vt 0.755158 1.000000
vt 0.755158 0.000000
vt 0.756534 1.000000
vt 0.756534 0.000000
vt 0.757909 1.000000
vt 0.757909 0.000000
vt 0.759285 1.000000
vt 0.759285 0.000000
vt 0.760660 1.000000
vt 0.760660 0.000000
vt 0.762036 1.000000
vt 0.762036 0.000000
vt 0.763411 1.000000
vt 0.763411 0.000000
vt 0.764787 1.000000
vt 0.764787 0.000000
vt 0.766162 1.000000
vt 0.766162 0.000000
vt 0.767538 1.000000
vt 0.767538 0.000000
vt 0.768913 1.000000
vt 0.768913 0.000000
vt 0.770289 1.000000
vt 0.770289 0.000000
vt 0.771664 1.000000
vt 0.771664 0.000000
vt 0.773040 1.000000
vt 0.773040 0.000000
vt 0.774415 1.000000
vt 0.774415 0.000000
vt 0.775791 1.000000
vt 0.775791 0.000000
vt 0.777166 1.000000
vt 0.777166 0.000000
vt 0.778542 1.000000
vt 0.778542 0.000000
vt 0.779917 1.000000
vt 0.779917 0.000000
vt 0.781293 1.000000
vt 0.781293 0.000000
vt 0.782668 1.000000
vt 0.782668 0.000000
vt 0.784044 1.000000
vt 0.784044 0.000000
vt 0.785420 1.000000
vt 0.785420 0.000000
vt 0.786795 1.000000
vt 0.786795 0.000000
vt 0.788171 1.000000
vt 0.788171 0.000000
vt 0.789546 1.000000
vt 0.789546 0.000000
vt 0.790922 1.000000
vt 0.790922 0.000000
vt 0.792297 1.000000
vt 0.792297 0.000000
vt 0.793673 1.000000
vt 0.793673 0.000000
vt 0.795048 1.000000
vt 0.795048 0.000000
vt 0.796424 1.000000
vt 0.796424 0.000000
vt 0.797799 1.000000
vt 0.797799 0.000000
vt 0.799175 1.000000
vt 0.799175 0.000000
vt 0.800550 1.000000
vt 0.800550 0.000000
vt 0.801926 1.000000
vt 0.801926 0.000000
vt 0.803301 1.000000
vt 0.803301 0.000000
vt 0.804677 1.000000
vt 0.804677 0.000000
vt 0.806052 1.000000
vt 0.806052 0.000000
vt 0.807428 1.000000
vt 0.807428 0.000000
vt 0.808803 1.000000
vt 0.808803 0.000000
vt 0.810179 1.000000
vt 0.810179 0.000000
vt 0.811554 1.000000
vt 0.811554 0.000000
vt 0.812930 1.000000
vt 0.812930 0.000000
vt 0.814305 1.000000
vt 0.814305 0.000000
vt 0.815681 1.000000
vt 0.815681 0.000000
vt 0.817056 1.000000
vt 0.817056 0.000000
vt 0.818432 1.000000
vt 0.818432 0.000000
vt 0.819807 1.000000
vt 0.819807 0.000000
vt 0.821183 1.000000
vt 0.821183 0.000000
vt 0.822558 1.000000
vt 0.822558 0.000000
vt 0.823934 1.000000
vt 0.823934 0.000000
vt 0.825310 1.000000
vt 0.825310 0.000000
vt 0.826685 1.000000
vt 0.826685 0.000000
vt 0.828061 1.000000
vt 0.828061 0.000000
vt 0.829436 1.000000
vt 0.829436 0.000000
vt 0.830812 1.000000
vt 0.830812 0.000000
vt 0.832187 1.000000
vt 0.832187 0.000000
vt 0.833563 1.000000
vt 0.833563 0.000000
vt 0.834938 1.000000
vt 0.834938 0.000000
vt 0.836314 1.000000
vt 0.836314 0.000000
vt 0.837689 1.000000
vt 0.837689 0.000000
vt 0.839065 1.000000
vt 0.839065 0.000000
vt 0.840440 1.000000
vt 0.840440 0.000000
vt 0.841816 1.000000
vt 0.841816 0.000000
vt 0.843191 1.000000
vt 0.843191 0.000000
vt 0.844567 1.000000
vt 0.844567 0.000000
vt 0.845942 1.000000
vt 0.845942 0.000000
vt 0.847318 1.000000
vt 0.847318 0.000000
vt 0.848693 1.000000
vt 0.848693 0.000000
vt 0.850069 1.000000
vt 0.850069 0.000000
vt 0.851444 1.000000
vt 0.851444 0.000000
vt 0.852820 1.000000
vt 0.852820 0.000000
vt 0.854195 1.000000
vt 0.854195 0.000000
vt 0.855571 1.000000
vt 0.855571 0.000000
vt 0.856946 1.000000
vt 0.856946 0.000000
vt 0.858322 1.000000
vt 0.858322 0.000000
vt 0.859697 1.000000
vt 0.859697 0.000000
vt 0.861073 1.000000
vt 0.861073 0.000000
vt 0.862448 1.000000
vt 0.862448 0.000000
vt 0.863824 1.000000
vt 0.863824 0.000000
vt 0.865199 1.000000
vt 0.865199 0.000000
vt 0.866575 1.000000
vt 0.866575 0.000000
vt 0.867950 1.000000
vt 0.867950 0.000000
vt 0.869326 1.000000
vt 0.869326 0.000000
vt 0.870701 1.000000
vt 0.870701 0.000000
vt 0.872077 1.000000
vt 0.872077 0.000000
vt 0.873453 1.000000
vt 0.873453 0.000000
vt 0.874828 1.000000
vt 0.874828 0.000000
vt 0.876204 1.000000
vt 0.876204 0.000000
vt 0.877579 1.000000
vt 0.877579 0.000000
vt 0.878955 1.000000
vt 0.878955 0.000000
vt 0.880330 1.000000
vt 0.880330 0.000000
vt 0.881706 1.000000
vt 0.881706 0.000000
vt 0.883081 1.000000
vt 0.883081 0.000000
vt 0.884457 1.000000
vt 0.884457 0.000000
vt 0.885832 1.000000
vt 0.885832 0.000000
vt 0.887208 1.000000
vt 0.887208 0.000000
vt 0.888583 1.000000
vt 0.888583 0.000000
vt 0.889959 1.000000
vt 0.889959 0.000000
vt 0.891334 1.000000
vt 0.891334 0.000000
vt 0.892710 1.000000
vt 0.892710 0.000000
vt 0.894085 1.000000
vt 0.894085 0.000000
vt 0.895461 1.000000
vt 0.895461 0.000000
vt 0.896836 1.000000
vt 0.896836 0.000000
vt 0.898212 1.000000
vt 0.898212 0.000000
vt 0.899587 1.000000
vt 0.899587 0.000000
vt 0.900963 1.000000
vt 0.900963 0.000000
vt 0.902338 1.000000
vt 0.902338 0.000000
vt 0.903714 1.000000
vt 0.903714 0.000000
vt 0.905089 1.000000
vt 0.905089 0.000000
vt 0.906465 1.000000
vt 0.906465 0.000000
vt 0.907840 1.000000
vt 0.907840 0.000000
vt 0.909216 1.000000
vt 0.909216 0.000000
vt 0.910591 1.000000
vt 0.910591 0.000000
vt 0.911967 1.000000
vt 0.911967 0.000000
vt 0.913342 1.000000
vt 0.913342 0.000000
vt 0.914718 1.000000
vt 0.914718 0.000000
vt 0.916094 1.000000
vt 0.916094 0.000000
vt 0.917469 1.000000
vt 0.917469 0.000000
vt 0.918845 1.000000
vt 0.918845 0.000000
vt 0.920220 1.000000
vt 0.920220 0.000000
vt 0.921596 1.000000
vt 0.921596 0.000000
vt 0.922971 1.000000
vt 0.922971 0.000000
vt 0.924347 1.000000
vt 0.924347 0.000000
vt 0.925722 1.000000
vt 0.925722 0.000000
vt 0.927098 1.000000
vt 0.927098 0.000000
vt 0.928473 1.000000
vt 0.928473 0.000000
vt 0.929849 1.000000
vt 0.929849 0.000000
vt 0.931224 1.000000
vt 0.931224 0.000000
vt 0.932600 1.000000
vt 0.932600 0.000000
vt 0.933975 1.000000
vt 0.933975 0.000000
vt 0.935351 1.000000
vt 0.935351 0.000000
vt 0.936726 1.000000
vt 0.936726 0.000000
vt 0.938102 1.000000
vt 0.938102 0.000000
vt 0.939477 1.000000
vt 0.939477 0.000000
vt 0.940853 1.000000
vt 0.940853 0.000000
vt 0.942228 1.000000
vt 0.942228 0.000000
vt 0.943604 1.000000
vt 0.943604 0.000000
vt 0.944979 1.000000
vt 0.944979 0.000000
vt 0.946355 1.000000
vt 0.946355 0.000000
vt 0.947730 1.000000
vt 0.947730 0.000000
vt 0.949106 1.000000
vt 0.949106 0.000000
vt 0.950481 1.000000
vt 0.950481 0.000000
vt 0.951857 1.000000
vt 0.951857 0.000000
vt 0.953232 1.000000
vt 0.953232 0.000000
vt 0.954608 1.000000
vt 0.954608 0.000000
vt 0.955984 1.000000
vt 0.955984 0.000000
vt 0.957359 1.000000
vt 0.957359 0.000000
vt 0.958735 1.000000
vt 0.958735 0.000000
vt 0.960110 1.000000
vt 0.960110 0.000000
vt 0.961486 1.000000
vt 0.961486 0.000000
vt 0.962861 1.000000
vt 0.962861 0.000000
vt 0.964237 1.000000
vt 0.964237 0.000000
vt 0.965612 1.000000
vt 0.965612 0.000000
vt 0.966988 1.000000
vt 0.966988 0.000000
vt 0.968363 1.000000
vt 0.968363 0.000000
vt 0.969739 1.000000
vt 0.969739 0.000000
vt 0.971114 1.000000
vt 0.971114 0.000000
vt 0.972490 1.000000
vt 0.972490 0.000000
vt 0.973865 1.000000
vt 0.973865 0.000000
vt 0.975241 1.000000
vt 0.975241 0.000000
vt 0.976616 1.000000
vt 0.976616 0.000000
vt 0.977992 1.000000
vt 0.977992 0.000000
vt 0.979367 1.000000
vt 0.979367 0.000000
vt 0.980743 1.000000
vt 0.980743 0.000000
vt 0.982118 1.000000
vt 0.982118 0.000000
vt 0.983494 1.000000
vt 0.983494 0.000000
vt 0.984869 1.000000
vt 0.984869 0.000000
vt 0.986245 1.000000
vt 0.986245 0.000000
vt 0.987620 1.000000
vt 0.987620 0.000000
vt 0.988996 1.000000
vt 0.988996 0.000000
vt 0.990371 1.000000
vt 0.990371 0.000000
vt 0.991747 1.000000
vt 0.991747 0.000000
vt 0.993122 1.000000
vt 0.993122 0.000000
vt 0.994498 1.000000
vt 0.994498 0.000000
vt 0.995873 1.000000
vt 0.995873 0.000000
vt 0.997249 1.000000
vt 0.997249 0.000000
vt 0.998625 1.000000
vt 0.998625 0.000000
vt 0.040000 1.000000
vt 0.040000 0.000000
vt 0.080000 1.000000
vt 0.080000 0.000000
vt 0.120000 1.000000
vt 0.120000 0.000000
vt 0.160000 1.000000
vt 0.160000 0.000000
vt 0.200000 1.000000
vt 0.200000 0.000000
vt 0.240000 1.000000
vt 0.240000 0.000000
vt 0.280000 1.000000
vt 0.280000 0.000000
vt 0.320000 1.000000
vt 0.320000 0.000000
vt 0.360000 1.000000
vt 0.360000 0.000000
vt 0.400000 1.000000
vt 0.400000 0.000000
vt 0.440000 1.000000
vt 0.440000 0.000000
vt 0.480000 1.000000
vt 0.480000 0.000000
vt 0.520000 1.000000
vt 0.520000 0.000000
vt 0.560000 1.000000
vt 0.560000 0.000000
vt 0.600000 1.000000
vt 0.600000 0.000000
vt 0.640000 1.000000
vt 0.640000 0.000000
vt 0.680000 1.000000
vt 0.680000 0.000000
vt 0.720000 1.000000
vt 0.720000 0.000000
vt 0.760000 1.000000
vt 0.760000 0.000000
vt 0.800000 1.000000
vt 0.800000 0.000000
vt 0.840000 1.000000
vt 0.840000 0.000000
vt 0.880000 1.000000
vt 0.880000 0.000000
vt 0.920000 1.000000
vt 0.920000 0.000000
vt 0.960000 1.000000
vt 0.960000 0.000000
vt 0.007353 1.000000
vt 0.007353 0.000000
vt 0.014706 1.000000
vt 0.014706 0.000000
vt 0.022059 1.000000
vt 0.022059 0.000000
vt 0.029412 1.000000
vt 0.029412 0.000000
vt 0.036765 1.000000
vt 0.036765 0.000000
vt 0.044118 1.000000
vt 0.044118 0.000000
vt 0.051471 1.000000
vt 0.051471 0.000000
vt 0.058824 1.000000
vt 0.058824 0.000000
vt 0.066176 1.000000
vt 0.066176 0.000000
vt 0.073529 1.000000
vt 0.073529 0.000000
vt 0.080882 1.000000
vt 0.080882 0.000000
vt 0.088235 1.000000
vt 0.088235 0.000000
vt 0.095588 1.000000
vt 0.095588 0.000000
vt 0.102941 1.000000
vt 0.102941 0.000000
vt 0.110294 1.000000
vt 0.110294 0.000000
vt 0.117647 1.000000
vt 0.117647 0.000000
vt 0.132353 1.000000
vt 0.132353 0.000000
vt 0.139706 1.000000
vt 0.139706 0.000000
vt 0.147059 1.000000
vt 0.147059 0.000000
vt 0.154412 1.000000
vt 0.154412 0.000000
vt 0.161765 1.000000
vt 0.161765 0.000000
vt 0.169118 1.000000
vt 0.169118 0.000000
vt 0.176471 1.000000
vt 0.176471 0.000000
vt 0.183824 1.000000
vt 0.183824 0.000000
vt 0.191176 1.000000
vt 0.191176 0.000000
vt 0.198529 1.000000
vt 0.198529 0.000000
vt 0.205882 1.000000
vt 0.205882 0.000000
vt 0.213235 1.000000
vt 0.213235 0.000000
vt 0.220588 1.000000
vt 0.220588 0.000000
vt 0.227941 1.000000
vt 0.227941 0.000000
vt 0.235294 1.000000
vt 0.235294 0.000000
vt 0.242647 1.000000
vt 0.242647 0.000000
vt 0.257353 1.000000
vt 0.257353 0.000000
vt 0.264706 1.000000
vt 0.264706 0.000000
vt 0.272059 1.000000
vt 0.272059 0.000000
vt 0.279412 1.000000
vt 0.279412 0.000000
vt 0.286765 1.000000
vt 0.286765 0.000000
vt 0.294118 1.000000
vt 0.294118 0.000000
vt 0.301471 1.000000
vt 0.301471 0.000000
vt 0.308824 1.000000
vt 0.308824 0.000000
vt 0.316176 1.000000
vt 0.316176 0.000000
vt 0.323529 1.000000
vt 0.323529 0.000000
vt 0.330882 1.000000
vt 0.330882 0.000000
vt 0.338235 1.000000
vt 0.338235 0.000000
vt 0.345588 1.000000
vt 0.345588 0.000000
vt 0.352941 1.000000
vt 0.352941 0.000000
vt 0.360294 1.000000
vt 0.360294 0.000000
vt 0.367647 1.000000
vt 0.367647 0.000000
vt 0.382353 1.000000
vt 0.382353 0.000000
vt 0.389706 1.000000
vt 0.389706 0.000000
vt 0.397059 1.000000
vt 0.397059 0.000000
vt 0.404412 1.000000
vt 0.404412 0.000000
vt 0.411765 1.000000
vt 0.411765 0.000000
vt 0.419118 1.000000
vt 0.419118 0.000000
vt 0.426471 1.000000
vt 0.426471 0.000000
vt 0.433824 1.000000
vt 0.433824 0.000000
vt 0.441176 1.000000
vt 0.441176 0.000000
vt 0.448529 1.000000
vt 0.448529 0.000000
vt 0.455882 1.000000
vt 0.455882 0.000000
vt 0.463235 1.000000
vt 0.463235 0.000000
vt 0.470588 1.000000
vt 0.470588 0.000000
vt 0.477941 1.000000
vt 0.477941 0.000000
vt 0.485294 1.000000
vt 0.485294 0.000000
vt 0.492647 1.000000
vt 0.492647 0.000000
vt 0.507353 1.000000
vt 0.507353 0.000000
vt 0.514706 1.000000
vt 0.514706 0.000000
vt 0.522059 1.000000
vt 0.522059 0.000000
vt 0.529412 1.000000
vt 0.529412 0.000000
vt 0.536765 1.000000
vt 0.536765 0.000000
vt 0.544118 1.000000
vt 0.544118 0.000000
vt 0.551471 1.000000
vt 0.551471 0.000000
vt 0.558824 1.000000
vt 0.558824 0.000000
vt 0.566176 1.000000
vt 0.566176 0.000000
vt 0.573529 1.000000
vt 0.573529 0.000000
vt 0.580882 1.000000
vt 0.580882 0.000000
vt 0.588235 1.000000
vt 0.588235 0.000000
vt 0.595588 1.000000
vt 0.595588 0.000000
vt 0.602941 1.000000
vt 0.602941 0.000000
vt 0.610294 1.000000
vt 0.610294 0.000000
vt 0.617647 1.000000
vt 0.617647 0.000000
vt 0.632353 1.000000
vt 0.632353 0.000000
vt 0.639706 1.000000
vt 0.639706 0.000000
vt 0.647059 1.000000
vt 0.647059 0.000000
vt 0.654412 1.000000
vt 0.654412 0.000000
vt 0.661765 1.000000
vt 0.661765 0.000000
vt 0.669118 1.000000
vt 0.669118 0.000000
vt 0.676471 1.000000
vt 0.676471 0.000000
vt 0.683824 1.000000
vt 0.683824 0.000000
vt 0.691176 1.000000
vt 0.691176 0.000000
vt 0.698529 1.000000
vt 0.698529 0.000000
vt 0.705882 1.000000
vt 0.705882 0.000000
vt 0.713235 1.000000
vt 0.713235 0.000000
vt 0.720588 1.000000
vt 0.720588 0.000000
vt 0.727941 1.000000
vt 0.727941 0.000000
vt 0.735294 1.000000
vt 0.735294 0.000000
vt 0.742647 1.000000
vt 0.742647 0.000000
vt 0.757353 1.000000
vt 0.757353 0.000000
vt 0.764706 1.000000
vt 0.764706 0.000000
vt 0.772059 1.000000
vt 0.772059 0.000000
vt 0.779412 1.000000
vt 0.779412 0.000000
vt 0.786765 1.000000
vt 0.786765 0.000000
vt 0.794118 1.000000
vt 0.794118 0.000000
vt 0.801471 1.000000
vt 0.801471 0.000000
vt 0.808824 1.000000
vt 0.808824 0.000000
vt 0.816176 1.000000
vt 0.816176 0.000000
vt 0.823529 1.000000
vt 0.823529 0.000000
vt 0.830882 1.000000
vt 0.830882 0.000000
vt 0.838235 1.000000
vt 0.838235 0.000000
vt 0.845588 1.000000
vt 0.845588 0.000000
vt 0.852941 1.000000
vt 0.852941 0.000000
vt 0.860294 1.000000
vt 0.860294 0.000000
vt 0.867647 1.000000
vt 0.867647 0.000000
vt 0.882353 1.000000
vt 0.882353 0.000000
vt 0.889706 1.000000
vt 0.889706 0.000000
vt 0.897059 1.000000
vt 0.897059 0.000000
vt 0.904412 1.000000
vt 0.904412 0.000000
vt 0.911765 1.000000
vt 0.911765 0.000000
vt 0.919118 1.000000
vt 0.919118 0.000000
vt 0.926471 1.000000
vt 0.926471 0.000000
vt 0.933824 1.000000
vt 0.933824 0.000000
vt 0.941176 1.000000
vt 0.941176 0.000000
vt 0.948529 1.000000
vt 0.948529 0.000000
vt 0.955882 1.000000
vt 0.955882 0.000000
vt 0.963235 1.000000
vt 0.963235 0.000000
vt 0.970588 1.000000
vt 0.970588 0.000000
vt 0.977941 1.000000
vt 0.977941 0.000000
vt 0.985294 1.000000
vt 0.985294 0.000000
vt 0.992647 1.000000
vt 0.992647 0.000000
vt 0.002132 1.000000
vt 0.002132 0.000000
vt 0.004264 1.000000
vt 0.004264 0.000000
vt 0.006397 1.000000
vt 0.006397 0.000000
vt 0.008529 1.000000
vt 0.008529 0.000000
vt 0.010661 1.000000
vt 0.010661 0.000000
vt 0.012793 1.000000
vt 0.012793 0.000000
vt 0.014925 1.000000
vt 0.014925 0.000000
vt 0.017058 1.000000
vt 0.017058 0.000000
vt 0.019190 1.000000
vt 0.019190 0.000000
vt 0.021322 1.000000
vt 0.021322 0.000000
vt 0.023454 1.000000
vt 0.023454 0.000000
vt 0.025586 1.000000
vt 0.025586 0.000000
vt 0.027719 1.000000
vt 0.027719 0.000000
vt 0.029851 1.000000
vt 0.029851 0.000000
vt 0.031983 1.000000
vt 0.031983 0.000000
vt 0.034115 1.000000
vt 0.034115 0.000000
vt 0.036247 1.000000
vt 0.036247 0.000000
vt 0.038380 1.000000
vt 0.038380 0.000000
vt 0.040512 1.000000
vt 0.040512 0.000000
vt 0.042644 1.000000
vt 0.042644 0.000000
vt 0.044776 1.000000
vt 0.044776 0.000000
vt 0.046908 1.000000
vt 0.046908 0.000000
vt 0.049041 1.000000
vt 0.049041 0.000000
vt 0.051173 1.000000
vt 0.051173 0.000000
vt 0.053305 1.000000
vt 0.053305 0.000000
vt 0.055437 1.000000
vt 0.055437 0.000000
vt 0.057569 1.000000
vt 0.057569 0.000000
vt 0.059701 1.000000
vt 0.059701 0.000000
vt 0.061834 1.000000
vt 0.061834 0.000000
vt 0.063966 1.000000
vt 0.063966 0.000000
vt 0.066098 1.000000
vt 0.066098 0.000000
vt 0.068230 1.000000
vt 0.068230 0.000000
vt 0.070362 1.000000
vt 0.070362 0.000000
vt 0.072495 1.000000
vt 0.072495 0.000000
vt 0.074627 1.000000
vt 0.074627 0.000000
vt 0.076759 1.000000
vt 0.076759 0.000000
vt 0.078891 1.000000
vt 0.078891 0.000000
vt 0.081023 1.000000
vt 0.081023 0.000000
vt 0.083156 1.000000
vt 0.083156 0.000000
vt 0.085288 1.000000
vt 0.085288 0.000000
vt 0.087420 1.000000
vt 0.087420 0.000000
vt 0.089552 1.000000
vt 0.089552 0.000000
vt 0.091684 1.000000
vt 0.091684 0.000000
vt 0.093817 1.000000
vt 0.093817 0.000000
vt 0.095949 1.000000
vt 0.095949 0.000000
vt 0.098081 1.000000
vt 0.098081 0.000000
vt 0.100213 1.000000
vt 0.100213 0.000000
vt 0.102345 1.000000
vt 0.102345 0.000000
vt 0.104478 1.000000
vt 0.104478 0.000000
vt 0.106610 1.000000
vt 0.106610 0.000000
vt 0.108742 1.000000
vt 0.108742 0.000000
vt 0.110874 1.000000
vt 0.110874 0.000000
vt 0.113006 1.000000
vt 0.113006 0.000000
vt 0.115139 1.000000
vt 0.115139 0.000000
vt 0.117271 1.000000
vt 0.117271 0.000000
vt 0.119403 1.000000
vt 0.119403 0.000000
vt 0.121535 1.000000
vt 0.121535 0.000000
vt 0.123667 1.000000
vt 0.123667 0.000000
vt 0.125800 1.000000
vt 0.125800 0.000000
vt 0.127932 1.000000
vt 0.127932 0.000000
vt 0.130064 1.000000
vt 0.130064 0.000000
vt 0.132196 1.000000
vt 0.132196 0.000000
vt 0.134328 1.000000
vt 0.134328 0.000000
vt 0.136461 1.000000
vt 0.136461 0.000000
vt 0.138593 1.000000
vt 0.138593 0.000000
vt 0.140725 1.000000
vt 0.140725 0.000000
vt 0.142857 1.000000
vt 0.142857 0.000000
vt 0.144989 1.000000
vt 0.144989 0.000000
vt 0.147122 1.000000
vt 0.147122 0.000000
vt 0.149254 1.000000
vt 0.149254 0.000000
vt 0.151386 1.000000
vt 0.151386 0.000000
vt 0.153518 1.000000
vt 0.153518 0.000000
vt 0.155650 1.000000
vt 0.155650 0.000000
vt 0.157783 1.000000
vt 0.157783 0.000000
vt 0.159915 1.000000
vt 0.159915 0.000000
vt 0.162047 1.000000
vt 0.162047 0.000000
vt 0.164179 1.000000
vt 0.164179 0.000000
vt 0.166311 1.000000
vt 0.166311 0.000000
vt 0.168444 1.000000
vt 0.168444 0.000000
vt 0.170576 1.000000
vt 0.170576 0.000000
vt 0.172708 1.000000
vt 0.172708 0.000000
vt 0.174840 1.000000
vt 0.174840 0.000000
vt 0.176972 1.000000
vt 0.176972 0.000000
vt 0.179104 1.000000
vt 0.179104 0.000000
vt 0.181237 1.000000
vt 0.181237 0.000000
vt 0.183369 1.000000
vt 0.183369 0.000000
vt 0.185501 1.000000
vt 0.185501 0.000000
vt 0.187633 1.000000
vt 0.187633 0.000000
vt 0.189765 1.000000
vt 0.189765 0.000000
vt 0.191898 1.000000
vt 0.191898 0.000000
vt 0.194030 1.000000
vt 0.194030 0.000000
vt 0.196162 1.000000
vt 0.196162 0.000000
vt 0.198294 1.000000
vt 0.198294 0.000000
vt 0.200426 1.000000
vt 0.200426 0.000000
vt 0.202559 1.000000
vt 0.202559 0.000000
vt 0.204691 1.000000
vt 0.204691 0.000000
vt 0.206823 1.000000
vt 0.206823 0.000000
vt 0.208955 1.000000
vt 0.208955 0.000000
vt 0.211087 1.000000
vt 0.211087 0.000000
vt 0.213220 1.000000
vt 0.213220 0.000000
vt 0.215352 1.000000
vt 0.215352 0.000000
vt 0.217484 1.000000
vt 0.217484 0.000000
vt 0.219616 1.000000
vt 0.219616 0.000000
vt 0.221748 1.000000
vt 0.221748 0.000000
vt 0.223881 1.000000
vt 0.223881 0.000000
vt 0.226013 1.000000
vt 0.226013 0.000000
vt 0.228145 1.000000
vt 0.228145 0.000000
vt 0.230277 1.000000
vt 0.230277 0.000000
vt 0.232409 1.000000
vt 0.232409 0.000000
vt 0.234542 1.000000
vt 0.234542 0.000000
vt 0.236674 1.000000
vt 0.236674 0.000000
vt 0.238806 1.000000
vt 0.238806 0.000000
vt 0.240938 1.000000
vt 0.240938 0.000000
vt 0.243070 1.000000
vt 0.243070 0.000000
vt 0.245203 1.000000
vt 0.245203 0.000000
vt 0.247335 1.000000
vt 0.247335 0.000000
vt 0.249467 1.000000
vt 0.249467 0.000000
vt 0.251599 1.000000
vt 0.251599 0.000000
vt 0.253731 1.000000
vt 0.253731 0.000000
vt 0.255864 1.000000
vt 0.255864 0.000000
vt 0.257996 1.000000
vt 0.257996 0.000000
vt 0.260128 1.000000
vt 0.260128 0.000000
vt 0.262260 1.000000
vt 0.262260 0.000000
vt 0.264392 1.000000
vt 0.264392 0.000000
vt 0.266525 1.000000
vt 0.266525 0.000000
vt 0.268657 1.000000
vt 0.268657 0.000000
vt 0.270789 1.000000
vt 0.270789 0.000000
vt 0.272921 1.000000
vt 0.272921 0.000000
vt 0.275053 1.000000
vt 0.275053 0.000000
vt 0.277185 1.000000
vt 0.277185 0.000000
vt 0.279318 1.000000
vt 0.279318 0.000000
vt 0.281450 1.000000
vt 0.281450 0.000000
vt 0.283582 1.000000
vt 0.283582 0.000000
vt 0.285714 1.000000
vt 0.285714 0.000000
vt 0.287846 1.000000
vt 0.287846 0.000000
vt 0.289979 1.000000
vt 0.289979 0.000000
vt 0.292111 1.000000
vt 0.292111 0.000000
vt 0.294243 1.000000
vt 0.294243 0.000000
vt 0.296375 1.000000
vt 0.296375 0.000000
vt 0.298507 1.000000
vt 0.298507 0.000000
vt 0.300640 1.000000
vt 0.300640 0.000000
vt 0.302772 1.000000
vt 0.302772 0.000000
vt 0.304904 1.000000
vt 0.304904 0.000000
vt 0.307036 1.000000
vt 0.307036 0.000000
vt 0.309168 1.000000
vt 0.309168 0.000000
vt 0.311301 1.000000
vt 0.311301 0.000000
vt 0.313433 1.000000
vt 0.313433 0.000000
vt 0.315565 1.000000
vt 0.315565 0.000000
vt 0.317697 1.000000
vt 0.317697 0.000000
vt 0.319829 1.000000
vt 0.319829 0.000000
vt 0.321962 1.000000
vt 0.321962 0.000000
vt 0.324094 1.000000
vt 0.324094 0.000000
vt 0.326226 1.000000
vt 0.326226 0.000000
vt 0.328358 1.000000
vt 0.328358 0.000000
vt 0.330490 1.000000
vt 0.330490 0.000000
vt 0.332623 1.000000
vt 0.332623 0.000000
vt 0.334755 1.000000
vt 0.334755 0.000000
vt 0.336887 1.000000
vt 0.336887 0.000000
vt 0.339019 1.000000
vt 0.339019 0.000000
vt 0.341151 1.000000
vt 0.341151 0.000000
vt 0.343284 1.000000
vt 0.343284 0.000000
vt 0.345416 1.000000
vt 0.345416 0.000000
vt 0.347548 1.000000
vt 0.347548 0.000000
vt 0.349680 1.000000
vt 0.349680 0.000000
vt 0.351812 1.000000
vt 0.351812 0.000000
vt 0.353945 1.000000
vt 0.353945 0.000000
vt 0.356077 1.000000
vt 0.356077 0.000000
vt 0.358209 1.000000
vt 0.358209 0.000000
vt 0.360341 1.000000
vt 0.360341 0.000000
vt 0.362473 1.000000
vt 0.362473 0.000000
vt 0.364606 1.000000
vt 0.364606 0.000000
vt 0.366738 1.000000
vt 0.366738 0.000000
vt 0.368870 1.000000
vt 0.368870 0.000000
vt 0.371002 1.000000
vt 0.371002 0.000000
vt 0.373134 1.000000
vt 0.373134 0.000000
vt 0.375267 1.000000
vt 0.375267 0.000000
vt 0.377399 1.000000
vt 0.377399 0.000000
vt 0.379531 1.000000
vt 0.379531 0.000000
vt 0.381663 1.000000
vt 0.381663 0.000000
vt 0.383795 1.000000
vt 0.383795 0.000000
vt 0.385927 1.000000
vt 0.385927 0.000000
vt 0.388060 1.000000
vt 0.388060 0.000000
vt 0.390192 1.000000
vt 0.390192 0.000000
vt 0.392324 1.000000
vt 0.392324 0.000000
vt 0.394456 1.000000
vt 0.394456 0.000000
vt 0.396588 1.000000
vt 0.396588 0.000000
vt 0.398721 1.000000
vt 0.398721 0.000000
vt 0.400853 1.000000
vt 0.400853 0.000000
vt 0.402985 1.000000
vt 0.402985 0.000000
vt 0.405117 1.000000
vt 0.405117 0.000000
vt 0.407249 1.000000
vt 0.407249 0.000000
vt 0.409382 1.000000
vt 0.409382 0.000000
vt 0.411514 1.000000
vt 0.411514 0.000000
vt 0.413646 1.000000
vt 0.413646 0.000000
vt 0.415778 1.000000
vt 0.415778 0.000000
vt 0.417910 1.000000
vt 0.417910 0.000000
vt 0.420043 1.000000
vt 0.420043 0.000000
vt 0.422175 1.000000
vt 0.422175 0.000000
vt 0.424307 1.000000
vt 0.424307 0.000000
vt 0.426439 1.000000
vt 0.426439 0.000000
vt 0.428571 1.000000
vt 0.428571 0.000000
vt 0.430704 1.000000
vt 0.430704 0.000000
vt 0.432836 1.000000
vt 0.432836 0.000000
vt 0.434968 1.000000
vt 0.434968 0.000000
vt 0.437100 1.000000
vt 0.437100 0.000000
vt 0.439232 1.000000
vt 0.439232 0.000000
vt 0.441365 1.000000
vt 0.441365 0.000000
vt 0.443497 1.000000
vt 0.443497 0.000000
vt 0.445629 1.000000
vt 0.445629 0.000000
vt 0.447761 1.000000
vt 0.447761 0.000000
vt 0.449893 1.000000
vt 0.449893 0.000000
vt 0.452026 1.000000
vt 0.452026 0.000000
vt 0.454158 1.000000
vt 0.454158 0.000000
vt 0.456290 1.000000
vt 0.456290 0.000000
vt 0.458422 1.000000
vt 0.458422 0.000000
vt 0.460554 1.000000
vt 0.460554 0.000000
vt 0.462687 1.000000
vt 0.462687 0.000000
vt 0.464819 1.000000
vt 0.464819 0.000000
vt 0.466951 1.000000
vt 0.466951 0.000000
vt 0.469083 1.000000
vt 0.469083 0.000000
vt 0.471215 1.000000
vt 0.471215 0.000000
vt 0.473348 1.000000
vt 0.473348 0.000000
vt 0.475480 1.000000
vt 0.475480 0.000000
vt 0.477612 1.000000
vt 0.477612 0.000000
vt 0.479744 1.000000
vt 0.479744 0.000000
vt 0.481876 1.000000
vt 0.481876 0.000000
vt 0.484009 1.000000
vt 0.484009 0.000000
vt 0.486141 1.000000
vt 0.486141 0.000000
vt 0.488273 1.000000
vt 0.488273 0.000000
vt 0.490405 1.000000
vt 0.490405 0.000000
vt 0.492537 1.000000
vt 0.492537 0.000000
vt 0.494669 1.000000
vt 0.494669 0.000000
vt 0.496802 1.000000
vt 0.496802 0.000000
vt 0.498934 1.000000
vt 0.498934 0.000000
vt 0.501066 1.000000
vt 0.501066 0.000000
vt 0.503198 1.000000
vt 0.503198 0.000000
vt 0.505331 1.000000
vt 0.505331 0.000000
vt 0.507463 1.000000
vt 0.507463 0.000000
vt 0.509595 1.000000
vt 0.509595 0.000000
vt 0.511727 1.000000
vt 0.511727 0.000000
vt 0.513859 1.000000
vt 0.513859 0.000000
vt 0.515991 1.000000
vt 0.515991 0.000000
vt 0.518124 1.000000
vt 0.518124 0.000000
vt 0.520256 1.000000
vt 0.520256 0.000000
vt 0.522388 1.000000
vt 0.522388 0.000000
vt 0.524520 1.000000
vt 0.524520 0.000000
vt 0.526652 1.000000
vt 0.526652 0.000000
vt 0.528785 1.000000
vt 0.528785 0.000000
vt 0.530917 1.000000
vt 0.530917 0.000000
vt 0.533049 1.000000
vt 0.533049 0.000000
vt 0.535181 1.000000
vt 0.535181 0.000000
vt 0.537313 1.000000
vt 0.537313 0.000000
vt 0.539446 1.000000
vt 0.539446 0.000000
vt 0.541578 1.000000
vt 0.541578 0.000000
vt 0.543710 1.000000
vt 0.543710 0.000000
vt 0.545842 1.000000
vt 0.545842 0.000000
vt 0.547974 1.000000
vt 0.547974 0.000000
vt 0.550107 1.000000
vt 0.550107 0.000000
vt 0.552239 1.000000
vt 0.552239 0.000000
vt 0.554371 1.000000
vt 0.554371 0.000000
vt 0.556503 1.000000
vt 0.556503 0.000000
vt 0.558635 1.000000
vt 0.558635 0.000000
vt 0.560768 1.000000
vt 0.560768 0.000000
vt 0.562900 1.000000
vt 0.562900 0.000000
vt 0.565032 1.000000
vt 0.565032 0.000000
vt 0.567164 1.000000
vt 0.567164 0.000000
vt 0.569296 1.000000
vt 0.569296 0.000000
vt 0.571429 1.000000
vt 0.571429 0.000000
vt 0.573561 1.000000
vt 0.573561 0.000000
vt 0.575693 1.000000
vt 0.575693 0.000000
vt 0.577825 1.000000
vt 0.577825 0.000000
vt 0.579957 1.000000
vt 0.579957 0.000000
vt 0.582090 1.000000
vt 0.582090 0.000000
vt 0.584222 1.000000
vt 0.584222 0.000000
vt 0.586354 1.000000
vt 0.586354 0.000000
vt 0.588486 1.000000
vt 0.588486 0.000000
vt 0.590618 1.000000
vt 0.590618 0.000000
vt 0.592751 1.000000
vt 0.592751 0.000000
vt 0.594883 1.000000
vt 0.594883 0.000000
vt 0.597015 1.000000
vt 0.597015 0.000000
vt 0.599147 1.000000
vt 0.599147 0.000000
vt 0.601279 1.000000
vt 0.601279 0.000000
vt 0.603411 1.000000
vt 0.603411 0.000000
vt 0.605544 1.000000
vt 0.605544 0.000000
vt 0.607676 1.000000
vt 0.607676 0.000000
vt 0.609808 1.000000
vt 0.609808 0.000000
vt 0.611940 1.000000
vt 0.611940 0.000000
vt 0.614073 1.000000
vt 0.614073 0.000000
vt 0.616205 1.000000
vt 0.616205 0.000000
vt 0.618337 1.000000
vt 0.618337 0.000000
vt 0.620469 1.000000
vt 0.620469 0.000000
vt 0.622601 1.000000
vt 0.622601 0.000000
vt 0.624733 1.000000
vt 0.624733 0.000000
vt 0.626866 1.000000
vt 0.626866 0.000000
vt 0.628998 1.000000
vt 0.628998 0.000000
vt 0.631130 1.000000
vt 0.631130 0.000000
vt 0.633262 1.000000
vt 0.633262 0.000000
vt 0.635394 1.000000
vt 0.635394 0.000000
vt 0.637527 1.000000
vt 0.637527 0.000000
vt 0.639659 1.000000
vt 0.639659 0.000000
vt 0.641791 1.000000
vt 0.641791 0.000000
vt 0.643923 1.000000
vt 0.643923 0.000000
vt 0.646055 1.000000
vt 0.646055 0.000000
vt 0.648188 1.000000
vt 0.648188 0.000000
vt 0.650320 1.000000
vt 0.650320 0.000000
vt 0.652452 1.000000
vt 0.652452 0.000000
vt 0.654584 1.000000
vt 0.654584 0.000000
vt 0.656716 1.000000
vt 0.656716 0.000000
vt 0.658849 1.000000
vt 0.658849 0.000000
vt 0.660981 1.000000
vt 0.660981 0.000000
vt 0.663113 1.000000
vt 0.663113 0.000000
vt 0.665245 1.000000
vt 0.665245 0.000000
vt 0.667377 1.000000
vt 0.667377 0.000000
vt 0.669510 1.000000
vt 0.669510 0.000000
vt 0.671642 1.000000
vt 0.671642 0.000000
vt 0.673774 1.000000
vt 0.673774 0.000000
vt 0.675906 1.000000
vt 0.675906 0.000000
vt 0.678038 1.000000
vt 0.678038 0.000000
vt 0.680171 1.000000
vt 0.680171 0.000000
vt 0.682303 1.000000
vt 0.682303 0.000000
vt 0.684435 1.000000
vt 0.684435 0.000000
vt 0.686567 1.000000
vt 0.686567 0.000000
vt 0.688699 1.000000
vt 0.688699 0.000000
vt 0.690832 1.000000
vt 0.690832 0.000000
vt 0.692964 1.000000
vt 0.692964 0.000000
vt 0.695096 1.000000
vt 0.695096 0.000000
vt 0.697228 1.000000
vt 0.697228 0.000000
vt 0.699360 1.000000
vt 0.699360 0.000000
vt 0.701493 1.000000
vt 0.701493 0.000000
vt 0.703625 1.000000
vt 0.703625 0.000000
vt 0.705757 1.000000
vt 0.705757 0.000000
vt 0.707889 1.000000
vt 0.707889 0.000000
vt 0.710021 1.000000
vt 0.710021 0.000000
vt 0.712153 1.000000
vt 0.712153 0.000000
vt 0.714286 1.000000
vt 0.714286 0.000000
vt 0.716418 1.000000
vt 0.716418 0.000000
vt 0.718550 1.000000
vt 0.718550 0.000000
vt 0.720682 1.000000
vt 0.720682 0.000000
vt 0.722815 1.000000
vt 0.722815 0.000000
vt 0.724947 1.000000
vt 0.724947 0.000000
vt 0.727079 1.000000
vt 0.727079 0.000000
vt 0.729211 1.000000
vt 0.729211 0.000000
vt 0.731343 1.000000
vt 0.731343 0.000000
vt 0.733476 1.000000
vt 0.733476 0.000000
vt 0.735608 1.000000
vt 0.735608 0.000000
vt 0.737740 1.000000
vt 0.737740 0.000000
vt 0.739872 1.000000
vt 0.739872 0.000000
vt 0.742004 1.000000
vt 0.742004 0.000000
vt 0.744136 1.000000
vt 0.744136 0.000000
vt 0.746269 1.000000
vt 0.746269 0.000000
vt 0.748401 1.000000
vt 0.748401 0.000000
vt 0.750533 1.000000
vt 0.750533 0.000000
vt 0.752665 1.000000
vt 0.752665 0.000000
vt 0.754797 1.000000
vt 0.754797 0.000000
vt 0.756930 1.000000
vt 0.756930 0.000000
vt 0.759062 1.000000
vt 0.759062 0.000000
vt 0.761194 1.000000
vt 0.761194 0.000000
vt 0.763326 1.000000
vt 0.763326 0.000000
vt 0.765458 1.000000
vt 0.765458 0.000000
vt 0.767591 1.000000
vt 0.767591 0.000000
vt 0.769723 1.000000
vt 0.769723 0.000000
vt 0.771855 1.000000
vt 0.771855 0.000000
vt 0.773987 1.000000
vt 0.773987 0.000000
vt 0.776119 1.000000
vt 0.776119 0.000000
vt 0.778252 1.000000
vt 0.778252 0.000000
vt 0.780384 1.000000
vt 0.780384 0.000000
vt 0.782516 1.000000
vt 0.782516 0.000000
vt 0.784648 1.000000
vt 0.784648 0.000000
vt 0.786780 1.000000
vt 0.786780 0.000000
vt 0.788913 1.000000
vt 0.788913 0.000000
vt 0.791045 1.000000
vt 0.791045 0.000000
vt 0.793177 1.000000
vt 0.793177 0.000000
vt 0.795309 1.000000
vt 0.795309 0.000000
vt 0.797441 1.000000
vt 0.797441 0.000000
vt 0.799574 1.000000
vt 0.799574 0.000000
vt 0.801706 1.000000
vt 0.801706 0.000000
vt 0.803838 1.000000
vt 0.803838 0.000000
vt 0.805970 1.000000
vt 0.805970 0.000000
vt 0.808102 1.000000
vt 0.808102 0.000000
vt 0.810235 1.000000
vt 0.810235 0.000000
vt 0.812367 1.000000
vt 0.812367 0.000000
vt 0.814499 1.000000
vt 0.814499 0.000000
vt 0.816631 1.000000
vt 0.816631 0.000000
vt 0.818763 1.000000
vt 0.818763 0.000000
vt 0.820895 1.000000
vt 0.820895 0.000000
vt 0.823028 1.000000
vt 0.823028 0.000000
vt 0.825160 1.000000
vt 0.825160 0.000000
vt 0.827292 1.000000
vt 0.827292 0.000000
vt 0.829424 1.000000
vt 0.829424 0.000000
vt 0.831556 1.000000
vt 0.831556 0.000000
vt 0.833689 1.000000
vt 0.833689 0.000000
vt 0.835821 1.000000
vt 0.835821 0.000000
vt 0.837953 1.000000
vt 0.837953 0.000000
vt 0.840085 1.000000
vt 0.840085 0.000000
vt 0.842218 1.000000
vt 0.842218 0.000000
vt 0.844350 1.000000
vt 0.844350 0.000000
vt 0.846482 1.000000
vt 0.846482 0.000000
vt 0.848614 1.000000
vt 0.848614 0.000000
vt 0.850746 1.000000
vt 0.850746 0.000000
vt 0.852878 1.000000
vt 0.852878 0.000000
vt 0.855011 1.000000
vt 0.855011 0.000000
vt 0.857143 1.000000
vt 0.857143 0.000000
vt 0.859275 1.000000
vt 0.859275 0.000000
vt 0.861407 1.000000
vt 0.861407 0.000000
vt 0.863539 1.000000
vt 0.863539 0.000000
vt 0.865672 1.000000
vt 0.865672 0.000000
vt 0.867804 1.000000
vt 0.867804 0.000000
vt 0.869936 1.000000
vt 0.869936 0.000000
vt 0.872068 1.000000
vt 0.872068 0.000000
vt 0.874200 1.000000
vt 0.874200 0.000000
vt 0.876333 1.000000
vt 0.876333 0.000000
vt 0.878465 1.000000
vt 0.878465 0.000000
vt 0.880597 1.000000
vt 0.880597 0.000000
vt 0.882729 1.000000
vt 0.882729 0.000000
vt 0.884861 1.000000
vt 0.884861 0.000000
vt 0.886994 1.000000
vt 0.886994 0.000000
vt 0.889126 1.000000
vt 0.889126 0.000000
vt 0.891258 1.000000
vt 0.891258 0.000000
vt 0.893390 1.000000
vt 0.893390 0.000000
vt 0.895522 1.000000
vt 0.895522 0.000000
vt 0.897655 1.000000
vt 0.897655 0.000000
vt 0.899787 1.000000
vt 0.899787 0.000000
vt 0.901919 1.000000
vt 0.901919 0.000000
vt 0.904051 1.000000
vt 0.904051 0.000000
vt 0.906183 1.000000
vt 0.906183 0.000000
vt 0.908316 1.000000
vt 0.908316 0.000000
vt 0.910448 1.000000
vt 0.910448 0.000000
vt 0.912580 1.000000
vt 0.912580 0.000000
vt 0.914712 1.000000
vt 0.914712 0.000000
vt 0.916844 1.000000
vt 0.916844 0.000000
vt 0.918977 1.000000
vt 0.918977 0.000000
vt 0.921109 1.000000
vt 0.921109 0.000000
vt 0.923241 1.000000
vt 0.923241 0.000000
vt 0.925373 1.000000
vt 0.925373 0.000000
vt 0.927505 1.000000
vt 0.927505 0.000000
vt 0.929638 1.000000
vt 0.929638 0.000000
vt 0.931770 1.000000
vt 0.931770 0.000000
vt 0.933902 1.000000
vt 0.933902 0.000000
vt 0.936034 1.000000
vt 0.936034 0.000000
vt 0.938166 1.000000
vt 0.938166 0.000000
vt 0.940298 1.000000
vt 0.940298 0.000000
vt 0.942431 1.000000
vt 0.942431 0.000000
vt 0.944563 1.000000
vt 0.944563 0.000000
vt 0.946695 1.000000
vt 0.946695 0.000000
vt 0.948827 1.000000
vt 0.948827 0.000000
vt 0.950960 1.000000
vt 0.950960 0.000000
vt 0.953092 1.000000
vt 0.953092 0.000000
vt 0.955224 1.000000
vt 0.955224 0.000000
vt 0.957356 1.000000
vt 0.957356 0.000000
vt 0.959488 1.000000
vt 0.959488 0.000000
vt 0.961620 1.000000
vt 0.961620 0.000000
vt 0.963753 1.000000
vt 0.963753 0.000000
vt 0.965885 1.000000
vt 0.965885 0.000000
vt 0.968017 1.000000
vt 0.968017 0.000000
vt 0.970149 1.000000
vt 0.970149 0.000000
vt 0.972281 1.000000
vt 0.972281 0.000000
vt 0.974414 1.000000
vt 0.974414 0.000000
vt 0.976546 1.000000
vt 0.976546 0.000000
vt 0.978678 1.000000
vt 0.978678 0.000000
vt 0.980810 1.000000
vt 0.980810 0.000000
vt 0.982942 1.000000
vt 0.982942 0.000000
vt 0.985075 1.000000
vt 0.985075 0.000000
vt 0.987207 1.000000
vt 0.987207 0.000000
vt 0.989339 1.000000
vt 0.989339 0.000000
vt 0.991471 1.000000
vt 0.991471 0.000000
vt 0.993603 1.000000
vt 0.993603 0.000000
vt 0.995736 1.000000
vt 0.995736 0.000000
vt 0.997868 1.000000
vt 0.997868 0.000000
s 0
f 291/1/1 293/2/1 292/3/1
f 316/4/1 318/5/1 317/6/1
f 290/7/1 293/2/1 291/1/1
f 316/4/1 319/8/1 318/5/1
f 290/7/1 294/9/1 293/2/1
f 315/10/1 319/8/1 316/4/1
f 289/11/1 294/9/1 290/7/1
f 315/10/1 320/12/1 319/8/1
f 289/11/1 295/13/1 294/9/1
f 314/14/1 320/12/1 315/10/1
f 289/11/1 296/15/1 295/13/1
f 313/16/1 320/12/1 314/14/1
f 288/17/1 296/15/1 289/11/1
f 313/16/1 321/18/1 320/12/1
f 288/17/1 297/19/1 296/15/1
f 312/20/1 321/18/1 313/16/1
f 288/17/1 298/21/1 297/19/1
f 311/22/1 321/18/1 312/20/1
f 287/23/1 298/21/1 288/17/1
f 311/22/1 322/24/1 321/18/1
f 287/23/1 299/25/1 298/21/1
f 310/26/1 322/24/1 311/22/1
f 287/23/1 300/27/1 299/25/1
f 309/28/1 322/24/1 310/26/1
f 286/29/1 300/27/1 287/23/1
f 309/28/1 323/30/1 322/24/1
f 286/29/1 301/31/1 300/27/1
f 308/32/1 323/30/1 309/28/1
f 286/29/1 302/33/1 301/31/1
f 307/34/1 323/30/1 308/32/1
f 286/29/1 303/35/1 302/33/1
f 306/36/1 323/30/1 307/34/1
f 286/29/1 304/37/1 303/35/1
f 305/38/1 323/30/1 306/36/1
f 286/29/1 305/38/1 304/37/1
f 286/29/1 323/30/1 305/38/1
f 285/39/1 323/30/1 286/29/1
f 285/39/1 324/40/1 323/30/1
f 284/41/1 324/40/1 285/39/1
f 284/41/1 325/42/1 324/40/1
f 283/43/1 325/42/1 284/41/1
f 283/43/1 326/44/1 325/42/1
f 282/45/1 326/44/1 283/43/1
f 282/45/1 327/46/1 326/44/1
f 281/47/1 327/46/1 282/45/1
f 281/47/1 328/48/1 327/46/1
f 280/49/1 328/48/1 281/47/1
f 280/49/1 329/50/1 328/48/1
f 279/51/1 329/50/1 280/49/1
f 279/51/1 330/52/1 329/50/1
f 278/53/1 470/54/1 279/51/1
f 470/54/1 330/52/1 279/51/1
f 470/54/1 473/55/1 330/52/1
f 473/55/1 475/56/1 330/52/1
f 475/56/1 474/57/1 330/52/1
f 474/57/1 331/58/1 330/52/1
f 278/53/1 471/59/1 470/54/1
f 472/60/1 475/56/1 473/55/1
f 472/60/1 476/61/1 475/56/1
f 477/62/1 331/58/1 474/57/1
f 278/53/1 481/63/1 471/59/1
f 481/63/1 472/60/1 471/59/1
f 481/63/1 476/61/1 472/60/1
f 481/63/1 477/62/1 476/61/1
f 481/63/1 480/64/1 477/62/1
f 480/64/1 484/65/1 477/62/1
f 484/65/1 483/66/1 477/62/1
f 483/66/1 331/58/1 477/62/1
f 278/53/1 478/67/1 481/63/1
f 479/68/1 484/65/1 480/64/1
f 479/68/1 485/69/1 484/65/1
f 482/70/1 331/58/1 483/66/1
f 278/53/1 479/68/1 478/67/1
f 278/53/1 485/69/1 479/68/1
f 278/53/1 482/70/1 485/69/1
f 278/53/1 331/58/1 482/70/1
f 278/53/1 332/71/1 331/58/1
f 278/53/1 333/72/1 332/71/1
f 277/73/1 333/72/1 278/53/1
f 277/73/1 334/74/1 333/72/1
f 276/75/1 334/74/1 277/73/1
f 275/76/1 334/74/1 276/75/1
f 275/76/1 335/77/1 334/74/1
f 274/78/1 335/77/1 275/76/1
f 274/78/1 336/79/1 335/77/1
f 273/80/1 336/79/1 274/78/1
f 273/80/1 337/81/1 336/79/1
f 272/82/1 337/81/1 273/80/1
f 272/82/1 338/83/1 337/81/1
f 271/84/1 338/83/1 272/82/1
f 271/84/1 356/85/1 338/83/1
f 356/85/1 355/86/1 338/83/1
f 355/86/1 339/87/1 338/83/1
f 270/88/1 254/89/1 271/84/1
f 254/89/1 253/90/1 271/84/1
f 253/90/1 356/85/1 271/84/1
f 252/91/1 356/85/1 253/90/1
f 251/92/1 53/93/1 252/91/1
f 53/93/1 356/85/1 252/91/1
f 251/92/1 54/94/1 53/93/1
f 52/95/1 356/85/1 53/93/1
f 51/96/1 357/97/1 52/95/1
f 357/97/1 356/85/1 52/95/1
f 51/96/1 358/98/1 357/97/1
f 270/88/1 255/99/1 254/89/1
f 354/100/1 339/87/1 355/86/1
f 270/88/1 256/101/1 255/99/1
f 353/102/1 339/87/1 354/100/1
f 270/88/1 257/103/1 256/101/1
f 352/104/1 339/87/1 353/102/1
f 270/88/1 258/105/1 257/103/1
f 269/106/1 258/105/1 270/88/1
f 351/107/1 339/87/1 352/104/1
f 351/107/1 340/108/1 339/87/1
f 269/106/1 259/109/1 258/105/1
f 350/110/1 340/108/1 351/107/1
f 269/106/1 260/111/1 259/109/1
f 251/92/1 55/112/1 54/94/1
f 50/113/1 358/98/1 51/96/1
f 250/114/1 55/112/1 251/92/1
f 50/113/1 359/115/1 358/98/1
f 349/116/1 340/108/1 350/110/1
f 268/117/1 260/111/1 269/106/1
f 268/117/1 261/118/1 260/111/1
f 349/116/1 341/119/1 340/108/1
f 348/120/1 341/119/1 349/116/1
f 268/117/1 262/121/1 261/118/1
f 267/122/1 262/121/1 268/117/1
f 347/123/1 341/119/1 348/120/1
f 267/122/1 263/124/1 262/121/1
f 250/114/1 56/125/1 55/112/1
f 49/126/1 359/115/1 50/113/1
f 347/123/1 342/127/1 341/119/1
f 267/122/1 264/128/1 263/124/1
f 346/129/1 342/127/1 347/123/1
f 266/130/1 264/128/1 267/122/1
f 249/131/1 56/125/1 250/114/1
f 49/126/1 360/132/1 359/115/1
f 266/130/1 265/133/1 264/128/1
f 345/134/1 342/127/1 346/129/1
f 345/134/1 343/135/1 342/127/1
f 249/131/1 57/136/1 56/125/1
f 48/137/1 360/132/1 49/126/1
f 344/138/1 343/135/1 345/134/1
f 248/139/1 57/136/1 249/131/1
f 48/137/1 361/140/1 360/132/1
f 248/139/1 58/141/1 57/136/1
f 47/142/1 361/140/1 48/137/1
f 248/139/1 59/143/1 58/141/1
f 46/144/1 361/140/1 47/142/1
f 247/145/1 59/143/1 248/139/1
f 46/144/1 362/146/1 361/140/1
f 247/145/1 60/147/1 59/143/1
f 45/148/1 362/146/1 46/144/1
f 246/149/1 60/147/1 247/145/1
f 45/148/1 363/150/1 362/146/1
f 246/149/1 61/151/1 60/147/1
f 44/152/1 363/150/1 45/148/1
f 246/149/1 62/153/1 61/151/1
f 43/154/1 363/150/1 44/152/1
f 245/155/1 62/153/1 246/149/1
f 43/154/1 364/156/1 363/150/1
f 245/155/1 63/157/1 62/153/1
f 42/158/1 364/156/1 43/154/1
f 244/159/1 63/157/1 245/155/1
f 42/158/1 365/160/1 364/156/1
f 26/161/1 28/162/1 27/163/1
f 244/159/1 64/164/1 63/157/1
f 41/165/1 365/160/1 42/158/1
f 26/161/1 29/166/1 28/162/1
f 25/167/1 29/166/1 26/161/1
f 25/167/1 30/168/1 29/166/1
f 24/169/1 30/168/1 25/167/1
f 24/169/1 31/170/1 30/168/1
f 23/171/1 31/170/1 24/169/1
f 23/171/1 32/172/1 31/170/1
f 243/173/1 64/164/1 244/159/1
f 41/165/1 366/174/1 365/160/1
f 243/173/1 65/175/1 64/164/1
f 40/176/1 366/174/1 41/165/1
f 23/171/1 33/177/1 32/172/1
f 22/178/1 33/177/1 23/171/1
f 77/179/1 79/180/1 78/181/1
f 22/178/1 34/182/1 33/177/1
f 76/183/1 79/180/1 77/179/1
f 75/184/1 79/180/1 76/183/1
f 22/178/1 35/185/1 34/182/1
f 74/186/1 79/180/1 75/184/1
f 74/186/1 80/187/1 79/180/1
f 73/188/1 80/187/1 74/186/1
f 73/188/1 81/189/1 80/187/1
f 72/190/1 81/189/1 73/188/1
f 22/178/1 36/191/1 35/185/1
f 21/192/1 36/191/1 22/178/1
f 72/190/1 82/193/1 81/189/1
f 71/194/1 82/193/1 72/190/1
f 21/192/1 37/195/1 36/191/1
f 70/196/1 82/193/1 71/194/1
f 70/196/1 83/197/1 82/193/1
f 69/198/1 83/197/1 70/196/1
f 21/192/1 38/199/1 37/195/1
f 68/200/1 83/197/1 69/198/1
f 67/201/1 83/197/1 68/200/1
f 21/192/1 39/202/1 38/199/1
f 67/201/1 84/203/1 83/197/1
f 66/204/1 84/203/1 67/201/1
f 243/173/1 66/204/1 65/175/1
f 243/173/1 84/203/1 66/204/1
f 21/192/1 40/176/1 39/202/1
f 21/192/1 366/174/1 40/176/1
f 242/205/1 84/203/1 243/173/1
f 21/192/1 367/206/1 366/174/1
f 242/205/1 85/207/1 84/203/1
f 20/208/1 367/206/1 21/192/1
f 242/205/1 86/209/1 85/207/1
f 242/205/1 87/210/1 86/209/1
f 242/205/1 88/211/1 87/210/1
f 19/212/1 367/206/1 20/208/1
f 242/205/1 89/213/1 88/211/1
f 242/205/1 90/214/1 89/213/1
f 241/215/1 90/214/1 242/205/1
f 19/212/1 368/216/1 367/206/1
f 241/215/1 91/217/1 90/214/1
f 227/218/1 229/219/1 228/220/1
f 241/215/1 92/221/1 91/217/1
f 380/222/1 382/223/1 381/224/1
f 18/225/1 368/216/1 19/212/1
f 227/218/1 230/226/1 229/219/1
f 379/227/1 382/223/1 380/222/1
f 227/218/1 231/228/1 230/226/1
f 378/229/1 382/223/1 379/227/1
f 227/218/1 232/230/1 231/228/1
f 377/231/1 382/223/1 378/229/1
f 227/218/1 233/232/1 232/230/1
f 376/233/1 382/223/1 377/231/1
f 226/234/1 233/232/1 227/218/1
f 376/233/1 383/235/1 382/223/1
f 226/234/1 234/236/1 233/232/1
f 375/237/1 383/235/1 376/233/1
f 240/238/1 178/239/1 241/215/1
f 178/239/1 92/221/1 241/215/1
f 18/225/1 369/240/1 368/216/1
f 226/234/1 235/241/1 234/236/1
f 374/242/1 383/235/1 375/237/1
f 226/234/1 236/243/1 235/241/1
f 373/244/1 383/235/1 374/242/1
f 226/234/1 237/245/1 236/243/1
f 372/246/1 383/235/1 373/244/1
f 226/234/1 238/247/1 237/245/1
f 371/248/1 383/235/1 372/246/1
f 226/234/1 239/249/1 238/247/1
f 370/250/1 383/235/1 371/248/1
f 226/234/1 240/238/1 239/249/1
f 369/240/1 383/235/1 370/250/1
f 226/234/1 178/239/1 240/238/1
f 18/225/1 383/235/1 369/240/1
f 225/251/1 178/239/1 226/234/1
f 18/225/1 384/252/1 383/235/1
f 17/253/1 384/252/1 18/225/1
f 225/251/1 179/254/1 178/239/1
f 177/255/1 92/221/1 178/239/1
f 224/256/1 179/254/1 225/251/1
f 17/253/1 385/257/1 384/252/1
f 16/258/1 385/257/1 17/253/1
f 177/255/1 93/259/1 92/221/1
f 223/260/1 179/254/1 224/256/1
f 16/258/1 386/261/1 385/257/1
f 15/262/1 431/263/1 16/258/1
f 431/263/1 386/261/1 16/258/1
f 223/260/1 180/264/1 179/254/1
f 222/265/1 180/264/1 223/260/1
f 431/263/1 387/266/1 386/261/1
f 15/262/1 432/267/1 431/263/1
f 430/268/1 387/266/1 431/263/1
f 14/269/1 432/267/1 15/262/1
f 221/270/1 180/264/1 222/265/1
f 430/268/1 388/271/1 387/266/1
f 13/272/1 432/267/1 14/269/1
f 221/270/1 181/273/1 180/264/1
f 429/274/1 388/271/1 430/268/1
f 220/275/1 181/273/1 221/270/1
f 429/274/1 389/276/1 388/271/1
f 428/277/1 389/276/1 429/274/1
f 220/275/1 182/278/1 181/273/1
f 219/279/1 182/278/1 220/275/1
f 428/277/1 390/280/1 389/276/1
f 176/281/1 93/259/1 177/255/1
f 427/282/1 390/280/1 428/277/1
f 219/279/1 183/283/1 182/278/1
f 218/284/1 183/283/1 219/279/1
f 427/282/1 391/285/1 390/280/1
f 426/286/1 391/285/1 427/282/1
f 217/287/1 183/283/1 218/284/1
f 426/286/1 392/288/1 391/285/1
f 217/287/1 184/289/1 183/283/1
f 176/281/1 94/290/1 93/259/1
f 425/291/1 392/288/1 426/286/1
f 216/292/1 184/289/1 217/287/1
f 425/291/1 393/293/1 392/288/1
f 216/292/1 185/294/1 184/289/1
f 424/295/1 393/293/1 425/291/1
f 215/296/1 185/294/1 216/292/1
f 424/295/1 394/297/1 393/293/1
f 215/296/1 186/298/1 185/294/1
f 214/299/1 186/298/1 215/296/1
f 424/295/1 395/300/1 394/297/1
f 423/301/1 395/300/1 424/295/1
f 175/302/1 94/290/1 176/281/1
f 214/299/1 187/303/1 186/298/1
f 422/304/1 395/300/1 423/301/1
f 213/305/1 187/303/1 214/299/1
f 422/304/1 396/306/1 395/300/1
f 213/305/1 188/307/1 187/303/1
f 421/308/1 396/306/1 422/304/1
f 212/309/1 188/307/1 213/305/1
f 421/308/1 397/310/1 396/306/1
f 212/309/1 189/311/1 188/307/1
f 420/312/1 397/310/1 421/308/1
f 211/313/1 189/311/1 212/309/1
f 420/312/1 398/314/1 397/310/1
f 211/313/1 190/315/1 189/311/1
f 175/302/1 95/316/1 94/290/1
f 419/317/1 398/314/1 420/312/1
f 174/318/1 95/316/1 175/302/1
f 210/319/1 190/315/1 211/313/1
f 419/317/1 399/320/1 398/314/1
f 210/319/1 191/321/1 190/315/1
f 418/322/1 399/320/1 419/317/1
f 210/319/1 192/323/1 191/321/1
f 417/324/1 399/320/1 418/322/1
f 210/319/1 193/325/1 192/323/1
f 416/326/1 399/320/1 417/324/1
f 209/327/1 193/325/1 210/319/1
f 416/326/1 400/328/1 399/320/1
f 209/327/1 194/329/1 193/325/1
f 415/330/1 400/328/1 416/326/1
f 209/327/1 195/331/1 194/329/1
f 208/332/1 195/331/1 209/327/1
f 415/330/1 401/333/1 400/328/1
f 414/334/1 401/333/1 415/330/1
f 173/335/1 95/316/1 174/318/1
f 208/332/1 196/336/1 195/331/1
f 413/337/1 401/333/1 414/334/1
f 207/338/1 196/336/1 208/332/1
f 413/337/1 402/339/1 401/333/1
f 207/338/1 197/340/1 196/336/1
f 412/341/1 402/339/1 413/337/1
f 173/335/1 96/342/1 95/316/1
f 207/338/1 198/343/1 197/340/1
f 206/344/1 198/343/1 207/338/1
f 412/341/1 403/345/1 402/339/1
f 411/346/1 403/345/1 412/341/1
f 206/344/1 199/347/1 198/343/1
f 410/348/1 403/345/1 411/346/1
f 172/349/1 96/342/1 173/335/1
f 205/350/1 199/347/1 206/344/1
f 410/348/1 404/351/1 403/345/1
f 205/350/1 200/352/1 199/347/1
f 409/353/1 404/351/1 410/348/1
f 204/354/1 200/352/1 205/350/1
f 409/353/1 405/355/1 404/351/1
f 204/354/1 201/356/1 200/352/1
f 408/357/1 405/355/1 409/353/1
f 203/358/1 201/356/1 204/354/1
f 408/357/1 406/359/1 405/355/1
f 203/358/1 202/360/1 201/356/1
f 407/361/1 406/359/1 408/357/1
f 171/362/1 96/342/1 172/349/1
f 171/362/1 97/363/1 96/342/1
f 170/364/1 97/363/1 171/362/1
f 169/365/1 97/363/1 170/364/1
f 169/365/1 98/366/1 97/363/1
f 168/367/1 98/366/1 169/365/1
f 167/368/1 98/366/1 168/367/1
f 167/368/1 99/369/1 98/366/1
f 166/370/1 99/369/1 167/368/1
f 141/371/1 143/372/1 142/373/1
f 141/371/1 144/374/1 143/372/1
f 165/375/1 99/369/1 166/370/1
f 141/371/1 145/376/1 144/374/1
f 164/377/1 99/369/1 165/375/1
f 141/371/1 146/378/1 145/376/1
f 163/379/1 99/369/1 164/377/1
f 141/371/1 147/380/1 146/378/1
f 162/381/1 99/369/1 163/379/1
f 141/371/1 148/382/1 147/380/1
f 140/383/1 148/382/1 141/371/1
f 161/384/1 99/369/1 162/381/1
f 140/383/1 149/385/1 148/382/1
f 160/386/1 99/369/1 161/384/1
f 160/386/1 100/387/1 99/369/1
f 140/383/1 150/388/1 149/385/1
f 159/389/1 100/387/1 160/386/1
f 140/383/1 151/390/1 150/388/1
f 158/391/1 100/387/1 159/389/1
f 157/392/1 100/387/1 158/391/1
f 140/383/1 152/393/1 151/390/1
f 156/394/1 100/387/1 157/392/1
f 140/383/1 153/395/1 152/393/1
f 155/396/1 100/387/1 156/394/1
f 140/383/1 154/397/1 153/395/1
f 154/397/1 100/387/1 155/396/1
f 140/383/1 100/387/1 154/397/1
f 139/398/1 100/387/1 140/383/1
f 138/399/1 100/387/1 139/398/1
f 137/400/1 100/387/1 138/399/1
f 136/401/1 100/387/1 137/400/1
f 135/402/1 100/387/1 136/401/1
f 135/402/1 101/403/1 100/387/1
f 134/404/1 101/403/1 135/402/1
f 133/405/1 101/403/1 134/404/1
f 132/406/1 101/403/1 133/405/1
f 12/407/1 432/267/1 13/272/1
f 12/407/1 433/408/1 432/267/1
f 131/409/1 101/403/1 132/406/1
f 131/409/1 102/410/1 101/403/1
f 11/411/1 433/408/1 12/407/1
f 11/411/1 434/412/1 433/408/1
f 130/413/1 102/410/1 131/409/1
f 10/414/1 434/412/1 11/411/1
f 10/414/1 435/415/1 434/412/1
f 129/416/1 102/410/1 130/413/1
f 128/417/1 102/410/1 129/416/1
f 9/418/1 435/415/1 10/414/1
f 9/418/1 436/419/1 435/415/1
f 128/417/1 103/420/1 102/410/1
f 127/421/1 103/420/1 128/417/1
f 8/422/1 436/419/1 9/418/1
f 8/422/1 437/423/1 436/419/1
f 126/424/1 103/420/1 127/421/1
f 7/425/1 437/423/1 8/422/1
f 7/425/1 438/426/1 437/423/1
f 126/424/1 104/427/1 103/420/1
f 125/428/1 104/427/1 126/424/1
f 6/429/1 438/426/1 7/425/1
f 6/429/1 439/430/1 438/426/1
f 124/431/1 104/427/1 125/428/1
f 124/431/1 105/432/1 104/427/1
f 5/433/1 458/434/1 6/429/1
f 458/434/1 457/435/1 6/429/1
f 457/435/1 439/430/1 6/429/1
f 457/435/1 456/436/1 439/430/1
f 456/436/1 440/437/1 439/430/1
f 123/438/1 105/432/1 124/431/1
f 123/438/1 106/439/1 105/432/1
f 5/433/1 459/440/1 458/434/1
f 455/441/1 440/437/1 456/436/1
f 5/433/1 460/442/1 459/440/1
f 454/443/1 440/437/1 455/441/1
f 123/438/1 107/444/1 106/439/1
f 5/433/1 461/445/1 460/442/1
f 453/446/1 440/437/1 454/443/1
f 5/433/1 462/447/1 461/445/1
f 452/448/1 440/437/1 453/446/1
f 4/449/1 462/447/1 5/433/1
f 452/448/1 441/450/1 440/437/1
f 123/438/1 108/451/1 107/444/1
f 122/452/1 108/451/1 123/438/1
f 4/449/1 463/453/1 462/447/1
f 451/454/1 441/450/1 452/448/1
f 122/452/1 109/455/1 108/451/1
f 4/449/1 464/456/1 463/453/1
f 450/457/1 441/450/1 451/454/1
f 3/458/1 464/456/1 4/449/1
f 450/457/1 442/459/1 441/450/1
f 3/458/1 465/460/1 464/456/1
f 449/461/1 442/459/1 450/457/1
f 121/462/1 109/455/1 122/452/1
f 121/462/1 110/463/1 109/455/1
f 3/458/1 466/464/1 465/460/1
f 448/465/1 442/459/1 449/461/1
f 121/462/1 111/466/1 110/463/1
f 2/467/1 466/464/1 3/458/1
f 448/465/1 443/468/1 442/459/1
f 2/467/1 467/469/1 466/464/1
f 447/470/1 443/468/1 448/465/1
f 120/471/1 111/466/1 121/462/1
f 120/471/1 112/472/1 111/466/1
f 1/473/1 467/469/1 2/467/1
f 447/470/1 444/474/1 443/468/1
f 1/473/1 468/475/1 467/469/1
f 446/476/1 444/474/1 447/470/1
f 120/471/1 113/477/1 112/472/1
f 1/473/1 469/478/1 468/475/1
f 445/479/1 444/474/1 446/476/1
f 119/480/1 113/477/1 120/471/1
f 119/480/1 114/481/1 113/477/1
f 118/482/1 114/481/1 119/480/1
f 118/482/1 115/483/1 114/481/1
f 117/484/1 115/483/1 118/482/1
f 117/484/1 116/485/1 115/483/1
f 1008/486/1 1010/487/1 1009/488/1
f 1007/489/1 1010/487/1 1008/486/1
f 1007/489/1 1011/490/1 1010/487/1
f 1006/491/1 1011/490/1 1007/489/1
f 1006/491/1 1012/492/1 1011/490/1
f 1005/493/1 1012/492/1 1006/491/1
f 1005/493/1 1013/494/1 1012/492/1
f 1004/495/1 1013/494/1 1005/493/1
f 1004/495/1 1014/496/1 1013/494/1
f 1004/495/1 1015/497/1 1014/496/1
f 1003/498/1 1015/497/1 1004/495/1
f 1003/498/1 1016/499/1 1015/497/1
f 1002/500/1 1016/499/1 1003/498/1
f 1002/500/1 1017/501/1 1016/499/1
f 1001/502/1 1017/501/1 1002/500/1
f 1001/502/1 1018/503/1 1017/501/1
f 1001/502/1 1019/504/1 1018/503/1
f 1000/505/1 1019/504/1 1001/502/1
f 1000/505/1 1020/506/1 1019/504/1
f 1000/505/1 1021/507/1 1020/506/1
f 1000/505/1 1022/508/1 1021/507/1
f 999/509/1 1022/508/1 1000/505/1
f 999/509/1 1023/510/1 1022/508/1
f 999/509/1 1024/511/1 1023/510/1
f 999/509/1 1025/512/1 1024/511/1
f 999/509/1 1026/513/1 1025/512/1
f 999/509/1 1027/514/1 1026/513/1
f 1044/515/1 1046/516/1 1045/517/1
f 1043/518/1 1046/516/1 1044/515/1
f 999/509/1 1028/519/1 1027/514/1
f 1042/520/1 1046/516/1 1043/518/1
f 998/521/1 1028/519/1 999/509/1
f 1041/522/1 1046/516/1 1042/520/1
f 998/521/1 1029/523/1 1028/519/1
f 1040/524/1 1046/516/1 1041/522/1
f 1039/525/1 1046/516/1 1040/524/1
f 998/521/1 1030/526/1 1029/523/1
f 1038/527/1 1046/516/1 1039/525/1
f 998/521/1 1031/528/1 1030/526/1
f 1037/529/1 1046/516/1 1038/527/1
f 1036/530/1 1046/516/1 1037/529/1
f 998/521/1 1032/531/1 1031/528/1
f 1035/532/1 1046/516/1 1036/530/1
f 1034/533/1 1046/516/1 1035/532/1
f 998/521/1 1033/534/1 1032/531/1
f 1033/534/1 1046/516/1 1034/533/1
f 998/521/1 1046/516/1 1033/534/1
f 998/521/1 1047/535/1 1046/516/1
f 998/521/1 1048/536/1 1047/535/1
f 1132/537/1 1134/538/1 1133/539/1
f 1157/540/1 1159/541/1 1158/542/1
f 997/543/1 1048/536/1 998/521/1
f 997/543/1 1049/544/1 1048/536/1
f 1131/545/1 1134/538/1 1132/537/1
f 1157/540/1 1160/546/1 1159/541/1
f 1156/547/1 1160/546/1 1157/540/1
f 1131/545/1 1135/548/1 1134/538/1
f 997/543/1 1050/549/1 1049/544/1
f 1155/550/1 1160/546/1 1156/547/1
f 1131/545/1 1136/551/1 1135/548/1
f 1130/552/1 1136/551/1 1131/545/1
f 1155/550/1 1161/553/1 1160/546/1
f 996/554/1 1050/549/1 997/543/1
f 996/554/1 1051/555/1 1050/549/1
f 1154/556/1 1161/553/1 1155/550/1
f 1130/552/1 1137/557/1 1136/551/1
f 1129/558/1 1137/557/1 1130/552/1
f 1154/556/1 1162/559/1 1161/553/1
f 1153/560/1 1162/559/1 1154/556/1
f 1129/558/1 1138/561/1 1137/557/1
f 995/562/1 1051/555/1 996/554/1
f 995/562/1 1052/563/1 1051/555/1
f 1152/564/1 1162/559/1 1153/560/1
f 1129/558/1 1139/565/1 1138/561/1
f 1128/566/1 1139/565/1 1129/558/1
f 1152/564/1 1163/567/1 1162/559/1
f 1151/568/1 1163/567/1 1152/564/1
f 1128/566/1 1140/569/1 1139/565/1
f 995/562/1 1053/570/1 1052/563/1
f 1150/571/1 1163/567/1 1151/568/1
f 1128/566/1 1141/572/1 1140/569/1
f 1149/573/1 1163/567/1 1150/571/1
f 1128/566/1 1142/574/1 1141/572/1
f 1127/575/1 1142/574/1 1128/566/1
f 1149/573/1 1164/576/1 1163/567/1
f 995/562/1 1054/577/1 1053/570/1
f 1148/578/1 1164/576/1 1149/573/1
f 1127/575/1 1143/579/1 1142/574/1
f 994/580/1 1054/577/1 995/562/1
f 1147/581/1 1164/576/1 1148/578/1
f 1127/575/1 1144/582/1 1143/579/1
f 1146/583/1 1164/576/1 1147/581/1
f 1127/575/1 1145/584/1 1144/582/1
f 1127/575/1 1146/583/1 1145/584/1
f 1127/575/1 1164/576/1 1146/583/1
f 1126/585/1 1164/576/1 1127/575/1
f 1126/585/1 1165/586/1 1164/576/1
f 994/580/1 1055/587/1 1054/577/1
f 994/580/1 1056/588/1 1055/587/1
f 1125/589/1 1165/586/1 1126/585/1
f 1125/589/1 1166/590/1 1165/586/1
f 993/591/1 1056/588/1 994/580/1
f 993/591/1 1057/592/1 1056/588/1
f 1124/593/1 1166/590/1 1125/589/1
f 1124/593/1 1167/594/1 1166/590/1
f 993/591/1 1058/595/1 1057/592/1
f 992/596/1 1058/595/1 993/591/1
f 1123/597/1 1167/594/1 1124/593/1
f 1123/597/1 1168/598/1 1167/594/1
f 1095/599/1 1097/600/1 1096/601/1
f 992/596/1 1059/602/1 1058/595/1
f 1094/603/1 1097/600/1 1095/599/1
f 1093/604/1 1097/600/1 1094/603/1
f 1122/605/1 1168/598/1 1123/597/1
f 1122/605/1 1169/606/1 1168/598/1
f 969/607/1 971/608/1 970/609/1
f 969/607/1 972/610/1 971/608/1
f 991/611/1 1059/602/1 992/596/1
f 1093/604/1 1098/612/1 1097/600/1
f 969/607/1 973/613/1 972/610/1
f 968/614/1 973/613/1 969/607/1
f 1092/615/1 1098/612/1 1093/604/1
f 1121/616/1 1169/606/1 1122/605/1
f 1121/616/1 1170/617/1 1169/606/1
f 968/614/1 974/618/1 973/613/1
f 967/619/1 974/618/1 968/614/1
f 1091/620/1 1098/612/1 1092/615/1
f 991/611/1 1060/621/1 1059/602/1
f 1091/620/1 1099/622/1 1098/612/1
f 1120/623/1 1170/617/1 1121/616/1
f 1120/623/1 1171/624/1 1170/617/1
f 990/625/1 1060/621/1 991/611/1
f 967/619/1 975/626/1 974/618/1
f 966/627/1 975/626/1 967/619/1
f 1090/628/1 1099/622/1 1091/620/1
f 1119/629/1 1171/624/1 1120/623/1
f 1119/629/1 1172/630/1 1171/624/1
f 966/627/1 976/631/1 975/626/1
f 965/632/1 976/631/1 966/627/1
f 1090/628/1 1100/633/1 1099/622/1
f 1118/634/1 1172/630/1 1119/629/1
f 1089/635/1 1100/633/1 1090/628/1
f 1118/634/1 1173/636/1 1172/630/1
f 1117/637/1 1173/636/1 1118/634/1
f 965/632/1 977/638/1 976/631/1
f 964/639/1 977/638/1 965/632/1
f 989/640/1 1060/621/1 990/625/1
f 989/640/1 1061/641/1 1060/621/1
f 1116/642/1 1173/636/1 1117/637/1
f 1089/635/1 1101/643/1 1100/633/1
f 1088/644/1 1101/643/1 1089/635/1
f 964/639/1 978/645/1 977/638/1
f 963/646/1 978/645/1 964/639/1
f 1116/642/1 1174/647/1 1173/636/1
f 1115/648/1 1174/647/1 1116/642/1
f 1114/649/1 1174/647/1 1115/648/1
f 1088/644/1 1102/650/1 1101/643/1
f 963/646/1 979/651/1 978/645/1
f 962/652/1 979/651/1 963/646/1
f 988/653/1 1061/641/1 989/640/1
f 1087/654/1 1102/650/1 1088/644/1
f 1114/649/1 1175/655/1 1174/647/1
f 1113/656/1 1175/655/1 1114/649/1
f 1087/654/1 1103/657/1 1102/650/1
f 962/652/1 980/658/1 979/651/1
f 961/659/1 980/658/1 962/652/1
f 1112/660/1 1175/655/1 1113/656/1
f 988/653/1 1062/661/1 1061/641/1
f 1086/662/1 1103/657/1 1087/654/1
f 1112/660/1 1176/663/1 1175/655/1
f 1111/664/1 1176/663/1 1112/660/1
f 1086/662/1 1104/665/1 1103/657/1
f 961/659/1 981/666/1 980/658/1
f 960/667/1 981/666/1 961/659/1
f 987/668/1 1062/661/1 988/653/1
f 1110/669/1 1176/663/1 1111/664/1
f 1085/670/1 1104/665/1 1086/662/1
f 1085/670/1 1105/671/1 1104/665/1
f 1110/669/1 1177/672/1 1176/663/1
f 960/667/1 982/673/1 981/666/1
f 959/674/1 982/673/1 960/667/1
f 1109/675/1 1177/672/1 1110/669/1
f 1085/670/1 1106/676/1 1105/671/1
f 1084/677/1 1106/676/1 1085/670/1
f 1108/678/1 1177/672/1 1109/675/1
f 959/674/1 983/679/1 982/673/1
f 1084/677/1 1107/680/1 1106/676/1
f 958/681/1 983/679/1 959/674/1
f 987/668/1 1063/682/1 1062/661/1
f 1108/678/1 1178/683/1 1177/672/1
f 986/684/1 1063/682/1 987/668/1
f 1084/677/1 1108/678/1 1107/680/1
f 1084/677/1 1178/683/1 1108/678/1
f 958/681/1 984/685/1 983/679/1
f 1083/686/1 1178/683/1 1084/677/1
f 957/687/1 984/685/1 958/681/1
f 1083/686/1 1196/688/1 1178/683/1
f 1196/688/1 1195/689/1 1178/683/1
f 1195/689/1 1179/690/1 1178/683/1
f 1082/691/1 665/692/1 1083/686/1
f 665/692/1 664/693/1 1083/686/1
f 664/693/1 1196/688/1 1083/686/1
f 663/694/1 1196/688/1 664/693/1
f 662/695/1 1197/696/1 663/694/1
f 1197/696/1 1196/688/1 663/694/1
f 662/695/1 1198/697/1 1197/696/1
f 1082/691/1 666/698/1 665/692/1
f 1194/699/1 1179/690/1 1195/689/1
f 1082/691/1 667/700/1 666/698/1
f 1193/701/1 1179/690/1 1194/699/1
f 985/702/1 1063/682/1 986/684/1
f 1082/691/1 668/703/1 667/700/1
f 1192/704/1 1179/690/1 1193/701/1
f 1192/704/1 1180/705/1 1179/690/1
f 1082/691/1 669/706/1 668/703/1
f 1191/707/1 1180/705/1 1192/704/1
f 1082/691/1 670/708/1 669/706/1
f 1190/709/1 1180/705/1 1191/707/1
f 985/702/1 1064/710/1 1063/682/1
f 1082/691/1 671/711/1 670/708/1
f 1189/712/1 1180/705/1 1190/709/1
f 1189/712/1 1181/713/1 1180/705/1
f 1082/691/1 672/714/1 671/711/1
f 1188/715/1 1181/713/1 1189/712/1
f 984/685/1 1064/710/1 985/702/1
f 1082/691/1 673/716/1 672/714/1
f 1187/717/1 1181/713/1 1188/715/1
f 1081/718/1 673/716/1 1082/691/1
f 1187/717/1 1182/719/1 1181/713/1
f 1081/718/1 674/720/1 673/716/1
f 1186/721/1 1182/719/1 1187/717/1
f 956/722/1 984/685/1 957/687/1
f 1186/721/1 1183/723/1 1182/719/1
f 1081/718/1 675/724/1 674/720/1
f 1185/725/1 1183/723/1 1186/721/1
f 955/726/1 984/685/1 956/722/1
f 984/685/1 1065/727/1 1064/710/1
f 1081/718/1 677/728/1 675/724/1
f 677/728/1 676/729/1 675/724/1
f 1184/730/1 1183/723/1 1185/725/1
f 955/726/1 1065/727/1 984/685/1
f 1081/718/1 678/731/1 677/728/1
f 954/732/1 1065/727/1 955/726/1
f 1081/718/1 679/733/1 678/731/1
f 1081/718/1 680/734/1 679/733/1
f 953/735/1 1065/727/1 954/732/1
f 1081/718/1 681/736/1 680/734/1
f 1080/737/1 681/736/1 1081/718/1
f 1080/737/1 682/738/1 681/736/1
f 1080/737/1 683/739/1 682/738/1
f 952/740/1 1065/727/1 953/735/1
f 1080/737/1 684/741/1 683/739/1
f 1080/737/1 685/742/1 684/741/1
f 951/743/1 1065/727/1 952/740/1
f 1080/737/1 686/744/1 685/742/1
f 951/743/1 1066/745/1 1065/727/1
f 1080/737/1 687/746/1 686/744/1
f 950/747/1 1066/745/1 951/743/1
f 1080/737/1 688/748/1 687/746/1
f 1080/737/1 689/749/1 688/748/1
f 1080/737/1 690/750/1 689/749/1
f 949/751/1 1066/745/1 950/747/1
f 1079/752/1 690/750/1 1080/737/1
f 948/753/1 1066/745/1 949/751/1
f 947/754/1 1066/745/1 948/753/1
f 946/755/1 1066/745/1 947/754/1
f 945/756/1 1066/745/1 946/755/1
f 1079/752/1 691/757/1 690/750/1
f 944/758/1 1066/745/1 945/756/1
f 944/758/1 1067/759/1 1066/745/1
f 943/760/1 1067/759/1 944/758/1
f 942/761/1 1067/759/1 943/760/1
f 941/762/1 1067/759/1 942/761/1
f 1078/763/1 691/757/1 1079/752/1
f 940/764/1 1067/759/1 941/762/1
f 1078/763/1 692/765/1 691/757/1
f 939/766/1 1067/759/1 940/764/1
f 938/767/1 1067/759/1 939/766/1
f 938/767/1 1068/768/1 1067/759/1
f 937/769/1 1068/768/1 938/767/1
f 1078/763/1 693/770/1 692/765/1
f 936/771/1 1068/768/1 937/769/1
f 1077/772/1 693/770/1 1078/763/1
f 935/773/1 1068/768/1 936/771/1
f 934/774/1 1068/768/1 935/773/1
f 1077/772/1 694/775/1 693/770/1
f 933/776/1 1068/768/1 934/774/1
f 933/776/1 1069/777/1 1068/768/1
f 932/778/1 1069/777/1 933/776/1
f 1076/779/1 694/775/1 1077/772/1
f 1076/779/1 695/780/1 694/775/1
f 931/781/1 1069/777/1 932/778/1
f 1076/779/1 696/782/1 695/780/1
f 931/781/1 1070/783/1 1069/777/1
f 1075/784/1 696/782/1 1076/779/1
f 930/785/1 1070/783/1 931/781/1
f 1075/784/1 697/786/1 696/782/1
f 713/787/1 715/788/1 714/789/1
f 713/787/1 716/790/1 715/788/1
f 712/791/1 716/790/1 713/787/1
f 930/785/1 1071/792/1 1070/783/1
f 712/791/1 717/793/1 716/790/1
f 1075/784/1 698/794/1 697/786/1
f 711/795/1 717/793/1 712/791/1
f 1074/796/1 698/794/1 1075/784/1
f 711/795/1 718/797/1 717/793/1
f 929/798/1 1071/792/1 930/785/1
f 710/799/1 718/797/1 711/795/1
f 709/800/1 718/797/1 710/799/1
f 709/800/1 719/801/1 718/797/1
f 1074/796/1 699/802/1 698/794/1
f 708/803/1 719/801/1 709/800/1
f 708/803/1 720/804/1 719/801/1
f 707/805/1 720/804/1 708/803/1
f 1073/806/1 699/802/1 1074/796/1
f 706/807/1 720/804/1 707/805/1
f 706/807/1 721/808/1 720/804/1
f 1073/806/1 700/809/1 699/802/1
f 928/810/1 1071/792/1 929/798/1
f 705/811/1 721/808/1 706/807/1
f 704/812/1 721/808/1 705/811/1
f 704/812/1 722/813/1 721/808/1
f 703/814/1 722/813/1 704/812/1
f 702/815/1 722/813/1 703/814/1
f 701/816/1 722/813/1 702/815/1
f 1073/806/1 701/816/1 700/809/1
f 701/816/1 723/817/1 722/813/1
f 1072/818/1 701/816/1 1073/806/1
f 927/819/1 1071/792/1 928/810/1
f 701/816/1 724/820/1 723/817/1
f 1072/818/1 724/820/1 701/816/1
f 1072/818/1 725/821/1 724/820/1
f 1071/792/1 725/821/1 1072/818/1
f 1071/792/1 1224/822/1 725/821/1
f 1224/822/1 726/823/1 725/821/1
f 926/824/1 1071/792/1 927/819/1
f 1224/822/1 727/825/1 726/823/1
f 1071/792/1 1225/826/1 1224/822/1
f 1223/827/1 727/825/1 1224/822/1
f 1223/827/1 728/828/1 727/825/1
f 926/824/1 1225/826/1 1071/792/1
f 1222/829/1 728/828/1 1223/827/1
f 925/830/1 1225/826/1 926/824/1
f 925/830/1 1226/831/1 1225/826/1
f 1222/829/1 729/832/1 728/828/1
f 1221/833/1 729/832/1 1222/829/1
f 925/830/1 1227/834/1 1226/831/1
f 924/835/1 1227/834/1 925/830/1
f 1220/836/1 729/832/1 1221/833/1
f 1220/836/1 730/837/1 729/832/1
f 924/835/1 1228/838/1 1227/834/1
f 1219/839/1 730/837/1 1220/836/1
f 923/840/1 1228/838/1 924/835/1
f 923/840/1 1229/841/1 1228/838/1
f 1219/839/1 731/842/1 730/837/1
f 1218/843/1 731/842/1 1219/839/1
f 923/840/1 1230/844/1 1229/841/1
f 922/845/1 1230/844/1 923/840/1
f 1217/846/1 731/842/1 1218/843/1
f 1217/846/1 732/847/1 731/842/1
f 922/845/1 1231/848/1 1230/844/1
f 1216/849/1 732/847/1 1217/846/1
f 921/850/1 1231/848/1 922/845/1
f 921/850/1 1232/851/1 1231/848/1
f 1216/849/1 733/852/1 732/847/1
f 1215/853/1 733/852/1 1216/849/1
f 920/854/1 1232/851/1 921/850/1
f 920/854/1 1233/855/1 1232/851/1
f 1214/856/1 733/852/1 1215/853/1
f 1214/856/1 734/857/1 733/852/1
f 920/854/1 1234/858/1 1233/855/1
f 919/859/1 1234/858/1 920/854/1
f 1213/860/1 734/857/1 1214/856/1
f 919/859/1 1235/861/1 1234/858/1
f 1213/860/1 735/862/1 734/857/1
f 1237/863/1 735/862/1 1213/860/1
f 905/864/1 907/865/1 906/866/1
f 919/859/1 1236/867/1 1235/861/1
f 904/868/1 907/865/1 905/864/1
f 904/868/1 908/869/1 907/865/1
f 1236/867/1 735/862/1 1237/863/1
f 903/870/1 908/869/1 904/868/1
f 903/870/1 909/871/1 908/869/1
f 1236/867/1 736/872/1 735/862/1
f 903/870/1 910/873/1 909/871/1
f 902/874/1 910/873/1 903/870/1
f 919/859/1 736/872/1 1236/867/1
f 902/874/1 911/875/1 910/873/1
f 902/874/1 912/876/1 911/875/1
f 901/877/1 912/876/1 902/874/1
f 901/877/1 913/878/1 912/876/1
f 918/879/1 736/872/1 919/859/1
f 901/877/1 914/880/1 913/878/1
f 901/877/1 915/881/1 914/880/1
f 901/877/1 916/882/1 915/881/1
f 900/883/1 916/882/1 901/877/1
f 900/883/1 917/884/1 916/882/1
f 900/883/1 918/879/1 917/884/1
f 900/883/1 736/872/1 918/879/1
f 900/883/1 737/885/1 736/872/1
f 899/886/1 737/885/1 900/883/1
f 898/887/1 737/885/1 899/886/1
f 898/887/1 738/888/1 737/885/1
f 897/889/1 738/888/1 898/887/1
f 896/890/1 738/888/1 897/889/1
f 895/891/1 738/888/1 896/890/1
f 895/891/1 739/892/1 738/888/1
f 894/893/1 739/892/1 895/891/1
f 893/894/1 739/892/1 894/893/1
f 893/894/1 740/895/1 739/892/1
f 892/896/1 740/895/1 893/894/1
f 892/896/1 741/897/1 740/895/1
f 891/898/1 741/897/1 892/896/1
f 891/898/1 742/899/1 741/897/1
f 890/900/1 742/899/1 891/898/1
f 890/900/1 743/901/1 742/899/1
f 889/902/1 743/901/1 890/900/1
f 889/902/1 814/903/1 743/901/1
f 814/903/1 744/904/1 743/901/1
f 888/905/1 814/903/1 889/902/1
f 888/905/1 815/906/1 814/903/1
f 813/907/1 744/904/1 814/903/1
f 812/908/1 744/904/1 813/907/1
f 812/908/1 745/909/1 744/904/1
f 811/910/1 745/909/1 812/908/1
f 810/911/1 745/909/1 811/910/1
f 888/905/1 867/912/1 815/906/1
f 867/912/1 816/913/1 815/906/1
f 809/914/1 745/909/1 810/911/1
f 887/915/1 867/912/1 888/905/1
f 808/916/1 745/909/1 809/914/1
f 808/916/1 746/917/1 745/909/1
f 807/918/1 746/917/1 808/916/1
f 806/919/1 746/917/1 807/918/1
f 887/915/1 868/920/1 867/912/1
f 866/921/1 816/913/1 867/912/1
f 805/922/1 746/917/1 806/919/1
f 886/923/1 868/920/1 887/915/1
f 804/924/1 746/917/1 805/922/1
f 804/924/1 747/925/1 746/917/1
f 803/926/1 747/925/1 804/924/1
f 802/927/1 747/925/1 803/926/1
f 886/923/1 869/928/1 868/920/1
f 801/929/1 747/925/1 802/927/1
f 886/923/1 870/930/1 869/928/1
f 801/929/1 748/931/1 747/925/1
f 885/932/1 870/930/1 886/923/1
f 800/933/1 748/931/1 801/929/1
f 885/932/1 871/934/1 870/930/1
f 885/932/1 872/935/1 871/934/1
f 799/936/1 748/931/1 800/933/1
f 885/932/1 873/937/1 872/935/1
f 799/936/1 763/938/1 748/931/1
f 763/938/1 762/939/1 748/931/1
f 762/939/1 761/940/1 748/931/1
f 761/940/1 749/941/1 748/931/1
f 798/942/1 764/943/1 799/936/1
f 764/943/1 763/938/1 799/936/1
f 798/942/1 765/944/1 764/943/1
f 635/945/1 637/946/1 636/947/1
f 884/948/1 873/937/1 885/932/1
f 798/942/1 766/949/1 765/944/1
f 760/950/1 749/941/1 761/940/1
f 798/942/1 767/951/1 766/949/1
f 798/942/1 768/952/1 767/951/1
f 759/953/1 749/941/1 760/950/1
f 884/948/1 874/954/1 873/937/1
f 798/942/1 769/955/1 768/952/1
f 798/942/1 770/956/1 769/955/1
f 798/942/1 771/957/1 770/956/1
f 798/942/1 772/958/1 771/957/1
f 798/942/1 773/959/1 772/958/1
f 798/942/1 776/960/1 773/959/1
f 776/960/2 774/961/2 773/959/2
f 776/960/1 775/962/1 774/961/1
f 798/942/1 777/963/1 776/960/1
f 758/964/1 749/941/1 759/953/1
f 797/965/1 777/963/1 798/942/1
f 757/966/1 749/941/1 758/964/1
f 757/966/1 750/967/1 749/941/1
f 756/968/1 750/967/1 757/966/1
f 635/945/1 638/969/1 637/946/1
f 634/970/1 638/969/1 635/945/1
f 884/948/1 875/971/1 874/954/1
f 755/972/1 750/967/1 756/968/1
f 796/973/1 777/963/1 797/965/1
f 754/974/1 750/967/1 755/972/1
f 883/975/1 875/971/1 884/948/1
f 754/974/1 751/976/1 750/967/1
f 883/975/1 876/977/1 875/971/1
f 796/973/1 778/978/1 777/963/1
f 634/970/1 639/979/1 638/969/1
f 795/980/1 778/978/1 796/973/1
f 633/981/1 639/979/1 634/970/1
f 795/980/1 779/982/1 778/978/1
f 753/983/1 751/976/1 754/974/1
f 795/980/1 780/984/1 779/982/1
f 795/980/1 781/985/1 780/984/1
f 753/983/1 752/986/1 751/976/1
f 883/975/1 877/987/1 876/977/1
f 794/988/1 781/985/1 795/980/1
f 794/988/1 782/989/1 781/985/1
f 632/990/1 639/979/1 633/981/1
f 632/990/1 640/991/1 639/979/1
f 794/988/1 783/992/1 782/989/1
f 882/993/1 877/987/1 883/975/1
f 793/994/1 783/992/1 794/988/1
f 882/993/1 878/995/1 877/987/1
f 793/994/1 784/996/1 783/992/1
f 631/997/1 640/991/1 632/990/1
f 793/994/1 785/998/1 784/996/1
f 792/999/1 785/998/1 793/994/1
f 1323/1000/1 1325/1001/1 1324/1002/1
f 882/993/1 879/1003/1 878/995/1
f 792/999/1 786/1004/1 785/998/1
f 881/1005/1 879/1003/1 882/993/1
f 631/997/1 641/1006/1 640/991/1
f 791/1007/1 786/1004/1 792/999/1
f 791/1007/1 787/1008/1 786/1004/1
f 630/1009/1 641/1006/1 631/997/1
f 1322/1010/1 1325/1001/1 1323/1000/1
f 790/1011/1 787/1008/1 791/1007/1
f 1322/1010/1 1326/1012/1 1325/1001/1
f 881/1005/1 880/1013/1 879/1003/1
f 790/1011/1 788/1014/1 787/1008/1
f 599/1015/1 601/1016/1 600/1017/1
f 789/1018/1 788/1014/1 790/1011/1
f 629/1019/1 641/1006/1 630/1009/1
f 1321/1020/1 1326/1012/1 1322/1010/1
f 1321/1020/1 1327/1021/1 1326/1012/1
f 629/1019/1 642/1022/1 641/1006/1
f 599/1015/1 602/1023/1 601/1016/1
f 598/1024/1 602/1023/1 599/1015/1
f 628/1025/1 642/1022/1 629/1019/1
f 598/1024/1 603/1026/1 602/1023/1
f 1321/1020/1 1328/1027/1 1327/1021/1
f 598/1024/1 604/1028/1 603/1026/1
f 1320/1029/1 1328/1027/1 1321/1020/1
f 597/1030/1 604/1028/1 598/1024/1
f 627/1031/1 642/1022/1 628/1025/1
f 1347/1032/1 1349/1033/1 1348/1034/1
f 597/1030/1 605/1035/1 604/1028/1
f 627/1031/1 643/1036/1 642/1022/1
f 1320/1029/1 1329/1037/1 1328/1027/1
f 626/1038/1 643/1036/1 627/1031/1
f 597/1030/1 606/1039/1 605/1035/1
f 596/1040/1 606/1039/1 597/1030/1
f 1347/1032/1 1350/1041/1 1349/1033/1
f 596/1040/1 607/1042/1 606/1039/1
f 1346/1043/1 1350/1041/1 1347/1032/1
f 1319/1044/1 1329/1037/1 1320/1029/1
f 625/1045/1 643/1036/1 626/1038/1
f 1319/1044/1 1330/1046/1 1329/1037/1
f 596/1040/1 608/1047/1 607/1042/1
f 624/1048/1 643/1036/1 625/1045/1
f 596/1040/1 609/1049/1 608/1047/1
f 1345/1050/1 1350/1041/1 1346/1043/1
f 1345/1050/1 1351/1051/1 1350/1041/1
f 596/1040/1 610/1052/1 609/1049/1
f 623/1053/1 643/1036/1 624/1048/1
f 622/1054/1 643/1036/1 623/1053/1
f 595/1055/1 610/1052/1 596/1040/1
f 621/1056/1 643/1036/1 622/1054/1
f 621/1056/1 644/1057/1 643/1036/1
f 620/1058/1 644/1057/1 621/1056/1
f 619/1059/1 644/1057/1 620/1058/1
f 1319/1044/1 1331/1060/1 1330/1046/1
f 618/1061/1 644/1057/1 619/1059/1
f 617/1062/1 644/1057/1 618/1061/1
f 595/1055/1 611/1063/1 610/1052/1
f 616/1064/1 644/1057/1 617/1062/1
f 615/1065/1 644/1057/1 616/1064/1
f 614/1066/1 644/1057/1 615/1065/1
f 595/1055/1 612/1067/1 611/1063/1
f 613/1068/1 644/1057/1 614/1066/1
f 612/1067/1 644/1057/1 613/1068/1
f 595/1055/1 644/1057/1 612/1067/1
f 1344/1069/1 1351/1051/1 1345/1050/1
f 1318/1070/1 1331/1060/1 1319/1044/1
f 1318/1070/1 1332/1071/1 1331/1060/1
f 1344/1069/1 1352/1072/1 1351/1051/1
f 1343/1073/1 1352/1072/1 1344/1069/1
f 594/1074/1 644/1057/1 595/1055/1
f 1318/1070/1 1333/1075/1 1332/1071/1
f 1342/1076/1 1352/1072/1 1343/1073/1
f 594/1074/1 645/1077/1 644/1057/1
f 1318/1070/1 1334/1078/1 1333/1075/1
f 1341/1079/1 1352/1072/1 1342/1076/1
f 1341/1079/1 1353/1080/1 1352/1072/1
f 1317/1081/1 1334/1078/1 1318/1070/1
f 1340/1082/1 1353/1080/1 1341/1079/1
f 1317/1081/1 1335/1083/1 1334/1078/1
f 1339/1084/1 1353/1080/1 1340/1082/1
f 593/1085/1 645/1077/1 594/1074/1
f 1338/1086/1 1353/1080/1 1339/1084/1
f 1317/1081/1 1336/1087/1 1335/1083/1
f 1337/1088/1 1353/1080/1 1338/1086/1
f 1336/1087/1 1353/1080/1 1337/1088/1
f 1317/1081/1 1353/1080/1 1336/1087/1
f 593/1085/1 646/1089/1 645/1077/1
f 1317/1081/1 1354/1090/1 1353/1080/1
f 1316/1091/1 1354/1090/1 1317/1081/1
f 592/1092/1 646/1089/1 593/1085/1
f 1316/1091/1 1355/1093/1 1354/1090/1
f 592/1092/1 647/1094/1 646/1089/1
f 591/1095/1 647/1094/1 592/1092/1
f 1315/1096/1 1355/1093/1 1316/1091/1
f 1315/1096/1 1356/1097/1 1355/1093/1
f 591/1095/1 648/1098/1 647/1094/1
f 590/1099/1 648/1098/1 591/1095/1
f 1314/1100/1 1356/1097/1 1315/1096/1
f 1314/1100/1 1357/1101/1 1356/1097/1
f 590/1099/1 649/1102/1 648/1098/1
f 589/1103/1 649/1102/1 590/1099/1
f 1313/1104/1 1357/1101/1 1314/1100/1
f 589/1103/1 650/1105/1 649/1102/1
f 1313/1104/1 1358/1106/1 1357/1101/1
f 588/1107/1 650/1105/1 589/1103/1
f 1312/1108/1 1358/1106/1 1313/1104/1
f 1312/1108/1 1359/1109/1 1358/1106/1
f 587/1110/1 650/1105/1 588/1107/1
f 1311/1111/1 1359/1109/1 1312/1108/1
f 586/1112/1 650/1105/1 587/1110/1
f 1311/1111/1 1360/1113/1 1359/1109/1
f 586/1112/1 651/1114/1 650/1105/1
f 1310/1115/1 1360/1113/1 1311/1111/1
f 1310/1115/1 1361/1116/1 1360/1113/1
f 1310/1115/1 1362/1117/1 1361/1116/1
f 585/1118/1 651/1114/1 586/1112/1
f 585/1118/1 652/1119/1 651/1114/1
f 1309/1120/1 1362/1117/1 1310/1115/1
f 584/1121/1 652/1119/1 585/1118/1
f 1309/1120/1 1363/1122/1 1362/1117/1
f 584/1121/1 653/1123/1 652/1119/1
f 1308/1124/1 1363/1122/1 1309/1120/1
f 583/1125/1 653/1123/1 584/1121/1
f 1308/1124/1 1364/1126/1 1363/1122/1
f 583/1125/1 654/1127/1 653/1123/1
f 1307/1128/1 1364/1126/1 1308/1124/1
f 582/1129/1 654/1127/1 583/1125/1
f 1307/1128/1 1365/1130/1 1364/1126/1
f 582/1129/1 655/1131/1 654/1127/1
f 581/1132/1 655/1131/1 582/1129/1
f 1306/1133/1 1365/1130/1 1307/1128/1
f 1306/1133/1 1366/1134/1 1365/1130/1
f 580/1135/1 655/1131/1 581/1132/1
f 580/1135/1 656/1136/1 655/1131/1
f 1305/1137/1 1366/1134/1 1306/1133/1
f 579/1138/1 656/1136/1 580/1135/1
f 1305/1137/1 1367/1139/1 1366/1134/1
f 579/1138/1 657/1140/1 656/1136/1
f 1304/1141/1 1367/1139/1 1305/1137/1
f 578/1142/1 657/1140/1 579/1138/1
f 578/1142/1 658/1143/1 657/1140/1
f 1304/1141/1 1368/1144/1 1367/1139/1
f 1303/1145/1 1368/1144/1 1304/1141/1
f 577/1146/1 658/1143/1 578/1142/1
f 577/1146/1 659/1147/1 658/1143/1
f 1303/1145/1 1369/1148/1 1368/1144/1
f 576/1149/1 659/1147/1 577/1146/1
f 1302/1150/1 1369/1148/1 1303/1145/1
f 576/1149/1 660/1151/1 659/1147/1
f 1210/1152/1 1212/1153/1 1211/1154/1
f 1210/1152/1 486/473/1 1212/1153/1
f 1209/1155/1 486/473/1 1210/1152/1
f 575/1156/1 660/1151/1 576/1149/1
f 1302/1150/1 1370/1157/1 1369/1148/1
f 1208/1158/1 486/473/1 1209/1155/1
f 1208/1158/1 487/1159/1 486/473/1
f 1301/1160/1 1370/1157/1 1302/1150/1
f 1207/1161/1 487/1159/1 1208/1158/1
f 1207/1161/1 488/1162/1 487/1159/1
f 1206/1163/1 488/1162/1 1207/1161/1
f 575/1156/1 661/1164/1 660/1151/1
f 1205/1165/1 488/1162/1 1206/1163/1
f 574/1166/1 661/1164/1 575/1156/1
f 1205/1165/1 489/1167/1 488/1162/1
f 1204/1168/1 489/1167/1 1205/1165/1
f 573/1169/1 661/1164/1 574/1166/1
f 1203/1170/1 489/1167/1 1204/1168/1
f 572/1171/1 661/1164/1 573/1169/1
f 1202/1172/1 489/1167/1 1203/1170/1
f 1202/1172/1 490/1173/1 489/1167/1
f 1301/1160/1 1371/1174/1 1370/1157/1
f 1201/1175/1 490/1173/1 1202/1172/1
f 571/1176/1 661/1164/1 572/1171/1
f 1200/1177/1 490/1173/1 1201/1175/1
f 1199/1178/1 490/1173/1 1200/1177/1
f 1300/1179/1 1371/1174/1 1301/1160/1
f 571/1176/1 662/695/1 661/1164/1
f 571/1176/1 1198/697/1 662/695/1
f 571/1176/1 1199/1178/1 1198/697/1
f 571/1176/1 490/1173/1 1199/1178/1
f 570/1180/1 490/1173/1 571/1176/1
f 570/1180/1 491/1181/1 490/1173/1
f 569/1182/1 549/1183/1 570/1180/1
f 549/1183/1 491/1181/1 570/1180/1
f 568/1184/1 549/1183/1 569/1182/1
f 568/1184/1 550/1185/1 549/1183/1
f 548/1186/1 491/1181/1 549/1183/1
f 548/1186/1 492/1187/1 491/1181/1
f 568/1184/1 551/1188/1 550/1185/1
f 568/1184/1 552/1189/1 551/1188/1
f 567/1190/1 552/1189/1 568/1184/1
f 567/1190/1 553/1191/1 552/1189/1
f 567/1190/1 554/1192/1 553/1191/1
f 567/1190/1 555/1193/1 554/1192/1
f 566/1194/1 555/1193/1 567/1190/1
f 566/1194/1 556/1195/1 555/1193/1
f 1300/1179/1 1372/1196/1 1371/1174/1
f 566/1194/1 557/1197/1 556/1195/1
f 565/1198/1 557/1197/1 566/1194/1
f 548/1186/1 493/1199/1 492/1187/1
f 1299/1200/1 1372/1196/1 1300/1179/1
f 565/1198/1 558/1201/1 557/1197/1
f 564/1202/1 558/1201/1 565/1198/1
f 564/1202/1 559/1203/1 558/1201/1
f 564/1202/1 560/1204/1 559/1203/1
f 563/1205/1 560/1204/1 564/1202/1
f 563/1205/1 561/1206/1 560/1204/1
f 562/1207/1 561/1206/1 563/1205/1
f 548/1186/1 494/1208/1 493/1199/1
f 548/1186/1 495/1209/1 494/1208/1
f 1299/1200/1 1373/69/1 1372/1196/1
f 1298/1210/1 1373/69/1 1299/1200/1
f 548/1186/1 496/1211/1 495/1209/1
f 1297/1212/1 1373/69/1 1298/1210/1
f 548/1186/1 497/1213/1 496/1211/1
f 1296/1214/1 1373/69/1 1297/1212/1
f 548/1186/1 498/1215/1 497/1213/1
f 1296/1214/1 1238/1216/1 1373/69/1
f 1295/1217/1 1238/1216/1 1296/1214/1
f 547/1218/1 498/1215/1 548/1186/1
f 547/1218/1 499/1219/1 498/1215/1
f 1295/1217/1 1239/1220/1 1238/1216/1
f 1294/1221/1 1239/1220/1 1295/1217/1
f 546/1222/1 499/1219/1 547/1218/1
f 546/1222/1 500/1223/1 499/1219/1
f 1294/1221/1 1240/1224/1 1239/1220/1
f 1293/1225/1 1240/1224/1 1294/1221/1
f 545/1226/1 500/1223/1 546/1222/1
f 1293/1225/1 1241/1227/1 1240/1224/1
f 545/1226/1 501/1228/1 500/1223/1
f 1292/1229/1 1241/1227/1 1293/1225/1
f 544/1230/1 501/1228/1 545/1226/1
f 1292/1229/1 1242/1231/1 1241/1227/1
f 1291/1232/1 1242/1231/1 1292/1229/1
f 544/1230/1 502/1233/1 501/1228/1
f 543/1234/1 502/1233/1 544/1230/1
f 1290/1235/1 1242/1231/1 1291/1232/1
f 1290/1235/1 1270/1236/1 1242/1231/1
f 1270/1236/1 1243/1237/1 1242/1231/1
f 543/1234/1 503/1238/1 502/1233/1
f 542/1239/1 503/1238/1 543/1234/1
f 1289/1240/1 1276/1241/1 1290/1235/1
f 1276/1241/1 1275/1242/1 1290/1235/1
f 1275/1242/1 1274/1243/1 1290/1235/1
f 1274/1243/1 1273/1244/1 1290/1235/1
f 1273/1244/1 1272/1245/1 1290/1235/1
f 1272/1245/1 1271/1246/1 1290/1235/1
f 1271/1246/2 1270/1236/2 1290/1235/2
f 1269/1247/1 1243/1237/1 1270/1236/1
f 1268/1248/1 1243/1237/1 1269/1247/1
f 1267/1249/1 1243/1237/1 1268/1248/1
f 1266/1250/1 1243/1237/1 1267/1249/1
f 1265/1251/1 1243/1237/1 1266/1250/1
f 1289/1240/1 1277/1252/1 1276/1241/1
f 1264/1253/1 1243/1237/1 1265/1251/1
f 1263/1254/1 1243/1237/1 1264/1253/1
f 1262/1255/1 1243/1237/1 1263/1254/1
f 1289/1240/1 1278/1256/1 1277/1252/1
f 1261/1257/1 1243/1237/1 1262/1255/1
f 1289/1240/1 1279/1258/1 1278/1256/1
f 1261/1257/1 1244/1259/1 1243/1237/1
f 1260/1260/1 1244/1259/1 1261/1257/1
f 1289/1240/1 1280/1261/1 1279/1258/1
f 1288/1262/1 1280/1261/1 1289/1240/1
f 542/1239/1 504/1263/1 503/1238/1
f 1288/1262/1 1281/1264/1 1280/1261/1
f 1259/1265/1 1244/1259/1 1260/1260/1
f 541/1266/1 504/1263/1 542/1239/1
f 1288/1262/1 1282/1267/1 1281/1264/1
f 865/1268/1 816/913/1 866/921/1
f 865/1268/1 817/1269/1 816/913/1
f 1258/1270/1 1244/1259/1 1259/1265/1
f 1288/1262/1 1283/1271/1 1282/1267/1
f 1287/1272/1 1283/1271/1 1288/1262/1
f 1287/1272/1 1284/1273/1 1283/1271/1
f 1258/1270/1 1245/1274/1 1244/1259/1
f 1257/1275/1 1245/1274/1 1258/1270/1
f 1287/1272/1 1285/1276/1 1284/1273/1
f 1286/1277/1 1285/1276/1 1287/1272/1
f 541/1266/1 522/1278/1 504/1263/1
f 522/1278/1 521/1279/1 504/1263/1
f 521/1279/1 505/1280/1 504/1263/1
f 540/1281/1 524/1282/1 541/1266/1
f 524/1282/1 523/1283/1 541/1266/1
f 523/1283/1 522/1278/1 541/1266/1
f 1256/1284/1 1245/1274/1 1257/1275/1
f 864/1285/1 817/1269/1 865/1268/1
f 864/1285/1 818/1286/1 817/1269/1
f 540/1281/1 525/1287/1 524/1282/1
f 520/1288/1 505/1280/1 521/1279/1
f 540/1281/1 526/1289/1 525/1287/1
f 519/1290/1 505/1280/1 520/1288/1
f 1256/1284/1 1246/1291/1 1245/1274/1
f 540/1281/1 527/1292/1 526/1289/1
f 1255/1293/1 1246/1291/1 1256/1284/1
f 518/1294/1 505/1280/1 519/1290/1
f 539/1295/1 527/1292/1 540/1281/1
f 539/1295/1 528/1296/1 527/1292/1
f 518/1294/1 506/1297/1 505/1280/1
f 517/1298/1 506/1297/1 518/1294/1
f 539/1295/1 529/1299/1 528/1296/1
f 1254/1300/1 1246/1291/1 1255/1293/1
f 516/1301/1 506/1297/1 517/1298/1
f 863/1302/1 818/1286/1 864/1285/1
f 863/1302/1 819/1303/1 818/1286/1
f 1254/1300/1 1247/1304/1 1246/1291/1
f 539/1295/1 530/1305/1 529/1299/1
f 515/1306/1 506/1297/1 516/1301/1
f 538/1307/1 530/1305/1 539/1295/1
f 1253/1308/1 1247/1304/1 1254/1300/1
f 515/1306/1 507/1309/1 506/1297/1
f 538/1307/1 531/1310/1 530/1305/1
f 514/1311/1 507/1309/1 515/1306/1
f 1253/1308/1 1248/1312/1 1247/1304/1
f 538/1307/1 532/1313/1 531/1310/1
f 1252/1314/1 1248/1312/1 1253/1308/1
f 537/1315/1 532/1313/1 538/1307/1
f 513/1316/1 507/1309/1 514/1311/1
f 862/1317/1 819/1303/1 863/1302/1
f 862/1317/1 820/1318/1 819/1303/1
f 513/1316/1 508/1319/1 507/1309/1
f 537/1315/1 533/1320/1 532/1313/1
f 1251/1321/1 1248/1312/1 1252/1314/1
f 512/1322/1 508/1319/1 513/1316/1
f 1251/1321/1 1249/1323/1 1248/1312/1
f 536/1324/1 533/1320/1 537/1315/1
f 536/1324/1 534/1325/1 533/1320/1
f 512/1322/1 509/1326/1 508/1319/1
f 1250/1327/1 1249/1323/1 1251/1321/1
f 511/1328/1 509/1326/1 512/1322/1
f 535/1329/1 534/1325/1 536/1324/1
f 861/1330/1 820/1318/1 862/1317/1
f 861/1330/1 821/1331/1 820/1318/1
f 510/1332/1 509/1326/1 511/1328/1
f 860/1333/1 821/1331/1 861/1330/1
f 860/1333/1 822/1334/1 821/1331/1
f 859/1335/1 822/1334/1 860/1333/1
f 859/1335/1 823/1336/1 822/1334/1
f 858/1337/1 842/1338/1 859/1335/1
f 842/1338/1 841/1339/1 859/1335/1
f 841/1339/1 823/1336/1 859/1335/1
f 841/1339/1 840/1340/1 823/1336/1
f 840/1340/1 824/1341/1 823/1336/1
f 858/1337/1 843/1342/1 842/1338/1
f 839/1343/1 824/1341/1 840/1340/1
f 858/1337/1 844/1344/1 843/1342/1
f 838/1345/1 824/1341/1 839/1343/1
f 858/1337/1 845/1346/1 844/1344/1
f 837/1347/1 824/1341/1 838/1345/1
f 858/1337/1 846/1348/1 845/1346/1
f 836/1349/1 824/1341/1 837/1347/1
f 857/1350/1 846/1348/1 858/1337/1
f 836/1349/1 825/1351/1 824/1341/1
f 857/1350/1 847/1352/1 846/1348/1
f 835/1353/1 825/1351/1 836/1349/1
f 857/1350/1 848/1354/1 847/1352/1
f 834/1355/1 825/1351/1 835/1353/1
f 856/1356/1 848/1354/1 857/1350/1
f 834/1355/1 826/1357/1 825/1351/1
f 856/1356/1 849/1358/1 848/1354/1
f 833/1359/1 826/1357/1 834/1355/1
f 856/1356/1 850/1360/1 849/1358/1
f 832/1361/1 826/1357/1 833/1359/1
f 855/1362/1 850/1360/1 856/1356/1
f 832/1361/1 827/1363/1 826/1357/1
f 855/1362/1 851/1364/1 850/1360/1
f 831/1365/1 827/1363/1 832/1361/1
f 854/1366/1 851/1364/1 855/1362/1
f 831/1365/1 828/1367/1 827/1363/1
f 854/1366/1 852/1368/1 851/1364/1
f 830/1369/1 828/1367/1 831/1365/1
f 854/1366/1 853/1370/1 852/1368/1
f 829/1371/1 828/1367/1 830/1369/1
f 1409/1372/1 1411/1373/1 1410/1374/1
f 1409/1372/1 1412/1375/1 1411/1373/1
f 1409/1372/1 1413/1376/1 1412/1375/1
f 1408/1377/1 1413/1376/1 1409/1372/1
f 1408/1377/1 1414/1378/1 1413/1376/1
f 1407/1379/1 1414/1378/1 1408/1377/1
f 1407/1379/1 1415/1380/1 1414/1378/1
f 1460/1381/1 1462/1382/1 1461/1383/1
f 1485/1384/1 1487/1385/1 1486/1386/1
f 1406/1387/1 1415/1380/1 1407/1379/1
f 1459/1388/1 1462/1382/1 1460/1381/1
f 1485/1384/1 1488/1389/1 1487/1385/1
f 1459/1388/1 1463/1390/1 1462/1382/1
f 1484/1391/1 1488/1389/1 1485/1384/1
f 1406/1387/1 1416/1392/1 1415/1380/1
f 1405/1393/1 1416/1392/1 1406/1387/1
f 1458/1394/1 1463/1390/1 1459/1388/1
f 1484/1391/1 1489/1395/1 1488/1389/1
f 1458/1394/1 1464/1396/1 1463/1390/1
f 1483/1397/1 1489/1395/1 1484/1391/1
f 1405/1393/1 1417/1398/1 1416/1392/1
f 1458/1394/1 1465/1399/1 1464/1396/1
f 1482/1400/1 1489/1395/1 1483/1397/1
f 1404/1401/1 1417/1398/1 1405/1393/1
f 1457/1402/1 1465/1399/1 1458/1394/1
f 1482/1400/1 1490/1403/1 1489/1395/1
f 1457/1402/1 1466/1404/1 1465/1399/1
f 1481/1405/1 1490/1403/1 1482/1400/1
f 1404/1401/1 1418/1406/1 1417/1398/1
f 1403/1407/1 1418/1406/1 1404/1401/1
f 1457/1402/1 1467/1408/1 1466/1404/1
f 1480/1409/1 1490/1403/1 1481/1405/1
f 1456/1410/1 1467/1408/1 1457/1402/1
f 1480/1409/1 1491/1411/1 1490/1403/1
f 1403/1407/1 1419/1412/1 1418/1406/1
f 1456/1410/1 1468/1413/1 1467/1408/1
f 1479/1414/1 1491/1411/1 1480/1409/1
f 1402/1415/1 1419/1412/1 1403/1407/1
f 1456/1410/1 1469/1416/1 1468/1413/1
f 1478/1417/1 1491/1411/1 1479/1414/1
f 1455/1418/1 1469/1416/1 1456/1410/1
f 1478/1417/1 1492/1419/1 1491/1411/1
f 1402/1415/1 1420/1420/1 1419/1412/1
f 1455/1418/1 1470/1421/1 1469/1416/1
f 1477/1422/1 1492/1419/1 1478/1417/1
f 1455/1418/1 1471/1423/1 1470/1421/1
f 1476/1424/1 1492/1419/1 1477/1422/1
f 1401/1425/1 1420/1420/1 1402/1415/1
f 1455/1418/1 1472/1426/1 1471/1423/1
f 1475/1427/1 1492/1419/1 1476/1424/1
f 1455/1418/1 1473/1428/1 1472/1426/1
f 1474/1429/1 1492/1419/1 1475/1427/1
f 1401/1425/1 1421/1430/1 1420/1420/1
f 1455/1418/1 1474/1429/1 1473/1428/1
f 1455/1418/1 1492/1419/1 1474/1429/1
f 1454/1431/1 1492/1419/1 1455/1418/1
f 1454/1431/1 1493/1432/1 1492/1419/1
f 1400/1433/1 1421/1430/1 1401/1425/1
f 1400/1433/1 1422/1434/1 1421/1430/1
f 1400/1433/1 1423/1435/1 1422/1434/1
f 1399/1436/1 1423/1435/1 1400/1433/1
f 1453/1437/1 1493/1432/1 1454/1431/1
f 1453/1437/1 1494/1438/1 1493/1432/1
f 1399/1436/1 1424/1439/1 1423/1435/1
f 1398/1440/1 1424/1439/1 1399/1436/1
f 1398/1440/1 1425/1441/1 1424/1439/1
f 1397/1442/1 1425/1441/1 1398/1440/1
f 1452/1443/1 1494/1438/1 1453/1437/1
f 1452/1443/1 1495/1444/1 1494/1438/1
f 1396/1445/1 1425/1441/1 1397/1442/1
f 1396/1445/1 1426/1446/1 1425/1441/1
f 1395/1447/1 1426/1446/1 1396/1445/1
f 1451/1448/1 1495/1444/1 1452/1443/1
f 1451/1448/1 1496/1449/1 1495/1444/1
f 1395/1447/1 1427/1450/1 1426/1446/1
f 1394/1451/1 1427/1450/1 1395/1447/1
f 1393/1452/1 1427/1450/1 1394/1451/1
f 1393/1452/1 1428/1453/1 1427/1450/1
f 1450/1454/1 1496/1449/1 1451/1448/1
f 1450/1454/1 1497/1455/1 1496/1449/1
f 1392/1456/1 1428/1453/1 1393/1452/1
f 1392/1456/1 1429/1457/1 1428/1453/1
f 1391/1458/1 1429/1457/1 1392/1456/1
f 1390/1459/1 1429/1457/1 1391/1458/1
f 1449/1460/1 1497/1455/1 1450/1454/1
f 1449/1460/1 1498/1461/1 1497/1455/1
f 1390/1459/1 1430/1462/1 1429/1457/1
f 1389/1463/1 1430/1462/1 1390/1459/1
f 1388/1464/1 1430/1462/1 1389/1463/1
f 1387/1465/1 1430/1462/1 1388/1464/1
f 1387/1465/1 1431/1466/1 1430/1462/1
f 1386/1467/1 1431/1466/1 1387/1465/1
f 1448/1468/1 1498/1461/1 1449/1460/1
f 1448/1468/1 1499/1469/1 1498/1461/1
f 1385/1470/1 1431/1466/1 1386/1467/1
f 1384/1471/1 1431/1466/1 1385/1470/1
f 1383/1472/1 1431/1466/1 1384/1471/1
f 1383/1472/1 1432/1473/1 1431/1466/1
f 1382/1474/1 1432/1473/1 1383/1472/1
f 1381/1475/1 1432/1473/1 1382/1474/1
f 1380/1476/1 1432/1473/1 1381/1475/1
f 1447/1477/1 2241/1478/1 1448/1468/1
f 2241/1478/1 1499/1469/1 1448/1468/1
f 2241/1478/1 2240/1479/1 1499/1469/1
f 2240/1479/1 2055/1480/1 1499/1469/1
f 2055/1480/1 2054/1481/1 1499/1469/1
f 2054/1481/1 2320/1482/1 1499/1469/1
f 2320/1482/1 2319/1483/1 1499/1469/1
f 2319/1483/1 1500/1484/1 1499/1469/1
f 1379/1485/1 1432/1473/1 1380/1476/1
f 1378/1486/1 1432/1473/1 1379/1485/1
f 1378/1486/1 1433/1487/1 1432/1473/1
f 1377/1488/1 1433/1487/1 1378/1486/1
f 1376/1489/1 1433/1487/1 1377/1488/1
f 1376/1489/1 1434/1490/1 1433/1487/1
f 1375/1491/1 1434/1490/1 1376/1489/1
f 1374/473/1 1434/1490/1 1375/1491/1
f 1374/473/1 1435/1492/1 1434/1490/1
f 2216/1493/1 1435/1492/1 1374/473/1
f 2215/1494/1 1435/1492/1 2216/1493/1
f 2215/1494/1 1436/1495/1 1435/1492/1
f 1447/1477/1 2242/1496/1 2241/1478/1
f 2239/1497/1 2055/1480/1 2240/1479/1
f 2239/1497/1 2056/1498/1 2055/1480/1
f 2053/1499/1 2320/1482/1 2054/1481/1
f 2053/1499/1 2321/1500/1 2320/1482/1
f 2318/1501/1 1500/1484/1 2319/1483/1
f 2215/1494/1 1437/1502/1 1436/1495/1
f 2215/1494/1 1438/1503/1 1437/1502/1
f 2214/1504/1 1438/1503/1 2215/1494/1
f 2214/1504/1 1439/1505/1 1438/1503/1
f 2214/1504/1 1440/1506/1 1439/1505/1
f 2213/1507/1 1440/1506/1 2214/1504/1
f 2213/1507/1 1441/1508/1 1440/1506/1
f 2213/1507/1 1442/1509/1 1441/1508/1
f 2213/1507/1 1443/1510/1 1442/1509/1
f 2238/1511/1 2056/1498/1 2239/1497/1
f 2212/1512/1 1443/1510/1 2213/1507/1
f 2212/1512/1 1444/1513/1 1443/1510/1
f 2212/1512/1 1445/1514/1 1444/1513/1
f 2212/1512/1 1446/1515/1 1445/1514/1
f 2212/1512/1 1447/1477/1 1446/1515/1
f 2212/1512/1 2167/1516/1 1447/1477/1
f 2167/1516/1 2242/1496/1 1447/1477/1
f 2211/1517/1 2167/1516/1 2212/1512/1
f 2210/1518/1 2167/1516/1 2211/1517/1
f 2237/1519/1 2056/1498/1 2238/1511/1
f 2237/1519/1 2057/1520/1 2056/1498/1
f 2318/1501/1 1501/1521/1 1500/1484/1
f 2209/1522/1 2167/1516/1 2210/1518/1
f 2209/1522/1 2168/1523/1 2167/1516/1
f 2166/1524/1 2242/1496/1 2167/1516/1
f 2209/1522/1 2169/1525/1 2168/1523/1
f 2318/1501/1 1502/1526/1 1501/1521/1
f 2209/1522/1 2170/1527/1 2169/1525/1
f 2208/1528/1 2170/1527/1 2209/1522/1
f 2317/1529/1 1502/1526/1 2318/1501/1
f 2208/1528/1 2171/1530/1 2170/1527/1
f 2236/1531/1 2057/1520/1 2237/1519/1
f 2208/1528/1 2172/1532/1 2171/1530/1
f 2317/1529/1 1503/1533/1 1502/1526/1
f 2207/1534/1 2172/1532/1 2208/1528/1
f 2207/1534/1 2173/1535/1 2172/1532/1
f 2316/1536/1 1503/1533/1 2317/1529/1
f 2207/1534/1 2174/1537/1 2173/1535/1
f 2207/1534/1 2175/1538/1 2174/1537/1
f 2206/1539/1 2175/1538/1 2207/1534/1
f 2315/1540/1 1503/1533/1 2316/1536/1
f 2315/1540/1 1504/1541/1 1503/1533/1
f 2206/1539/1 2176/1542/1 2175/1538/1
f 2206/1539/1 2177/1543/1 2176/1542/1
f 2235/1544/1 2057/1520/1 2236/1531/1
f 2205/1545/1 2177/1543/1 2206/1539/1
f 2314/1546/1 1504/1541/1 2315/1540/1
f 2314/1546/1 1505/1547/1 1504/1541/1
f 2205/1545/1 2178/1548/1 2177/1543/1
f 2235/1544/1 2058/1549/1 2057/1520/1
f 2205/1545/1 2179/1550/1 2178/1548/1
f 2204/1551/1 2179/1550/1 2205/1545/1
f 2313/1552/1 1505/1547/1 2314/1546/1
f 2204/1551/1 2180/1553/1 2179/1550/1
f 2313/1552/1 1506/1554/1 1505/1547/1
f 2204/1551/1 2181/1555/1 2180/1553/1
f 2203/1556/1 2181/1555/1 2204/1551/1
f 2312/1557/1 1506/1554/1 2313/1552/1
f 2234/1558/1 2058/1549/1 2235/1544/1
f 2312/1557/1 1507/1559/1 1506/1554/1
f 2202/1560/1 2181/1555/1 2203/1556/1
f 2202/1560/1 2182/1561/1 2181/1555/1
f 2311/1562/1 1507/1559/1 2312/1557/1
f 2165/1563/1 2242/1496/1 2166/1524/1
f 2165/1563/1 2217/1564/1 2242/1496/1
f 2201/1565/1 2182/1561/1 2202/1560/1
f 2431/1566/1 2433/1567/1 2432/1568/1
f 2431/1566/1 2434/1569/1 2433/1567/1
f 2311/1562/1 2292/1570/1 1507/1559/1
f 2292/1570/1 2291/1571/1 1507/1559/1
f 2291/1571/1 1508/1572/1 1507/1559/1
f 2201/1565/1 2183/1573/1 2182/1561/1
f 2310/1574/1 2294/1575/1 2311/1562/1
f 2294/1575/1 2293/1576/1 2311/1562/1
f 2293/1576/1 2292/1570/1 2311/1562/1
f 2233/1577/1 2058/1549/1 2234/1558/1
f 2310/1574/1 2295/1578/1 2294/1575/1
f 2290/1579/1 1508/1572/1 2291/1571/1
f 2431/1566/1 2435/1580/1 2434/1569/1
f 2430/1581/1 2435/1580/1 2431/1566/1
f 2200/1582/1 2183/1573/1 2201/1565/1
f 2310/1574/1 2296/1583/1 2295/1578/1
f 2165/1563/1 2218/1584/1 2217/1564/1
f 2289/1585/1 1508/1572/1 2290/1579/1
f 2164/1586/1 2218/1584/1 2165/1563/1
f 2310/1574/1 2297/1587/1 2296/1583/1
f 2288/1588/1 1508/1572/1 2289/1585/1
f 2310/1574/1 2298/1589/1 2297/1587/1
f 2288/1588/1 1509/1590/1 1508/1572/1
f 2200/1582/1 2184/1591/1 2183/1573/1
f 2309/1592/1 2298/1589/1 2310/1574/1
f 2287/1593/1 1509/1590/1 2288/1588/1
f 2430/1581/1 2436/1594/1 2435/1580/1
f 2309/1592/1 2299/1595/1 2298/1589/1
f 2429/1596/1 2436/1594/1 2430/1581/1
f 2286/1597/1 1509/1590/1 2287/1593/1
f 2199/1598/1 2184/1591/1 2200/1582/1
f 2309/1592/1 2300/1599/1 2299/1595/1
f 2164/1586/1 2219/1600/1 2218/1584/1
f 2254/1601/1 2256/1602/1 2255/1603/1
f 2285/1604/1 1509/1590/1 2286/1597/1
f 2163/1605/1 2219/1600/1 2164/1586/1
f 2233/1577/1 2059/1606/1 2058/1549/1
f 2308/1607/1 2300/1599/1 2309/1592/1
f 2308/1607/1 2301/1608/1 2300/1599/1
f 2253/1609/1 2256/1602/1 2254/1601/1
f 2285/1604/1 1510/1610/1 1509/1590/1
f 2429/1596/1 2437/1611/1 2436/1594/1
f 2199/1598/1 2185/1612/1 2184/1591/1
f 2253/1609/1 2257/1613/1 2256/1602/1
f 2284/1614/1 1510/1610/1 2285/1604/1
f 2428/1615/1 2437/1611/1 2429/1596/1
f 2308/1607/1 2302/1616/1 2301/1608/1
f 2198/1617/1 2185/1612/1 2199/1598/1
f 2232/1618/1 2059/1606/1 2233/1577/1
f 2252/1619/1 2257/1613/1 2253/1609/1
f 2307/1620/1 2302/1616/1 2308/1607/1
f 2283/1621/1 1510/1610/1 2284/1614/1
f 2163/1605/1 2220/1622/1 2219/1600/1
f 2252/1619/1 2258/1623/1 2257/1613/1
f 2307/1620/1 2303/1624/1 2302/1616/1
f 2283/1621/1 1511/1625/1 1510/1610/1
f 2162/1626/1 2220/1622/1 2163/1605/1
f 2428/1615/1 2438/1627/1 2437/1611/1
f 2282/1628/1 1511/1625/1 2283/1621/1
f 2252/1619/1 2259/1629/1 2258/1623/1
f 2198/1617/1 2186/1630/1 2185/1612/1
f 2307/1620/1 2304/1631/1 2303/1624/1
f 2251/1632/1 2259/1629/1 2252/1619/1
f 2427/1633/1 2438/1627/1 2428/1615/1
f 2306/1634/1 2304/1631/1 2307/1620/1
f 2197/1635/1 2186/1630/1 2198/1617/1
f 2281/1636/1 1511/1625/1 2282/1628/1
f 2281/1636/1 1512/1637/1 1511/1625/1
f 2306/1634/1 2305/1638/1 2304/1631/1
f 2251/1632/1 2260/1639/1 2259/1629/1
f 1523/1640/1 1525/1641/1 1524/1642/1
f 2162/1626/1 2221/1643/1 2220/1622/1
f 1522/1644/1 1525/1641/1 1523/1640/1
f 1521/1645/1 1525/1641/1 1522/1644/1
f 1520/1646/1 1525/1641/1 1521/1645/1
f 2427/1633/1 2439/1647/1 2438/1627/1
f 1519/1648/1 1525/1641/1 1520/1646/1
f 1518/1649/1 1525/1641/1 1519/1648/1
f 1517/1650/1 1525/1641/1 1518/1649/1
f 2250/1651/1 2260/1639/1 2251/1632/1
f 1516/1652/1 1525/1641/1 1517/1650/1
f 2280/1653/1 1512/1637/1 2281/1636/1
f 1515/1654/1 1525/1641/1 1516/1652/1
f 1514/1655/1 1525/1641/1 1515/1654/1
f 2250/1651/1 2261/1656/1 2260/1639/1
f 2161/1657/1 2221/1643/1 2162/1626/1
f 1513/1658/1 1525/1641/1 1514/1655/1
f 1512/1637/1 1525/1641/1 1513/1658/1
f 2280/1653/1 1525/1641/1 1512/1637/1
f 2280/1653/1 1526/1659/1 1525/1641/1
f 2426/1660/1 2439/1647/1 2427/1633/1
f 2197/1635/1 2187/1661/1 2186/1630/1
f 2231/1662/1 2059/1606/1 2232/1618/1
f 2196/156/1 2187/1661/1 2197/1635/1
f 2279/1663/1 1526/1659/1 2280/1653/1
f 2250/1651/1 2262/1664/1 2261/1656/1
f 2279/1663/1 1527/1665/1 1526/1659/1
f 2426/1660/1 2440/1666/1 2439/1647/1
f 2249/1667/1 2262/1664/1 2250/1651/1
f 2161/1657/1 2222/1668/1 2221/1643/1
f 2278/1669/1 1527/1665/1 2279/1663/1
f 2249/1667/1 2263/1670/1 2262/1664/1
f 2277/1671/1 1527/1665/1 2278/1669/1
f 2425/1672/1 2440/1666/1 2426/1660/1
f 2196/156/1 2188/1673/1 2187/1661/1
f 2277/1671/1 1528/1674/1 1527/1665/1
f 2160/1675/1 2222/1668/1 2161/1657/1
f 2249/1667/1 2264/1676/1 2263/1670/1
f 2195/1677/1 2188/1673/1 2196/156/1
f 2276/1678/1 1528/1674/1 2277/1671/1
f 2275/1679/1 1528/1674/1 2276/1678/1
f 2249/1667/1 2265/1680/1 2264/1676/1
f 2425/1672/1 2441/1681/1 2440/1666/1
f 2248/1682/1 2265/1680/1 2249/1667/1
f 2274/1683/1 1528/1674/1 2275/1679/1
f 2248/1682/1 2266/1684/1 2265/1680/1
f 2160/1675/1 2223/1685/1 2222/1668/1
f 2273/1686/1 1528/1674/1 2274/1683/1
f 2273/1686/1 1529/1687/1 1528/1674/1
f 2272/1688/1 1529/1687/1 2273/1686/1
f 2248/1682/1 2267/1689/1 2266/1684/1
f 2271/1690/1 1529/1687/1 2272/1688/1
f 2270/1691/1 1529/1687/1 2271/1690/1
f 2269/1692/1 1529/1687/1 2270/1691/1
f 2268/1693/1 1529/1687/1 2269/1692/1
f 2424/1694/1 2441/1681/1 2425/1672/1
f 2248/1682/1 2268/1693/1 2267/1689/1
f 2248/1682/1 1529/1687/1 2268/1693/1
f 2195/1677/1 2189/1695/1 2188/1673/1
f 2230/1696/1 2059/1606/1 2231/1662/1
f 2194/1697/1 2189/1695/1 2195/1677/1
f 2230/1696/1 2060/1698/1 2059/1606/1
f 2159/1699/1 2223/1685/1 2160/1675/1
f 2424/1694/1 2442/1700/1 2441/1681/1
f 2247/1701/1 1529/1687/1 2248/1682/1
f 2247/1701/1 1530/1702/1 1529/1687/1
f 2159/1699/1 2224/1703/1 2223/1685/1
f 2194/1697/1 2190/1704/1 2189/1695/1
f 2193/1705/1 2190/1704/1 2194/1697/1
f 2423/1706/1 2442/1700/1 2424/1694/1
f 2423/1706/1 2443/1707/1 2442/1700/1
f 2158/1708/1 2142/1709/1 2159/1699/1
f 2142/1709/1 2141/1710/1 2159/1699/1
f 2141/1710/1 2224/1703/1 2159/1699/1
f 2246/1711/1 1530/1702/1 2247/1701/1
f 2246/1711/1 1531/1712/1 1530/1702/1
f 2140/1713/1 2224/1703/1 2141/1710/1
f 2139/1714/1 2224/1703/1 2140/1713/1
f 2158/1708/1 2143/1715/1 2142/1709/1
f 2193/1705/1 2191/1716/1 2190/1704/1
f 2192/1717/1 2191/1716/1 2193/1705/1
f 2139/1714/1 2225/1718/1 2224/1703/1
f 2229/1719/1 2060/1698/1 2230/1696/1
f 2138/1720/1 2225/1718/1 2139/1714/1
f 2423/1706/1 2444/1721/1 2443/1707/1
f 2158/1708/1 2144/1722/1 2143/1715/1
f 2422/1723/1 2444/1721/1 2423/1706/1
f 2137/1724/1 2225/1718/1 2138/1720/1
f 2158/1708/1 2145/1725/1 2144/1722/1
f 2136/1726/1 2225/1718/1 2137/1724/1
f 2245/1727/1 1531/1712/1 2246/1711/1
f 2158/1708/1 2146/1728/1 2145/1725/1
f 2245/1727/1 1532/1729/1 1531/1712/1
f 2157/1730/1 2146/1728/1 2158/1708/1
f 2422/1723/1 2445/1731/1 2444/1721/1
f 2135/1732/1 2225/1718/1 2136/1726/1
f 2157/1730/1 2147/1733/1 2146/1728/1
f 2135/1732/1 2226/1734/1 2225/1718/1
f 2421/1735/1 2445/1731/1 2422/1723/1
f 2134/1736/1 2226/1734/1 2135/1732/1
f 2421/1735/1 2446/1737/1 2445/1731/1
f 2157/1730/1 2148/1738/1 2147/1733/1
f 2244/1739/1 1532/1729/1 2245/1727/1
f 2133/1740/1 2226/1734/1 2134/1736/1
f 2156/1741/1 2148/1738/1 2157/1730/1
f 2244/1739/1 1533/1742/1 1532/1729/1
f 2228/1743/1 2060/1698/1 2229/1719/1
f 2156/1741/1 2149/1744/1 2148/1738/1
f 2420/1745/1 2446/1737/1 2421/1735/1
f 2133/1740/1 2227/1746/1 2226/1734/1
f 2132/1747/1 2227/1746/1 2133/1740/1
f 2156/1741/1 2150/1748/1 2149/1744/1
f 2243/1749/1 1533/1742/1 2244/1739/1
f 2131/1750/1 2227/1746/1 2132/1747/1
f 2420/1745/1 2447/1751/1 2446/1737/1
f 2155/1752/1 2150/1748/1 2156/1741/1
f 2419/1753/1 2447/1751/1 2420/1745/1
f 2053/1499/1 2322/1754/1 2321/1500/1
f 2243/1749/1 1534/1755/1 1533/1742/1
f 2131/1750/1 2228/1743/1 2227/1746/1
f 2155/1752/1 2151/1756/1 2150/1748/1
f 2228/1743/1 2061/1757/1 2060/1698/1
f 2130/1758/1 2228/1743/1 2131/1750/1
f 2346/1759/1 1534/1755/1 2243/1749/1
f 2154/1760/1 2151/1756/1 2155/1752/1
f 2418/1761/1 2447/1751/1 2419/1753/1
f 2154/1760/1 2152/1762/1 2151/1756/1
f 2129/1763/1 2228/1743/1 2130/1758/1
f 2129/1763/1 2061/1757/1 2228/1743/1
f 2418/1761/1 2448/1764/1 2447/1751/1
f 2346/1759/1 1535/1765/1 1534/1755/1
f 2053/1499/1 2323/1766/1 2322/1754/1
f 2154/1760/1 2153/1767/1 2152/1762/1
f 2128/1768/1 2061/1757/1 2129/1763/1
f 2417/1769/1 2448/1764/1 2418/1761/1
f 2345/1770/1 1535/1765/1 2346/1759/1
f 2416/1771/1 2448/1764/1 2417/1769/1
f 2345/1770/1 1536/1772/1 1535/1765/1
f 2053/1499/1 2324/1773/1 2323/1766/1
f 2416/1771/1 2449/1774/1 2448/1764/1
f 2344/1775/1 1536/1772/1 2345/1770/1
f 2127/1776/1 2061/1757/1 2128/1768/1
f 2415/1777/1 2449/1774/1 2416/1771/1
f 2343/1778/1 1536/1772/1 2344/1775/1
f 2053/1499/1 2325/1779/1 2324/1773/1
f 2343/1778/1 1537/1780/1 1536/1772/1
f 2414/1781/1 2449/1774/1 2415/1777/1
f 2414/1781/1 2450/1782/1 2449/1774/1
f 2342/1783/1 1537/1780/1 2343/1778/1
f 2053/1499/1 2326/1784/1 2325/1779/1
f 2413/1785/1 2450/1782/1 2414/1781/1
f 2342/1783/1 1538/1786/1 1537/1780/1
f 2126/1787/1 2061/1757/1 2127/1776/1
f 2341/1788/1 1538/1786/1 2342/1783/1
f 2053/1499/1 2327/1789/1 2326/1784/1
f 2126/1787/1 2062/1790/1 2061/1757/1
f 2412/1791/1 2450/1782/1 2413/1785/1
f 2340/1792/1 1538/1786/1 2341/1788/1
f 2412/1791/1 2451/1793/1 2450/1782/1
f 2053/1499/1 2328/1794/1 2327/1789/1
f 2339/1795/1 1538/1786/1 2340/1792/1
f 2411/1796/1 2451/1793/1 2412/1791/1
f 2053/1499/1 2329/1797/1 2328/1794/1
f 2338/1798/1 1538/1786/1 2339/1795/1
f 2053/1499/1 2330/1799/1 2329/1797/1
f 2337/1800/1 1538/1786/1 2338/1798/1
f 2410/1801/1 2451/1793/1 2411/1796/1
f 2336/1802/1 1538/1786/1 2337/1800/1
f 2053/1499/1 2331/1803/1 2330/1799/1
f 2125/1804/1 2062/1790/1 2126/1787/1
f 2335/1805/1 1538/1786/1 2336/1802/1
f 2053/1499/1 2332/1806/1 2331/1803/1
f 2334/1807/1 1538/1786/1 2335/1805/1
f 2053/1499/1 2333/1808/1 2332/1806/1
f 2053/1499/1 2334/1807/1 2333/1808/1
f 2053/1499/1 1538/1786/1 2334/1807/1
f 2409/1809/1 2451/1793/1 2410/1801/1
f 2409/1809/1 2452/1810/1 2451/1793/1
f 2408/1811/1 2452/1810/1 2409/1809/1
f 2407/1812/1 2452/1810/1 2408/1811/1
f 2406/1813/1 2452/1810/1 2407/1812/1
f 2124/1814/1 2062/1790/1 2125/1804/1
f 2405/1815/1 2452/1810/1 2406/1813/1
f 2404/1816/1 2452/1810/1 2405/1815/1
f 2403/1817/1 2452/1810/1 2404/1816/1
f 2052/1818/1 1538/1786/1 2053/1499/1
f 2403/1817/1 2453/1819/1 2452/1810/1
f 2402/1820/1 2453/1819/1 2403/1817/1
f 2052/1818/1 1539/1821/1 1538/1786/1
f 2401/1822/1 2453/1819/1 2402/1820/1
f 2400/1823/1 2453/1819/1 2401/1822/1
f 2051/1824/1 1539/1821/1 2052/1818/1
f 2123/1825/1 2062/1790/1 2124/1814/1
f 2399/1826/1 2453/1819/1 2400/1823/1
f 2399/1826/1 2454/1827/1 2453/1819/1
f 2123/1825/1 2063/1828/1 2062/1790/1
f 2050/1829/1 1539/1821/1 2051/1824/1
f 2398/1830/1 2454/1827/1 2399/1826/1
f 2122/1831/1 2063/1828/1 2123/1825/1
f 2397/1832/1 2454/1827/1 2398/1830/1
f 2049/1833/1 1539/1821/1 2050/1829/1
f 2396/1834/1 2454/1827/1 2397/1832/1
f 2396/1834/1 2455/1835/1 2454/1827/1
f 2049/1833/1 1540/1836/1 1539/1821/1
f 2048/1837/1 1540/1836/1 2049/1833/1
f 2121/1838/1 2063/1828/1 2122/1831/1
f 2395/1839/1 2455/1835/1 2396/1834/1
f 2027/1840/1 2029/1841/1 2028/1842/1
f 2047/1843/1 1540/1836/1 2048/1837/1
f 2394/1844/1 2455/1835/1 2395/1839/1
f 2027/1840/1 2030/1845/1 2029/1841/1
f 2026/1846/1 2030/1845/1 2027/1840/1
f 2394/1844/1 2456/1847/1 2455/1835/1
f 2120/1848/1 2063/1828/1 2121/1838/1
f 2046/1849/1 1540/1836/1 2047/1843/1
f 2026/1846/1 2031/1850/1 2030/1845/1
f 2025/1851/1 2031/1850/1 2026/1846/1
f 2119/1852/1 2063/1828/1 2120/1848/1
f 2025/1851/1 2032/1853/1 2031/1850/1
f 2045/1854/1 1540/1836/1 2046/1849/1
f 2393/1855/1 2456/1847/1 2394/1844/1
f 2104/1856/1 2106/1857/1 2105/1858/1
f 2024/1859/1 2032/1853/1 2025/1851/1
f 2118/1860/1 2063/1828/1 2119/1852/1
f 2104/1856/1 2107/1861/1 2106/1857/1
f 2393/1855/1 2457/1862/1 2456/1847/1
f 2104/1856/1 2108/1863/1 2107/1861/1
f 2024/1859/1 2033/1864/1 2032/1853/1
f 2045/1854/1 1541/1865/1 1540/1836/1
f 2104/1856/1 2109/1866/1 2108/1863/1
f 2118/1860/1 2064/1867/1 2063/1828/1
f 2104/1856/1 2110/1868/1 2109/1866/1
f 2104/1856/1 2111/1869/1 2110/1868/1
f 2044/1870/1 1541/1865/1 2045/1854/1
f 2104/1856/1 2112/1871/1 2111/1869/1
f 2117/1872/1 2064/1867/1 2118/1860/1
f 2104/1856/1 2113/1873/1 2112/1871/1
f 2104/1856/1 2114/1874/1 2113/1873/1
f 2104/1856/1 2115/1875/1 2114/1874/1
f 2104/1856/1 2116/1876/1 2115/1875/1
f 2104/1856/1 2117/1872/1 2116/1876/1
f 2103/1877/1 2117/1872/1 2104/1856/1
f 2103/1877/1 2064/1867/1 2117/1872/1
f 2024/1859/1 2034/1878/1 2033/1864/1
f 2102/1879/1 2064/1867/1 2103/1877/1
f 2023/1880/1 2034/1878/1 2024/1859/1
f 2043/1881/1 1541/1865/1 2044/1870/1
f 2023/1880/1 2035/1882/1 2034/1878/1
f 2392/1883/1 2457/1862/1 2393/1855/1
f 2101/1884/1 2064/1867/1 2102/1879/1
f 2392/1883/1 2458/1885/1 2457/1862/1
f 2042/1886/1 1541/1865/1 2043/1881/1
f 2023/1880/1 2036/1887/1 2035/1882/1
f 2100/1888/1 2064/1867/1 2101/1884/1
f 2023/1880/1 2037/1889/1 2036/1887/1
f 2022/1890/1 2037/1889/1 2023/1880/1
f 2041/1891/1 1541/1865/1 2042/1886/1
f 2392/1883/1 2459/1892/1 2458/1885/1
f 2022/1890/1 2038/1893/1 2037/1889/1
f 2041/1891/1 1542/1894/1 1541/1865/1
f 2022/1890/1 2039/1895/1 2038/1893/1
f 2099/1896/1 2064/1867/1 2100/1888/1
f 2022/1890/1 2040/1897/1 2039/1895/1
f 2022/1890/1 2041/1891/1 2040/1897/1
f 2022/1890/1 1542/1894/1 2041/1891/1
f 2391/1898/1 2459/1892/1 2392/1883/1
f 2391/1898/1 2460/1899/1 2459/1892/1
f 2021/1900/1 1542/1894/1 2022/1890/1
f 2098/1901/1 2064/1867/1 2099/1896/1
f 2391/1898/1 2461/1902/1 2460/1899/1
f 2021/1900/1 1543/1903/1 1542/1894/1
f 2097/1904/1 2064/1867/1 2098/1901/1
f 2391/1898/1 2462/1905/1 2461/1902/1
f 2020/1906/1 1543/1903/1 2021/1900/1
f 2390/1907/1 2462/1905/1 2391/1898/1
f 2097/1904/1 2065/1908/1 2064/1867/1
f 2390/1907/1 2463/1909/1 2462/1905/1
f 2096/1910/1 2065/1908/1 2097/1904/1
f 2020/1906/1 1544/1911/1 1543/1903/1
f 2390/1907/1 2464/1912/1 2463/1909/1
f 2019/1913/1 1562/1914/1 2020/1906/1
f 1562/1914/1 1544/1911/1 2020/1906/1
f 2389/1915/1 2464/1912/1 2390/1907/1
f 2095/1916/1 2065/1908/1 2096/1910/1
f 2389/1915/1 2465/1917/1 2464/1912/1
f 2389/1915/1 2466/1918/1 2465/1917/1
f 1562/1914/1 1545/1919/1 1544/1911/1
f 2019/1913/1 1563/1920/1 1562/1914/1
f 1561/1921/1 1545/1919/1 1562/1914/1
f 2389/1915/1 2467/1922/1 2466/1918/1
f 2094/1923/1 2065/1908/1 2095/1916/1
f 2018/1924/1 1563/1920/1 2019/1913/1
f 2389/1915/1 2468/1925/1 2467/1922/1
f 1560/1926/1 1545/1919/1 1561/1921/1
f 2389/1915/1 2469/1927/1 2468/1925/1
f 2389/1915/1 2470/69/1 2469/1927/1
f 1559/1928/1 1545/1919/1 1560/1926/1
f 1559/1928/1 1546/1929/1 1545/1919/1
f 2388/1930/1 2470/69/1 2389/1915/1
f 1558/1931/1 1546/1929/1 1559/1928/1
f 1557/1932/1 1546/1929/1 1558/1931/1
f 2388/1930/1 2347/1933/1 2470/69/1
f 1557/1932/1 1547/1934/1 1546/1929/1
f 2093/1935/1 2065/1908/1 2094/1923/1
f 1556/1936/1 1547/1934/1 1557/1932/1
f 2388/1930/1 2348/1937/1 2347/1933/1
f 1555/1938/1 1547/1934/1 1556/1936/1
f 1554/1939/1 1547/1934/1 1555/1938/1
f 1554/1939/1 1548/1940/1 1547/1934/1
f 2017/1941/1 1563/1920/1 2018/1924/1
f 2388/1930/1 2349/1942/1 2348/1937/1
f 1553/1943/1 1548/1940/1 1554/1939/1
f 2093/1935/1 2066/1944/1 2065/1908/1
f 1552/1945/1 1548/1940/1 1553/1943/1
f 1552/1945/1 1549/1946/1 1548/1940/1
f 1551/1947/1 1549/1946/1 1552/1945/1
f 1550/1948/1 1549/1946/1 1551/1947/1
f 2388/1930/1 2350/1949/1 2349/1942/1
f 2092/1950/1 2066/1944/1 2093/1935/1
f 2387/1951/1 2350/1949/1 2388/1930/1
f 2387/1951/1 2351/1952/1 2350/1949/1
f 2016/1953/1 1563/1920/1 2017/1941/1
f 2091/1954/1 2066/1944/1 2092/1950/1
f 2387/1951/1 2352/1955/1 2351/1952/1
f 2386/1956/1 2352/1955/1 2387/1951/1
f 2386/1956/1 2353/1957/1 2352/1955/1
f 2015/1958/1 1563/1920/1 2016/1953/1
f 2090/1959/1 2066/1944/1 2091/1954/1
f 2386/1956/1 2354/1960/1 2353/1957/1
f 2090/1959/1 2067/1961/1 2066/1944/1
f 2014/1962/1 1563/1920/1 2015/1958/1
f 2089/1963/1 2067/1961/1 2090/1959/1
f 2385/1964/1 2354/1960/1 2386/1956/1
f 2385/1964/1 2355/1965/1 2354/1960/1
f 2385/1964/1 2356/1966/1 2355/1965/1
f 2088/1967/1 2067/1961/1 2089/1963/1
f 2384/1968/1 2356/1966/1 2385/1964/1
f 2384/1968/1 2357/1969/1 2356/1966/1
f 2087/1970/1 2067/1961/1 2088/1967/1
f 2384/1968/1 2358/1971/1 2357/1969/1
f 2087/1970/1 2068/1972/1 2067/1961/1
f 2383/1973/1 2358/1971/1 2384/1968/1
f 2087/1970/1 2069/1974/1 2068/1972/1
f 2383/1973/1 2359/1975/1 2358/1971/1
f 2086/1976/1 2069/1974/1 2087/1970/1
f 2086/1976/1 2070/1977/1 2069/1974/1
f 2086/1976/1 2071/1978/1 2070/1977/1
f 2383/1973/1 2360/1979/1 2359/1975/1
f 2382/1980/1 2360/1979/1 2383/1973/1
f 2085/1981/1 2071/1978/1 2086/1976/1
f 2085/1981/1 2072/1982/1 2071/1978/1
f 2381/1983/1 2360/1979/1 2382/1980/1
f 2381/1983/1 2361/1984/1 2360/1979/1
f 2085/1981/1 2073/1985/1 2072/1982/1
f 2084/1986/1 2073/1985/1 2085/1981/1
f 2380/1987/1 2361/1984/1 2381/1983/1
f 2084/1986/1 2074/1988/1 2073/1985/1
f 2380/1987/1 2362/1989/1 2361/1984/1
f 2379/1990/1 2362/1989/1 2380/1987/1
f 2083/1991/1 2074/1988/1 2084/1986/1
f 2083/1991/1 2075/1992/1 2074/1988/1
f 2379/1990/1 2363/1993/1 2362/1989/1
f 2000/1994/1 2002/1995/1 2001/1996/1
f 1575/1997/1 1577/1998/1 1576/1999/1
f 1999/2000/1 2002/1995/1 2000/1994/1
f 1575/1997/1 1578/2001/1 1577/1998/1
f 2083/1991/1 2076/2002/1 2075/1992/1
f 2378/2003/1 2363/1993/1 2379/1990/1
f 1999/2000/1 2003/2004/1 2002/1995/1
f 1574/2005/1 1578/2001/1 1575/1997/1
f 2082/2006/1 2076/2002/1 2083/1991/1
f 1998/2007/1 2003/2004/1 1999/2000/1
f 1574/2005/1 1579/2008/1 1578/2001/1
f 1998/2007/1 2004/2009/1 2003/2004/1
f 1573/2010/1 1579/2008/1 1574/2005/1
f 2378/2003/1 2364/2011/1 2363/1993/1
f 2082/2006/1 2077/2012/1 2076/2002/1
f 1998/2007/1 2005/2013/1 2004/2009/1
f 1572/2014/1 1579/2008/1 1573/2010/1
f 2377/2015/1 2364/2011/1 2378/2003/1
f 1997/2016/1 2005/2013/1 1998/2007/1
f 1572/2014/1 1580/2017/1 1579/2008/1
f 2081/2018/1 2077/2012/1 2082/2006/1
f 1997/2016/1 2006/2019/1 2005/2013/1
f 1571/2020/1 1580/2017/1 1572/2014/1
f 2081/2018/1 2078/2021/1 2077/2012/1
f 1997/2016/1 2007/2022/1 2006/2019/1
f 1570/2023/1 1580/2017/1 1571/2020/1
f 2377/2015/1 2365/2024/1 2364/2011/1
f 1996/2025/1 2007/2022/1 1997/2016/1
f 1570/2023/1 1581/2026/1 1580/2017/1
f 2080/2027/1 2078/2021/1 2081/2018/1
f 2376/2028/1 2365/2024/1 2377/2015/1
f 2080/2027/1 2079/2029/1 2078/2021/1
f 1996/2025/1 2008/2030/1 2007/2022/1
f 1569/2031/1 1581/2026/1 1570/2023/1
f 1996/2025/1 2009/2032/1 2008/2030/1
f 1568/2033/1 1581/2026/1 1569/2031/1
f 1995/2034/1 2009/2032/1 1996/2025/1
f 1568/2033/1 1582/2035/1 1581/2026/1
f 1995/2034/1 2010/2036/1 2009/2032/1
f 1567/2037/1 1582/2035/1 1568/2033/1
f 2376/2028/1 2366/2038/1 2365/2024/1
f 1995/2034/1 2011/2039/1 2010/2036/1
f 1566/2040/1 1582/2035/1 1567/2037/1
f 2375/2041/1 2366/2038/1 2376/2028/1
f 1995/2034/1 2012/2042/1 2011/2039/1
f 1565/2043/1 1582/2035/1 1566/2040/1
f 1995/2034/1 2013/2044/1 2012/2042/1
f 1564/2045/1 1582/2035/1 1565/2043/1
f 1995/2034/1 2014/1962/1 2013/2044/1
f 1995/2034/1 1563/1920/1 2014/1962/1
f 1995/2034/1 1564/2045/1 1563/1920/1
f 1995/2034/1 1582/2035/1 1564/2045/1
f 1994/2046/1 1582/2035/1 1995/2034/1
f 1994/2046/1 1583/2047/1 1582/2035/1
f 2375/2041/1 2367/2048/1 2366/2038/1
f 2374/2049/1 2367/2048/1 2375/2041/1
f 1993/2050/1 1583/2047/1 1994/2046/1
f 1993/2050/1 1584/2051/1 1583/2047/1
f 2374/2049/1 2368/2052/1 2367/2048/1
f 2373/2053/1 2368/2052/1 2374/2049/1
f 1992/2054/1 1584/2051/1 1993/2050/1
f 1992/2054/1 1585/2055/1 1584/2051/1
f 2373/2053/1 2369/2056/1 2368/2052/1
f 2372/2057/1 2369/2056/1 2373/2053/1
f 1991/2058/1 1585/2055/1 1992/2054/1
f 1991/2058/1 1586/2059/1 1585/2055/1
f 2372/2057/1 2370/2060/1 2369/2056/1
f 2371/2061/1 2370/2060/1 2372/2057/1
f 1990/2062/1 1586/2059/1 1991/2058/1
f 1990/2062/1 1587/2063/1 1586/2059/1
f 1989/2064/1 1587/2063/1 1990/2062/1
f 1989/2064/1 1588/2065/1 1587/2063/1
f 1988/2066/1 1588/2065/1 1989/2064/1
f 1988/2066/1 1589/2067/1 1588/2065/1
f 1963/2068/1 1965/2069/1 1964/2070/1
f 1962/2071/1 1965/2069/1 1963/2068/1
f 1987/2072/1 1589/2067/1 1988/2066/1
f 1987/2072/1 1590/2073/1 1589/2067/1
f 1961/2074/1 1965/2069/1 1962/2071/1
f 1961/2074/1 1966/2075/1 1965/2069/1
f 1986/2076/1 1590/2073/1 1987/2072/1
f 1986/2076/1 1591/2077/1 1590/2073/1
f 1960/2078/1 1966/2075/1 1961/2074/1
f 1985/2079/1 1591/2077/1 1986/2076/1
f 1960/2078/1 1967/2080/1 1966/2075/1
f 1985/2079/1 1592/2081/1 1591/2077/1
f 1959/2082/1 1967/2080/1 1960/2078/1
f 1984/2083/1 1592/2081/1 1985/2079/1
f 1983/2084/1 1592/2081/1 1984/2083/1
f 1959/2082/1 1968/2085/1 1967/2080/1
f 1983/2084/1 1593/2086/1 1592/2081/1
f 1958/2087/1 1968/2085/1 1959/2082/1
f 1982/2088/1 1593/2086/1 1983/2084/1
f 1982/2088/1 1594/2089/1 1593/2086/1
f 1958/2087/1 1969/2090/1 1968/2085/1
f 1957/2091/1 1969/2090/1 1958/2087/1
f 1981/2092/1 1594/2089/1 1982/2088/1
f 1957/2091/1 1970/2093/1 1969/2090/1
f 1981/2092/1 1595/2094/1 1594/2089/1
f 1980/2095/1 1595/2094/1 1981/2092/1
f 1956/2096/1 1970/2093/1 1957/2091/1
f 1956/2096/1 1971/2097/1 1970/2093/1
f 1979/2098/1 1595/2094/1 1980/2095/1
f 1979/2098/1 1596/2099/1 1595/2094/1
f 1956/2096/1 1972/2100/1 1971/2097/1
f 1955/2101/1 1972/2100/1 1956/2096/1
f 1978/2102/1 1596/2099/1 1979/2098/1
f 1978/2102/1 1614/2103/1 1596/2099/1
f 1614/2103/1 1613/2104/1 1596/2099/1
f 1613/2104/1 1597/2105/1 1596/2099/1
f 1955/2101/1 1973/2106/1 1972/2100/1
f 1977/2107/1 1830/2108/1 1978/2102/1
f 1830/2108/1 1829/2109/1 1978/2102/1
f 1829/2109/1 1828/2110/1 1978/2102/1
f 1828/2110/1 1614/2103/1 1978/2102/1
f 1827/2111/1 1614/2103/1 1828/2110/1
f 1826/2112/1 1615/2113/1 1827/2111/1
f 1615/2113/1 1614/2103/1 1827/2111/1
f 1826/2112/1 1616/2114/1 1615/2113/1
f 1612/2115/1 1597/2105/1 1613/2104/1
f 1977/2107/1 1831/2116/1 1830/2108/1
f 1977/2107/1 1832/2117/1 1831/2116/1
f 1611/2118/1 1597/2105/1 1612/2115/1
f 1977/2107/1 1833/2119/1 1832/2117/1
f 1977/2107/1 1834/2120/1 1833/2119/1
f 1610/2121/1 1597/2105/1 1611/2118/1
f 1977/2107/1 1835/2122/1 1834/2120/1
f 1955/2101/1 1974/2123/1 1973/2106/1
f 1954/2124/1 1974/2123/1 1955/2101/1
f 1977/2107/1 1836/2125/1 1835/2122/1
f 1609/2126/1 1597/2105/1 1610/2121/1
f 1977/2107/1 1837/2127/1 1836/2125/1
f 1609/2126/1 1598/2128/1 1597/2105/1
f 1851/2129/1 1853/2130/1 1852/2131/1
f 1976/2132/1 1837/2127/1 1977/2107/1
f 1850/2133/1 1853/2130/1 1851/2129/1
f 1976/2132/1 1838/2134/1 1837/2127/1
f 1849/2135/1 1853/2130/1 1850/2133/1
f 1954/2124/1 1975/2136/1 1974/2123/1
f 1608/2137/1 1598/2128/1 1609/2126/1
f 1848/2138/1 1853/2130/1 1849/2135/1
f 1976/2132/1 1839/2139/1 1838/2134/1
f 1847/2140/1 1853/2130/1 1848/2138/1
f 1846/2141/1 1853/2130/1 1847/2140/1
f 1845/2142/1 1853/2130/1 1846/2141/1
f 1976/2132/1 1840/2143/1 1839/2139/1
f 1954/2124/1 1976/2132/1 1975/2136/1
f 1844/2144/1 1853/2130/1 1845/2142/1
f 1607/2145/1 1598/2128/1 1608/2137/1
f 1843/2146/1 1853/2130/1 1844/2144/1
f 1842/2147/1 1853/2130/1 1843/2146/1
f 1841/2148/1 1853/2130/1 1842/2147/1
f 1840/2143/1 1853/2130/1 1841/2148/1
f 1954/2124/1 1840/2143/1 1976/2132/1
f 1954/2124/1 1853/2130/1 1840/2143/1
f 1954/2124/1 1854/2149/1 1853/2130/1
f 1607/2145/1 1599/2150/1 1598/2128/1
f 1606/2151/1 1599/2150/1 1607/2145/1
f 1953/2152/1 1854/2149/1 1954/2124/1
f 1953/2152/1 1855/2153/1 1854/2149/1
f 1605/2154/1 1599/2150/1 1606/2151/1
f 1953/2152/1 1856/2155/1 1855/2153/1
f 1605/2154/1 1600/2156/1 1599/2150/1
f 1604/2157/1 1600/2156/1 1605/2154/1
f 1953/2152/1 1857/2158/1 1856/2155/1
f 1952/2159/1 1857/2158/1 1953/2152/1
f 1826/2112/1 1617/2160/1 1616/2114/1
f 1603/2161/1 1600/2156/1 1604/2157/1
f 1603/2161/1 1601/2162/1 1600/2156/1
f 1825/2163/1 1617/2160/1 1826/2112/1
f 1602/2164/1 1601/2162/1 1603/2161/1
f 1952/2159/1 1858/2165/1 1857/2158/1
f 1951/2166/1 1858/2165/1 1952/2159/1
f 1951/2166/1 1859/2167/1 1858/2165/1
f 1950/2168/1 1859/2167/1 1951/2166/1
f 1950/2168/1 1860/2169/1 1859/2167/1
f 1825/2163/1 1618/2170/1 1617/2160/1
f 1824/2171/1 1618/2170/1 1825/2163/1
f 1950/2168/1 1861/2172/1 1860/2169/1
f 1950/2168/1 1862/2173/1 1861/2172/1
f 1949/2174/1 1862/2173/1 1950/2168/1
f 1949/2174/1 1863/2175/1 1862/2173/1
f 1824/2171/1 1701/2176/1 1618/2170/1
f 1701/2176/1 1619/2177/1 1618/2170/1
f 1823/2178/1 1753/2179/1 1824/2171/1
f 1753/2179/1 1701/2176/1 1824/2171/1
f 1949/2174/1 1864/2180/1 1863/2175/1
f 1949/2174/1 1865/2181/1 1864/2180/1
f 1823/2178/1 1754/2182/1 1753/2179/1
f 1752/2183/1 1701/2176/1 1753/2179/1
f 1752/2183/1 1702/2184/1 1701/2176/1
f 1700/2185/1 1619/2177/1 1701/2176/1
f 1949/2174/1 1866/2186/1 1865/2181/1
f 1948/2187/1 1866/2186/1 1949/2174/1
f 1700/2185/1 1620/2188/1 1619/2177/1
f 1822/2189/1 1754/2182/1 1823/2178/1
f 1699/2190/1 1620/2188/1 1700/2185/1
f 1822/2189/1 1755/2191/1 1754/2182/1
f 1947/2192/1 1866/2186/1 1948/2187/1
f 1947/2192/1 1867/2193/1 1866/2186/1
f 1699/2190/1 1621/2194/1 1620/2188/1
f 1821/2195/1 1755/2191/1 1822/2189/1
f 1946/2196/1 1867/2193/1 1947/2192/1
f 1698/2197/1 1621/2194/1 1699/2190/1
f 1698/2197/1 1622/2198/1 1621/2194/1
f 1821/2195/1 1756/2199/1 1755/2191/1
f 1946/2196/1 1868/2200/1 1867/2193/1
f 1820/2201/1 1756/2199/1 1821/2195/1
f 1698/2197/1 1623/2202/1 1622/2198/1
f 1945/2203/1 1868/2200/1 1946/2196/1
f 1697/2204/1 1623/2202/1 1698/2197/1
f 1819/2205/1 1756/2199/1 1820/2201/1
f 1819/2205/1 1757/2206/1 1756/2199/1
f 1945/2203/1 1869/2207/1 1868/2200/1
f 1697/2204/1 1624/2208/1 1623/2202/1
f 1944/2209/1 1869/2207/1 1945/2203/1
f 1818/2210/1 1757/2206/1 1819/2205/1
f 1696/2211/1 1624/2208/1 1697/2204/1
f 1818/2210/1 1758/2212/1 1757/2206/1
f 1944/2209/1 1870/2213/1 1869/2207/1
f 1696/2211/1 1625/2214/1 1624/2208/1
f 1943/2215/1 1870/2213/1 1944/2209/1
f 1817/2216/1 1758/2212/1 1818/2210/1
f 1695/2217/1 1625/2214/1 1696/2211/1
f 1817/2216/1 1759/2218/1 1758/2212/1
f 1943/2215/1 1871/2219/1 1870/2213/1
f 1695/2217/1 1626/2220/1 1625/2214/1
f 1942/2221/1 1871/2219/1 1943/2215/1
f 1816/2222/1 1759/2218/1 1817/2216/1
f 1694/2223/1 1626/2220/1 1695/2217/1
f 1816/2222/1 1760/2224/1 1759/2218/1
f 1942/2221/1 1872/2225/1 1871/2219/1
f 1694/2223/1 1627/2226/1 1626/2220/1
f 1815/2227/1 1760/2224/1 1816/2222/1
f 1941/2228/1 1872/2225/1 1942/2221/1
f 1693/2229/1 1627/2226/1 1694/2223/1
f 1815/2227/1 1761/2230/1 1760/2224/1
f 1693/2229/1 1628/2231/1 1627/2226/1
f 1693/2229/1 1629/2232/1 1628/2231/1
f 1941/2228/1 1873/2233/1 1872/2225/1
f 1814/2234/1 1761/2230/1 1815/2227/1
f 1693/2229/1 1630/2235/1 1629/2232/1
f 1940/2236/1 1873/2233/1 1941/2228/1
f 1813/2237/1 1761/2230/1 1814/2234/1
f 1693/2229/1 1631/2238/1 1630/2235/1
f 1693/2229/1 1632/2239/1 1631/2238/1
f 1812/2240/1 1761/2230/1 1813/2237/1
f 1693/2229/1 1633/2241/1 1632/2239/1
f 1811/2242/1 1761/2230/1 1812/2240/1
f 1692/2243/1 1633/2241/1 1693/2229/1
f 1692/2243/1 1634/2244/1 1633/2241/1
f 1810/2245/1 1761/2230/1 1811/2242/1
f 1692/2243/1 1635/2246/1 1634/2244/1
f 1810/2245/1 1762/2247/1 1761/2230/1
f 1692/2243/1 1636/2248/1 1635/2246/1
f 1809/2249/1 1762/2247/1 1810/2245/1
f 1692/2243/1 1637/2250/1 1636/2248/1
f 1650/2251/1 1652/2252/1 1651/2253/1
f 1692/2243/1 1638/2254/1 1637/2250/1
f 1808/2255/1 1762/2247/1 1809/2249/1
f 1649/2256/1 1652/2252/1 1650/2251/1
f 1648/452/1 1652/2252/1 1649/2256/1
f 1647/2257/1 1652/2252/1 1648/452/1
f 1646/2258/1 1652/2252/1 1647/2257/1
f 1692/2243/1 1639/2259/1 1638/2254/1
f 1645/2260/1 1652/2252/1 1646/2258/1
f 1644/2261/1 1652/2252/1 1645/2260/1
f 1643/2262/1 1652/2252/1 1644/2261/1
f 1642/2263/1 1652/2252/1 1643/2262/1
f 1641/2264/1 1652/2252/1 1642/2263/1
f 1640/2265/1 1652/2252/1 1641/2264/1
f 1639/2259/1 1652/2252/1 1640/2265/1
f 1692/2243/1 1652/2252/1 1639/2259/1
f 1940/2236/1 1874/2266/1 1873/2233/1
f 1939/2267/1 1874/2266/1 1940/2236/1
f 1807/2268/1 1762/2247/1 1808/2255/1
f 1806/2269/1 1762/2247/1 1807/2268/1
f 1692/2243/1 1653/2270/1 1652/2252/1
f 1805/2271/1 1762/2247/1 1806/2269/1
f 1804/2272/1 1762/2247/1 1805/2271/1
f 1692/2243/1 1654/2273/1 1653/2270/1
f 1803/2274/1 1762/2247/1 1804/2272/1
f 1802/2275/1 1762/2247/1 1803/2274/1
f 1692/2243/1 1655/2276/1 1654/2273/1
f 1801/2277/1 1762/2247/1 1802/2275/1
f 1800/2278/1 1762/2247/1 1801/2277/1
f 1692/2243/1 1656/2279/1 1655/2276/1
f 1691/2280/1 1656/2279/1 1692/2243/1
f 1799/2281/1 1762/2247/1 1800/2278/1
f 1691/2280/1 1657/2282/1 1656/2279/1
f 1798/2283/1 1762/2247/1 1799/2281/1
f 1798/2283/1 1763/2284/1 1762/2247/1
f 1691/2280/1 1658/2285/1 1657/2282/1
f 1938/2286/1 1874/2266/1 1939/2267/1
f 1797/2287/1 1763/2284/1 1798/2283/1
f 1938/2286/1 1875/2288/1 1874/2266/1
f 1691/2280/1 1659/2289/1 1658/2285/1
f 1796/2290/1 1763/2284/1 1797/2287/1
f 1937/2291/1 1875/2288/1 1938/2286/1
f 1691/2280/1 1660/2292/1 1659/2289/1
f 1795/2293/1 1763/2284/1 1796/2290/1
f 1936/2294/1 1875/2288/1 1937/2291/1
f 1690/2295/1 1660/2292/1 1691/2280/1
f 1690/2295/1 1661/2296/1 1660/2292/1
f 1794/2297/1 1763/2284/1 1795/2293/1
f 1935/2298/1 1875/2288/1 1936/2294/1
f 1794/2297/1 1764/2299/1 1763/2284/1
f 1793/2300/1 1764/2299/1 1794/2297/1
f 1690/2295/1 1662/2301/1 1661/2296/1
f 1934/2302/1 1875/2288/1 1935/2298/1
f 1934/2302/1 1876/2303/1 1875/2288/1
f 1792/2304/1 1764/2299/1 1793/2300/1
f 1690/2295/1 1663/2305/1 1662/2301/1
f 1933/2306/1 1876/2303/1 1934/2302/1
f 1791/2307/1 1764/2299/1 1792/2304/1
f 1690/2295/1 1664/2308/1 1663/2305/1
f 1689/2309/1 1664/2308/1 1690/2295/1
f 1932/2310/1 1876/2303/1 1933/2306/1
f 1689/2309/1 1665/2311/1 1664/2308/1
f 1791/2307/1 1765/2312/1 1764/2299/1
f 1790/2313/1 1765/2312/1 1791/2307/1
f 1931/2314/1 1876/2303/1 1932/2310/1
f 1789/2315/1 1765/2312/1 1790/2313/1
f 1931/2314/1 1877/2316/1 1876/2303/1
f 1930/2317/1 1877/2316/1 1931/2314/1
f 1689/2309/1 1666/2318/1 1665/2311/1
f 1929/2319/1 1877/2316/1 1930/2317/1
f 1788/2320/1 1765/2312/1 1789/2315/1
f 1928/2321/1 1877/2316/1 1929/2319/1
f 1689/2309/1 1667/2322/1 1666/2318/1
f 1688/2323/1 1667/2322/1 1689/2309/1
f 1927/2324/1 1877/2316/1 1928/2321/1
f 1926/2325/1 1925/2326/1 1927/2324/1
f 1925/2326/1 1924/2327/1 1927/2324/1
f 1924/2327/1 1923/2328/1 1927/2324/1
f 1923/2328/1 1922/173/1 1927/2324/1
f 1922/173/1 1921/2329/1 1927/2324/1
f 1921/2329/1 1920/2330/1 1927/2324/1
f 1920/2330/1 1919/2331/1 1927/2324/1
f 1919/2331/1 1918/2332/1 1927/2324/1
f 1918/2332/1 1917/2333/1 1927/2324/1
f 1917/2333/1 1916/2334/1 1927/2324/1
f 1916/2334/1 1915/2335/1 1927/2324/1
f 1915/2335/1 1914/2336/1 1927/2324/1
f 1914/2336/1 1877/2316/1 1927/2324/1
f 1787/2337/1 1765/2312/1 1788/2320/1
f 1787/2337/1 1766/2338/1 1765/2312/1
f 1751/2339/1 1702/2184/1 1752/2183/1
f 1751/2339/1 1703/2340/1 1702/2184/1
f 1687/2341/1 1667/2322/1 1688/2323/1
f 1913/2342/1 1877/2316/1 1914/2336/1
f 1912/2343/1 1877/2316/1 1913/2342/1
f 1911/2344/1 1877/2316/1 1912/2343/1
f 1687/2341/1 1668/2345/1 1667/2322/1
f 1910/2346/1 1877/2316/1 1911/2344/1
f 1909/2347/1 1877/2316/1 1910/2346/1
f 1787/2337/1 1767/2348/1 1766/2338/1
f 1908/2349/1 1877/2316/1 1909/2347/1
f 1908/2349/1 1878/2350/1 1877/2316/1
f 1686/2351/1 1668/2345/1 1687/2341/1
f 1907/2352/1 1878/2350/1 1908/2349/1
f 1750/2353/1 1703/2340/1 1751/2339/1
f 1750/2353/1 1704/2354/1 1703/2340/1
f 1786/2355/1 1767/2348/1 1787/2337/1
f 1906/2356/1 1878/2350/1 1907/2352/1
f 1686/2351/1 1669/2357/1 1668/2345/1
f 1786/2355/1 1768/2358/1 1767/2348/1
f 1905/2359/1 1878/2350/1 1906/2356/1
f 1905/2359/1 1879/2360/1 1878/2350/1
f 1685/2361/1 1669/2357/1 1686/2351/1
f 1904/2362/1 1879/2360/1 1905/2359/1
f 1749/2363/1 1704/2354/1 1750/2353/1
f 1749/2363/1 1705/2364/1 1704/2354/1
f 1785/2365/1 1768/2358/1 1786/2355/1
f 1903/2366/1 1879/2360/1 1904/2362/1
f 1785/2365/1 1769/2367/1 1768/2358/1
f 1684/2368/1 1669/2357/1 1685/2361/1
f 1684/2368/1 1670/2369/1 1669/2357/1
f 1903/2366/1 1880/2370/1 1879/2360/1
f 1902/2371/1 1880/2370/1 1903/2366/1
f 1901/2372/1 1880/2370/1 1902/2371/1
f 1785/2365/1 1770/2373/1 1769/2367/1
f 1748/2374/1 1705/2364/1 1749/2363/1
f 1748/2374/1 1706/2375/1 1705/2364/1
f 1784/2376/1 1770/2373/1 1785/2365/1
f 1683/2377/1 1670/2369/1 1684/2368/1
f 1900/2378/1 1880/2370/1 1901/2372/1
f 1900/2378/1 1881/2379/1 1880/2370/1
f 1683/2377/1 1671/2380/1 1670/2369/1
f 1784/2376/1 1771/2381/1 1770/2373/1
f 1899/2382/1 1881/2379/1 1900/2378/1
f 1682/2383/1 1671/2380/1 1683/2377/1
f 1747/2384/1 1706/2375/1 1748/2374/1
f 1747/2384/1 1707/2385/1 1706/2375/1
f 1783/2386/1 1771/2381/1 1784/2376/1
f 1899/2382/1 1882/2387/1 1881/2379/1
f 1682/2383/1 1672/2388/1 1671/2380/1
f 1898/2389/1 1882/2387/1 1899/2382/1
f 1783/2386/1 1772/2390/1 1771/2381/1
f 1681/2391/1 1672/2388/1 1682/2383/1
f 1746/2392/1 1707/2385/1 1747/2384/1
f 1746/2392/1 1708/2393/1 1707/2385/1
f 1782/2394/1 1772/2390/1 1783/2386/1
f 1898/2389/1 1883/2395/1 1882/2387/1
f 1897/2396/1 1883/2395/1 1898/2389/1
f 1681/2391/1 1673/2397/1 1672/2388/1
f 1782/2394/1 1773/2398/1 1772/2390/1
f 1680/2399/1 1673/2397/1 1681/2391/1
f 1896/2400/1 1883/2395/1 1897/2396/1
f 1745/2401/1 1708/2393/1 1746/2392/1
f 1745/2401/1 1709/2402/1 1708/2393/1
f 1781/2403/1 1773/2398/1 1782/2394/1
f 1896/2400/1 1884/2404/1 1883/2395/1
f 1680/2399/1 1674/2405/1 1673/2397/1
f 1781/2403/1 1774/2406/1 1773/2398/1
f 1679/2407/1 1674/2405/1 1680/2399/1
f 1895/2408/1 1884/2404/1 1896/2400/1
f 1780/2409/1 1774/2406/1 1781/2403/1
f 1744/2410/1 1728/2411/1 1745/2401/1
f 1728/2411/1 1727/2412/1 1745/2401/1
f 1727/2412/1 1709/2402/1 1745/2401/1
f 1727/2412/1 1726/2413/1 1709/2402/1
f 1726/2413/1 1710/2414/1 1709/2402/1
f 1679/2407/1 1675/2415/1 1674/2405/1
f 1780/2409/1 1775/2416/1 1774/2406/1
f 1895/2408/1 1885/2417/1 1884/2404/1
f 1678/2418/1 1675/2415/1 1679/2407/1
f 1744/2410/1 1729/2419/1 1728/2411/1
f 1725/2420/1 1710/2414/1 1726/2413/1
f 1744/2410/1 1730/2421/1 1729/2419/1
f 1724/2422/1 1710/2414/1 1725/2420/1
f 1894/2423/1 1885/2417/1 1895/2408/1
f 1744/2410/1 1731/2424/1 1730/2421/1
f 1723/2425/1 1710/2414/1 1724/2422/1
f 1678/2418/1 1676/2426/1 1675/2415/1
f 1779/2427/1 1775/2416/1 1780/2409/1
f 1779/2427/1 1776/2428/1 1775/2416/1
f 1744/2410/1 1732/2429/1 1731/2424/1
f 1722/2430/1 1710/2414/1 1723/2425/1
f 1743/2431/1 1732/2429/1 1744/2410/1
f 1722/2430/1 1711/2432/1 1710/2414/1
f 1677/2433/1 1676/2426/1 1678/2418/1
f 1894/2423/1 1886/2434/1 1885/2417/1
f 1743/2431/1 1733/2435/1 1732/2429/1
f 1721/2436/1 1711/2432/1 1722/2430/1
f 1893/2437/1 1886/2434/1 1894/2423/1
f 1743/2431/1 1734/2438/1 1733/2435/1
f 1720/2439/1 1711/2432/1 1721/2436/1
f 1778/2440/1 1776/2428/1 1779/2427/1
f 1778/2440/1 1777/2441/1 1776/2428/1
f 1742/2442/1 1734/2438/1 1743/2431/1
f 1720/2439/1 1712/2443/1 1711/2432/1
f 1742/2442/1 1735/2444/1 1734/2438/1
f 1719/2445/1 1712/2443/1 1720/2439/1
f 1893/2437/1 1887/2446/1 1886/2434/1
f 1892/2447/1 1887/2446/1 1893/2437/1
f 1742/2442/1 1736/2448/1 1735/2444/1
f 1718/2449/1 1712/2443/1 1719/2445/1
f 1741/2450/1 1736/2448/1 1742/2442/1
f 1718/2449/1 1713/2451/1 1712/2443/1
f 1741/2450/1 1737/2452/1 1736/2448/1
f 1717/2453/1 1713/2451/1 1718/2449/1
f 1892/2447/1 1888/2454/1 1887/2446/1
f 1891/2455/1 1888/2454/1 1892/2447/1
f 1740/2456/1 1737/2452/1 1741/2450/1
f 1717/2453/1 1714/2457/1 1713/2451/1
f 1740/2456/1 1738/2458/1 1737/2452/1
f 1716/2459/1 1714/2457/1 1717/2453/1
f 1891/2455/1 1889/2460/1 1888/2454/1
f 1740/2456/1 1739/2461/1 1738/2458/1
f 1715/2462/1 1714/2457/1 1716/2459/1
f 1890/2463/1 1889/2460/1 1891/2455/1
f 2761/1/3 2762/3/3 2763/2/3
f 2786/4/3 2787/6/3 2788/5/3
f 2760/7/3 2761/1/3 2763/2/3
f 2786/4/3 2788/5/3 2789/8/3
f 2760/7/3 2763/2/3 2764/9/3
f 2785/10/3 2786/4/3 2789/8/3
f 2759/11/3 2760/7/3 2764/9/3
f 2785/10/3 2789/8/3 2790/12/3
f 2759/11/3 2764/9/3 2765/13/3
f 2784/14/3 2785/10/3 2790/12/3
f 2759/11/3 2765/13/3 2766/15/3
f 2783/16/3 2784/14/3 2790/12/3
f 2758/17/3 2759/11/3 2766/15/3
f 2783/16/3 2790/12/3 2791/18/3
f 2758/17/3 2766/15/3 2767/19/3
f 2782/20/3 2783/16/3 2791/18/3
f 2758/17/3 2767/19/3 2768/21/3
f 2781/22/3 2782/20/3 2791/18/3
f 2757/23/3 2758/17/3 2768/21/3
f 2781/22/3 2791/18/3 2792/24/3
f 2757/23/3 2768/21/3 2769/25/3
f 2780/26/3 2781/22/3 2792/24/3
f 2757/23/3 2769/25/3 2770/27/3
f 2779/28/3 2780/26/3 2792/24/3
f 2756/29/3 2757/23/3 2770/27/3
f 2779/28/3 2792/24/3 2793/30/3
f 2756/29/3 2770/27/3 2771/31/3
f 2778/32/3 2779/28/3 2793/30/3
f 2756/29/3 2771/31/3 2772/33/3
f 2777/34/3 2778/32/3 2793/30/3
f 2756/29/3 2772/33/3 2773/35/3
f 2776/36/3 2777/34/3 2793/30/3
f 2756/29/3 2773/35/3 2774/37/3
f 2775/38/3 2776/36/3 2793/30/3
f 2756/29/3 2774/37/3 2775/38/3
f 2756/29/3 2775/38/3 2793/30/3
f 2755/39/3 2756/29/3 2793/30/3
f 2755/39/3 2793/30/3 2794/40/3
f 2754/41/3 2755/39/3 2794/40/3
f 2754/41/3 2794/40/3 2795/42/3
f 2753/43/3 2754/41/3 2795/42/3
f 2753/43/3 2795/42/3 2796/44/3
f 2752/45/3 2753/43/3 2796/44/3
f 2752/45/3 2796/44/3 2797/46/3
f 2751/47/3 2752/45/3 2797/46/3
f 2751/47/3 2797/46/3 2798/48/3
f 2750/49/3 2751/47/3 2798/48/3
f 2750/49/3 2798/48/3 2799/50/3
f 2749/51/3 2750/49/3 2799/50/3
f 2749/51/3 2799/50/3 2800/52/3
f 2748/53/3 2749/51/3 2940/54/3
f 2940/54/3 2749/51/3 2800/52/3
f 2940/54/3 2800/52/3 2943/55/3
f 2943/55/3 2800/52/3 2945/56/3
f 2945/56/3 2800/52/3 2944/57/3
f 2944/57/3 2800/52/3 2801/58/3
f 2748/53/3 2940/54/3 2941/59/3
f 2942/60/3 2943/55/3 2945/56/3
f 2942/60/3 2945/56/3 2946/61/3
f 2947/62/3 2944/57/3 2801/58/3
f 2748/53/3 2941/59/3 2951/63/3
f 2951/63/3 2941/59/3 2942/60/3
f 2951/63/3 2942/60/3 2946/61/3
f 2951/63/3 2946/61/3 2947/62/3
f 2951/63/3 2947/62/3 2950/64/3
f 2950/64/3 2947/62/3 2954/65/3
f 2954/65/3 2947/62/3 2953/66/3
f 2953/66/3 2947/62/3 2801/58/3
f 2748/53/3 2951/63/3 2948/67/3
f 2949/68/3 2950/64/3 2954/65/3
f 2949/68/3 2954/65/3 2955/69/3
f 2952/70/3 2953/66/3 2801/58/3
f 2748/53/3 2948/67/3 2949/68/3
f 2748/53/3 2949/68/3 2955/69/3
f 2748/53/3 2955/69/3 2952/70/3
f 2748/53/3 2952/70/3 2801/58/3
f 2748/53/3 2801/58/3 2802/71/3
f 2748/53/3 2802/71/3 2803/72/3
f 2747/73/3 2748/53/3 2803/72/3
f 2747/73/3 2803/72/3 2804/74/3
f 2746/75/3 2747/73/3 2804/74/3
f 2745/76/3 2746/75/3 2804/74/3
f 2745/76/3 2804/74/3 2805/77/3
f 2744/78/3 2745/76/3 2805/77/3
f 2744/78/3 2805/77/3 2806/79/3
f 2743/80/3 2744/78/3 2806/79/3
f 2743/80/3 2806/79/3 2807/81/3
f 2742/82/3 2743/80/3 2807/81/3
f 2742/82/3 2807/81/3 2808/83/3
f 2741/84/3 2742/82/3 2808/83/3
f 2741/84/3 2808/83/3 2826/85/3
f 2826/85/3 2808/83/3 2825/86/3
f 2825/86/3 2808/83/3 2809/87/3
f 2740/88/3 2741/84/3 2724/89/3
f 2724/89/3 2741/84/3 2723/90/3
f 2723/90/3 2741/84/3 2826/85/3
f 2722/91/1 2723/90/1 2826/85/1
f 2721/92/3 2722/91/3 2523/93/3
f 2523/93/1 2722/91/1 2826/85/1
f 2721/92/3 2523/93/3 2524/94/3
f 2522/95/3 2523/93/3 2826/85/3
f 2521/96/3 2522/95/3 2827/97/3
f 2827/97/1 2522/95/1 2826/85/1
f 2521/96/3 2827/97/3 2828/98/3
f 2740/88/3 2724/89/3 2725/99/3
f 2824/100/3 2825/86/3 2809/87/3
f 2740/88/3 2725/99/3 2726/101/3
f 2823/102/3 2824/100/3 2809/87/3
f 2740/88/3 2726/101/3 2727/103/3
f 2822/104/3 2823/102/3 2809/87/3
f 2740/88/3 2727/103/3 2728/105/3
f 2739/106/3 2740/88/3 2728/105/3
f 2821/107/3 2822/104/3 2809/87/3
f 2821/107/3 2809/87/3 2810/108/3
f 2739/106/3 2728/105/3 2729/109/3
f 2820/110/3 2821/107/3 2810/108/3
f 2739/106/3 2729/109/3 2730/111/3
f 2721/92/3 2524/94/3 2525/112/3
f 2520/113/3 2521/96/3 2828/98/3
f 2720/114/3 2721/92/3 2525/112/3
f 2520/113/3 2828/98/3 2829/115/3
f 2819/116/3 2820/110/3 2810/108/3
f 2738/117/3 2739/106/3 2730/111/3
f 2738/117/3 2730/111/3 2731/118/3
f 2819/116/3 2810/108/3 2811/119/3
f 2818/120/3 2819/116/3 2811/119/3
f 2738/117/3 2731/118/3 2732/121/3
f 2737/122/3 2738/117/3 2732/121/3
f 2817/123/3 2818/120/3 2811/119/3
f 2737/122/3 2732/121/3 2733/124/3
f 2720/114/3 2525/112/3 2526/125/3
f 2519/126/3 2520/113/3 2829/115/3
f 2817/123/3 2811/119/3 2812/127/3
f 2737/122/3 2733/124/3 2734/128/3
f 2816/129/3 2817/123/3 2812/127/3
f 2736/130/3 2737/122/3 2734/128/3
f 2719/131/3 2720/114/3 2526/125/3
f 2519/126/3 2829/115/3 2830/132/3
f 2736/130/3 2734/128/3 2735/133/3
f 2815/134/3 2816/129/3 2812/127/3
f 2815/134/3 2812/127/3 2813/135/3
f 2719/131/3 2526/125/3 2527/136/3
f 2518/137/3 2519/126/3 2830/132/3
f 2814/138/3 2815/134/3 2813/135/3
f 2718/139/3 2719/131/3 2527/136/3
f 2518/137/3 2830/132/3 2831/140/3
f 2718/139/3 2527/136/3 2528/141/3
f 2517/142/3 2518/137/3 2831/140/3
f 2718/139/3 2528/141/3 2529/143/3
f 2516/144/3 2517/142/3 2831/140/3
f 2717/145/3 2718/139/3 2529/143/3
f 2516/144/3 2831/140/3 2832/146/3
f 2717/145/3 2529/143/3 2530/147/3
f 2515/148/3 2516/144/3 2832/146/3
f 2716/149/3 2717/145/3 2530/147/3
f 2515/148/3 2832/146/3 2833/150/3
f 2716/149/3 2530/147/3 2531/151/3
f 2514/152/3 2515/148/3 2833/150/3
f 2716/149/3 2531/151/3 2532/153/3
f 2513/154/3 2514/152/3 2833/150/3
f 2715/155/3 2716/149/3 2532/153/3
f 2513/154/3 2833/150/3 2834/156/3
f 2715/155/3 2532/153/3 2533/157/3
f 2512/158/3 2513/154/3 2834/156/3
f 2714/159/3 2715/155/3 2533/157/3
f 2512/158/3 2834/156/3 2835/160/3
f 2496/161/3 2497/163/3 2498/162/3
f 2714/159/3 2533/157/3 2534/164/3
f 2511/165/3 2512/158/3 2835/160/3
f 2496/161/3 2498/162/3 2499/166/3
f 2495/167/3 2496/161/3 2499/166/3
f 2495/167/3 2499/166/3 2500/168/3
f 2494/169/3 2495/167/3 2500/168/3
f 2494/169/3 2500/168/3 2501/170/3
f 2493/171/3 2494/169/3 2501/170/3
f 2493/171/3 2501/170/3 2502/172/3
f 2713/173/3 2714/159/3 2534/164/3
f 2511/165/3 2835/160/3 2836/174/3
f 2713/173/3 2534/164/3 2535/175/3
f 2510/176/3 2511/165/3 2836/174/3
f 2493/171/3 2502/172/3 2503/177/3
f 2492/178/3 2493/171/3 2503/177/3
f 2547/179/3 2548/181/3 2549/180/3
f 2492/178/3 2503/177/3 2504/182/3
f 2546/183/3 2547/179/3 2549/180/3
f 2545/184/3 2546/183/3 2549/180/3
f 2492/178/3 2504/182/3 2505/185/3
f 2544/186/3 2545/184/3 2549/180/3
f 2544/186/3 2549/180/3 2550/187/3
f 2543/188/3 2544/186/3 2550/187/3
f 2543/188/3 2550/187/3 2551/189/3
f 2542/190/3 2543/188/3 2551/189/3
f 2492/178/3 2505/185/3 2506/191/3
f 2491/192/3 2492/178/3 2506/191/3
f 2542/190/3 2551/189/3 2552/193/3
f 2541/194/3 2542/190/3 2552/193/3
f 2491/192/3 2506/191/3 2507/195/3
f 2540/196/3 2541/194/3 2552/193/3
f 2540/196/3 2552/193/3 2553/197/3
f 2539/198/3 2540/196/3 2553/197/3
f 2491/192/3 2507/195/3 2508/199/3
f 2538/200/3 2539/198/3 2553/197/3
f 2537/201/3 2538/200/3 2553/197/3
f 2491/192/3 2508/199/3 2509/202/3
f 2537/201/3 2553/197/3 2554/203/3
f 2536/204/3 2537/201/3 2554/203/3
f 2713/173/3 2535/175/3 2536/204/3
f 2713/173/3 2536/204/3 2554/203/3
f 2491/192/3 2509/202/3 2510/176/3
f 2491/192/3 2510/176/3 2836/174/3
f 2712/205/3 2713/173/3 2554/203/3
f 2491/192/3 2836/174/3 2837/206/3
f 2712/205/3 2554/203/3 2555/207/3
f 2490/208/3 2491/192/3 2837/206/3
f 2712/205/3 2555/207/3 2556/209/3
f 2712/205/3 2556/209/3 2557/210/3
f 2712/205/3 2557/210/3 2558/211/3
f 2489/212/3 2490/208/3 2837/206/3
f 2712/205/3 2558/211/3 2559/213/3
f 2712/205/3 2559/213/3 2560/214/3
f 2711/215/3 2712/205/3 2560/214/3
f 2489/212/3 2837/206/3 2838/216/3
f 2711/215/3 2560/214/3 2561/217/3
f 2697/218/3 2698/220/3 2699/219/3
f 2711/215/3 2561/217/3 2562/221/3
f 2850/222/3 2851/224/3 2852/223/3
f 2488/225/3 2489/212/3 2838/216/3
f 2697/218/3 2699/219/3 2700/226/3
f 2849/227/3 2850/222/3 2852/223/3
f 2697/218/3 2700/226/3 2701/228/3
f 2848/229/3 2849/227/3 2852/223/3
f 2697/218/3 2701/228/3 2702/230/3
f 2847/231/3 2848/229/3 2852/223/3
f 2697/218/3 2702/230/3 2703/232/3
f 2846/233/3 2847/231/3 2852/223/3
f 2696/234/3 2697/218/3 2703/232/3
f 2846/233/3 2852/223/3 2853/235/3
f 2696/234/3 2703/232/3 2704/236/3
f 2845/237/3 2846/233/3 2853/235/3
f 2710/238/3 2711/215/3 2648/239/3
f 2648/239/3 2711/215/3 2562/221/3
f 2488/225/3 2838/216/3 2839/240/3
f 2696/234/3 2704/236/3 2705/241/3
f 2844/242/3 2845/237/3 2853/235/3
f 2696/234/3 2705/241/3 2706/243/3
f 2843/244/3 2844/242/3 2853/235/3
f 2696/234/3 2706/243/3 2707/245/3
f 2842/246/3 2843/244/3 2853/235/3
f 2696/234/3 2707/245/3 2708/247/3
f 2841/248/3 2842/246/3 2853/235/3
f 2696/234/3 2708/247/3 2709/249/3
f 2840/250/3 2841/248/3 2853/235/3
f 2696/234/3 2709/249/3 2710/238/3
f 2839/240/3 2840/250/3 2853/235/3
f 2696/234/3 2710/238/3 2648/239/3
f 2488/225/3 2839/240/3 2853/235/3
f 2695/251/3 2696/234/3 2648/239/3
f 2488/225/3 2853/235/3 2854/252/3
f 2487/253/3 2488/225/3 2854/252/3
f 2695/251/3 2648/239/3 2649/254/3
f 2647/255/3 2648/239/3 2562/221/3
f 2694/256/3 2695/251/3 2649/254/3
f 2487/253/3 2854/252/3 2855/257/3
f 2486/258/3 2487/253/3 2855/257/3
f 2647/255/3 2562/221/3 2563/259/3
f 2693/260/3 2694/256/3 2649/254/3
f 2486/258/3 2855/257/3 2856/261/3
f 2485/262/3 2486/258/3 2901/263/3
f 2901/263/3 2486/258/3 2856/261/3
f 2693/260/3 2649/254/3 2650/264/3
f 2692/265/3 2693/260/3 2650/264/3
f 2901/263/3 2856/261/3 2857/266/3
f 2485/262/3 2901/263/3 2902/267/3
f 2900/268/3 2901/263/3 2857/266/3
f 2484/269/3 2485/262/3 2902/267/3
f 2691/270/3 2692/265/3 2650/264/3
f 2900/268/3 2857/266/3 2858/271/3
f 2483/272/3 2484/269/3 2902/267/3
f 2691/270/3 2650/264/3 2651/273/3
f 2899/274/3 2900/268/3 2858/271/3
f 2690/275/3 2691/270/3 2651/273/3
f 2899/274/3 2858/271/3 2859/276/3
f 2898/277/3 2899/274/3 2859/276/3
f 2690/275/3 2651/273/3 2652/278/3
f 2689/279/3 2690/275/3 2652/278/3
f 2898/277/3 2859/276/3 2860/280/3
f 2646/281/3 2647/255/3 2563/259/3
f 2897/282/3 2898/277/3 2860/280/3
f 2689/279/3 2652/278/3 2653/283/3
f 2688/284/3 2689/279/3 2653/283/3
f 2897/282/3 2860/280/3 2861/285/3
f 2896/286/3 2897/282/3 2861/285/3
f 2687/287/3 2688/284/3 2653/283/3
f 2896/286/3 2861/285/3 2862/288/3
f 2687/287/3 2653/283/3 2654/289/3
f 2646/281/3 2563/259/3 2564/290/3
f 2895/291/3 2896/286/3 2862/288/3
f 2686/292/3 2687/287/3 2654/289/3
f 2895/291/3 2862/288/3 2863/293/3
f 2686/292/3 2654/289/3 2655/294/3
f 2894/295/3 2895/291/3 2863/293/3
f 2685/296/3 2686/292/3 2655/294/3
f 2894/295/3 2863/293/3 2864/297/3
f 2685/296/3 2655/294/3 2656/298/3
f 2684/299/3 2685/296/3 2656/298/3
f 2894/295/3 2864/297/3 2865/300/3
f 2893/301/3 2894/295/3 2865/300/3
f 2645/302/3 2646/281/3 2564/290/3
f 2684/299/3 2656/298/3 2657/303/3
f 2892/304/3 2893/301/3 2865/300/3
f 2683/305/3 2684/299/3 2657/303/3
f 2892/304/3 2865/300/3 2866/306/3
f 2683/305/3 2657/303/3 2658/307/3
f 2891/308/3 2892/304/3 2866/306/3
f 2682/309/3 2683/305/3 2658/307/3
f 2891/308/3 2866/306/3 2867/310/3
f 2682/309/3 2658/307/3 2659/311/3
f 2890/312/3 2891/308/3 2867/310/3
f 2681/313/3 2682/309/3 2659/311/3
f 2890/312/3 2867/310/3 2868/314/3
f 2681/313/3 2659/311/3 2660/315/3
f 2645/302/3 2564/290/3 2565/316/3
f 2889/317/3 2890/312/3 2868/314/3
f 2644/318/3 2645/302/3 2565/316/3
f 2680/319/3 2681/313/3 2660/315/3
f 2889/317/3 2868/314/3 2869/320/3
f 2680/319/3 2660/315/3 2661/321/3
f 2888/322/3 2889/317/3 2869/320/3
f 2680/319/3 2661/321/3 2662/323/3
f 2887/324/3 2888/322/3 2869/320/3
f 2680/319/3 2662/323/3 2663/325/3
f 2886/326/3 2887/324/3 2869/320/3
f 2679/327/3 2680/319/3 2663/325/3
f 2886/326/3 2869/320/3 2870/328/3
f 2679/327/3 2663/325/3 2664/329/3
f 2885/330/3 2886/326/3 2870/328/3
f 2679/327/3 2664/329/3 2665/331/3
f 2678/332/3 2679/327/3 2665/331/3
f 2885/330/3 2870/328/3 2871/333/3
f 2884/334/3 2885/330/3 2871/333/3
f 2643/335/3 2644/318/3 2565/316/3
f 2678/332/3 2665/331/3 2666/336/3
f 2883/337/3 2884/334/3 2871/333/3
f 2677/338/3 2678/332/3 2666/336/3
f 2883/337/3 2871/333/3 2872/339/3
f 2677/338/3 2666/336/3 2667/340/3
f 2882/341/3 2883/337/3 2872/339/3
f 2643/335/3 2565/316/3 2566/342/3
f 2677/338/3 2667/340/3 2668/343/3
f 2676/344/3 2677/338/3 2668/343/3
f 2882/341/3 2872/339/3 2873/345/3
f 2881/346/3 2882/341/3 2873/345/3
f 2676/344/3 2668/343/3 2669/347/3
f 2880/348/3 2881/346/3 2873/345/3
f 2642/349/3 2643/335/3 2566/342/3
f 2675/350/3 2676/344/3 2669/347/3
f 2880/348/3 2873/345/3 2874/351/3
f 2675/350/3 2669/347/3 2670/352/3
f 2879/353/3 2880/348/3 2874/351/3
f 2674/354/3 2675/350/3 2670/352/3
f 2879/353/3 2874/351/3 2875/355/3
f 2674/354/3 2670/352/3 2671/356/3
f 2878/357/3 2879/353/3 2875/355/3
f 2673/358/3 2674/354/3 2671/356/3
f 2878/357/3 2875/355/3 2876/359/3
f 2673/358/3 2671/356/3 2672/360/3
f 2877/361/3 2878/357/3 2876/359/3
f 2641/362/3 2642/349/3 2566/342/3
f 2641/362/3 2566/342/3 2567/363/3
f 2640/364/3 2641/362/3 2567/363/3
f 2639/365/3 2640/364/3 2567/363/3
f 2639/365/3 2567/363/3 2568/366/3
f 2638/367/3 2639/365/3 2568/366/3
f 2637/368/3 2638/367/3 2568/366/3
f 2637/368/3 2568/366/3 2569/369/3
f 2636/370/3 2637/368/3 2569/369/3
f 2611/371/3 2612/373/3 2613/372/3
f 2611/371/3 2613/372/3 2614/374/3
f 2635/375/3 2636/370/3 2569/369/3
f 2611/371/3 2614/374/3 2615/376/3
f 2634/377/3 2635/375/3 2569/369/3
f 2611/371/3 2615/376/3 2616/378/3
f 2633/379/3 2634/377/3 2569/369/3
f 2611/371/3 2616/378/3 2617/380/3
f 2632/381/3 2633/379/3 2569/369/3
f 2611/371/3 2617/380/3 2618/382/3
f 2610/383/3 2611/371/3 2618/382/3
f 2631/384/3 2632/381/3 2569/369/3
f 2610/383/3 2618/382/3 2619/385/3
f 2630/386/3 2631/384/3 2569/369/3
f 2630/386/3 2569/369/3 2570/387/3
f 2610/383/3 2619/385/3 2620/388/3
f 2629/389/3 2630/386/3 2570/387/3
f 2610/383/3 2620/388/3 2621/390/3
f 2628/391/3 2629/389/3 2570/387/3
f 2627/392/3 2628/391/3 2570/387/3
f 2610/383/3 2621/390/3 2622/393/3
f 2626/394/3 2627/392/3 2570/387/3
f 2610/383/3 2622/393/3 2623/395/3
f 2625/396/3 2626/394/3 2570/387/3
f 2610/383/3 2623/395/3 2624/397/3
f 2624/397/3 2625/396/3 2570/387/3
f 2610/383/3 2624/397/3 2570/387/3
f 2609/398/3 2610/383/3 2570/387/3
f 2608/399/3 2609/398/3 2570/387/3
f 2607/400/3 2608/399/3 2570/387/3
f 2606/401/3 2607/400/3 2570/387/3
f 2605/402/3 2606/401/3 2570/387/3
f 2605/402/3 2570/387/3 2571/403/3
f 2604/404/3 2605/402/3 2571/403/3
f 2603/405/3 2604/404/3 2571/403/3
f 2602/406/3 2603/405/3 2571/403/3
f 2482/407/3 2483/272/3 2902/267/3
f 2482/407/3 2902/267/3 2903/408/3
f 2601/409/3 2602/406/3 2571/403/3
f 2601/409/3 2571/403/3 2572/410/3
f 2481/411/3 2482/407/3 2903/408/3
f 2481/411/3 2903/408/3 2904/412/3
f 2600/413/3 2601/409/3 2572/410/3
f 2480/414/3 2481/411/3 2904/412/3
f 2480/414/3 2904/412/3 2905/415/3
f 2599/416/3 2600/413/3 2572/410/3
f 2598/417/3 2599/416/3 2572/410/3
f 2479/418/3 2480/414/3 2905/415/3
f 2479/418/3 2905/415/3 2906/419/3
f 2598/417/3 2572/410/3 2573/420/3
f 2597/421/3 2598/417/3 2573/420/3
f 2478/422/3 2479/418/3 2906/419/3
f 2478/422/3 2906/419/3 2907/423/3
f 2596/424/3 2597/421/3 2573/420/3
f 2477/425/3 2478/422/3 2907/423/3
f 2477/425/3 2907/423/3 2908/426/3
f 2596/424/3 2573/420/3 2574/427/3
f 2595/428/3 2596/424/3 2574/427/3
f 2476/429/3 2477/425/3 2908/426/3
f 2476/429/3 2908/426/3 2909/430/3
f 2594/431/3 2595/428/3 2574/427/3
f 2594/431/3 2574/427/3 2575/432/3
f 2475/433/3 2476/429/3 2928/434/3
f 2928/434/3 2476/429/3 2927/435/3
f 2927/435/3 2476/429/3 2909/430/3
f 2927/435/3 2909/430/3 2926/436/3
f 2926/436/3 2909/430/3 2910/437/3
f 2593/438/3 2594/431/3 2575/432/3
f 2593/438/3 2575/432/3 2576/439/3
f 2475/433/3 2928/434/3 2929/440/3
f 2925/441/3 2926/436/3 2910/437/3
f 2475/433/3 2929/440/3 2930/442/3
f 2924/443/3 2925/441/3 2910/437/3
f 2593/438/3 2576/439/3 2577/444/3
f 2475/433/3 2930/442/3 2931/445/3
f 2923/446/3 2924/443/3 2910/437/3
f 2475/433/3 2931/445/3 2932/447/3
f 2922/448/3 2923/446/3 2910/437/3
f 2474/449/3 2475/433/3 2932/447/3
f 2922/448/3 2910/437/3 2911/450/3
f 2593/438/3 2577/444/3 2578/451/3
f 2592/452/3 2593/438/3 2578/451/3
f 2474/449/3 2932/447/3 2933/453/3
f 2921/454/3 2922/448/3 2911/450/3
f 2592/452/3 2578/451/3 2579/455/3
f 2474/449/3 2933/453/3 2934/456/3
f 2920/457/3 2921/454/3 2911/450/3
f 2473/458/3 2474/449/3 2934/456/3
f 2920/457/3 2911/450/3 2912/459/3
f 2473/458/3 2934/456/3 2935/460/3
f 2919/461/3 2920/457/3 2912/459/3
f 2591/462/3 2592/452/3 2579/455/3
f 2591/462/3 2579/455/3 2580/463/3
f 2473/458/3 2935/460/3 2936/464/3
f 2918/465/3 2919/461/3 2912/459/3
f 2591/462/3 2580/463/3 2581/466/3
f 2472/467/3 2473/458/3 2936/464/3
f 2918/465/3 2912/459/3 2913/468/3
f 2472/467/3 2936/464/3 2937/469/3
f 2917/470/3 2918/465/3 2913/468/3
f 2590/471/3 2591/462/3 2581/466/3
f 2590/471/3 2581/466/3 2582/472/3
f 2471/473/3 2472/467/3 2937/469/3
f 2917/470/3 2913/468/3 2914/474/3
f 2471/473/3 2937/469/3 2938/475/3
f 2916/476/3 2917/470/3 2914/474/3
f 2590/471/3 2582/472/3 2583/477/3
f 2471/473/3 2938/475/3 2939/478/3
f 2915/479/3 2916/476/3 2914/474/3
f 2589/480/3 2590/471/3 2583/477/3
f 2589/480/3 2583/477/3 2584/481/3
f 2588/482/3 2589/480/3 2584/481/3
f 2588/482/3 2584/481/3 2585/483/3
f 2587/484/3 2588/482/3 2585/483/3
f 2587/484/3 2585/483/3 2586/485/3
f 3478/486/3 3479/488/3 3480/487/3
f 3477/489/3 3478/486/3 3480/487/3
f 3477/489/3 3480/487/3 3481/490/3
f 3476/491/3 3477/489/3 3481/490/3
f 3476/491/3 3481/490/3 3482/492/3
f 3475/493/3 3476/491/3 3482/492/3
f 3475/493/3 3482/492/3 3483/494/3
f 3474/495/3 3475/493/3 3483/494/3
f 3474/495/3 3483/494/3 3484/496/3
f 3474/495/3 3484/496/3 3485/497/3
f 3473/498/3 3474/495/3 3485/497/3
f 3473/498/3 3485/497/3 3486/499/3
f 3472/500/3 3473/498/3 3486/499/3
f 3472/500/3 3486/499/3 3487/501/3
f 3471/502/3 3472/500/3 3487/501/3
f 3471/502/3 3487/501/3 3488/503/3
f 3471/502/3 3488/503/3 3489/504/3
f 3470/505/3 3471/502/3 3489/504/3
f 3470/505/3 3489/504/3 3490/506/3
f 3470/505/3 3490/506/3 3491/507/3
f 3470/505/3 3491/507/3 3492/508/3
f 3469/509/3 3470/505/3 3492/508/3
f 3469/509/3 3492/508/3 3493/510/3
f 3469/509/3 3493/510/3 3494/511/3
f 3469/509/3 3494/511/3 3495/512/3
f 3469/509/3 3495/512/3 3496/513/3
f 3469/509/3 3496/513/3 3497/514/3
f 3514/515/3 3515/517/3 3516/516/3
f 3513/518/3 3514/515/3 3516/516/3
f 3469/509/3 3497/514/3 3498/519/3
f 3512/520/3 3513/518/3 3516/516/3
f 3468/521/3 3469/509/3 3498/519/3
f 3511/522/3 3512/520/3 3516/516/3
f 3468/521/3 3498/519/3 3499/523/3
f 3510/524/3 3511/522/3 3516/516/3
f 3509/525/3 3510/524/3 3516/516/3
f 3468/521/3 3499/523/3 3500/526/3
f 3508/527/3 3509/525/3 3516/516/3
f 3468/521/3 3500/526/3 3501/528/3
f 3507/529/3 3508/527/3 3516/516/3
f 3506/530/3 3507/529/3 3516/516/3
f 3468/521/3 3501/528/3 3502/531/3
f 3505/532/3 3506/530/3 3516/516/3
f 3504/533/3 3505/532/3 3516/516/3
f 3468/521/3 3502/531/3 3503/534/3
f 3503/534/3 3504/533/3 3516/516/3
f 3468/521/3 3503/534/3 3516/516/3
f 3468/521/3 3516/516/3 3517/535/3
f 3468/521/3 3517/535/3 3518/536/3
f 3602/537/3 3603/539/3 3604/538/3
f 3627/540/3 3628/542/3 3629/541/3
f 3467/543/3 3468/521/3 3518/536/3
f 3467/543/3 3518/536/3 3519/544/3
f 3601/545/3 3602/537/3 3604/538/3
f 3627/540/3 3629/541/3 3630/546/3
f 3626/547/3 3627/540/3 3630/546/3
f 3601/545/3 3604/538/3 3605/548/3
f 3467/543/3 3519/544/3 3520/549/3
f 3625/550/3 3626/547/3 3630/546/3
f 3601/545/3 3605/548/3 3606/551/3
f 3600/552/3 3601/545/3 3606/551/3
f 3625/550/3 3630/546/3 3631/553/3
f 3466/554/3 3467/543/3 3520/549/3
f 3466/554/3 3520/549/3 3521/555/3
f 3624/556/3 3625/550/3 3631/553/3
f 3600/552/3 3606/551/3 3607/557/3
f 3599/558/3 3600/552/3 3607/557/3
f 3624/556/3 3631/553/3 3632/559/3
f 3623/560/3 3624/556/3 3632/559/3
f 3599/558/3 3607/557/3 3608/561/3
f 3465/562/3 3466/554/3 3521/555/3
f 3465/562/3 3521/555/3 3522/563/3
f 3622/564/3 3623/560/3 3632/559/3
f 3599/558/3 3608/561/3 3609/565/3
f 3598/566/3 3599/558/3 3609/565/3
f 3622/564/3 3632/559/3 3633/567/3
f 3621/568/3 3622/564/3 3633/567/3
f 3598/566/3 3609/565/3 3610/569/3
f 3465/562/3 3522/563/3 3523/570/3
f 3620/571/3 3621/568/3 3633/567/3
f 3598/566/3 3610/569/3 3611/572/3
f 3619/573/3 3620/571/3 3633/567/3
f 3598/566/3 3611/572/3 3612/574/3
f 3597/575/3 3598/566/3 3612/574/3
f 3619/573/3 3633/567/3 3634/576/3
f 3465/562/3 3523/570/3 3524/577/3
f 3618/578/3 3619/573/3 3634/576/3
f 3597/575/3 3612/574/3 3613/579/3
f 3464/580/3 3465/562/3 3524/577/3
f 3617/581/3 3618/578/3 3634/576/3
f 3597/575/3 3613/579/3 3614/582/3
f 3616/583/3 3617/581/3 3634/576/3
f 3597/575/3 3614/582/3 3615/584/3
f 3597/575/3 3615/584/3 3616/583/3
f 3597/575/3 3616/583/3 3634/576/3
f 3596/585/3 3597/575/3 3634/576/3
f 3596/585/3 3634/576/3 3635/586/3
f 3464/580/3 3524/577/3 3525/587/3
f 3464/580/3 3525/587/3 3526/588/3
f 3595/589/3 3596/585/3 3635/586/3
f 3595/589/3 3635/586/3 3636/590/3
f 3463/591/3 3464/580/3 3526/588/3
f 3463/591/3 3526/588/3 3527/592/3
f 3594/593/3 3595/589/3 3636/590/3
f 3594/593/3 3636/590/3 3637/594/3
f 3463/591/3 3527/592/3 3528/595/3
f 3462/596/3 3463/591/3 3528/595/3
f 3593/597/3 3594/593/3 3637/594/3
f 3593/597/3 3637/594/3 3638/598/3
f 3565/599/3 3566/601/3 3567/600/3
f 3462/596/3 3528/595/3 3529/602/3
f 3564/603/3 3565/599/3 3567/600/3
f 3563/604/3 3564/603/3 3567/600/3
f 3592/605/3 3593/597/3 3638/598/3
f 3592/605/3 3638/598/3 3639/606/3
f 3439/607/3 3440/609/3 3441/608/3
f 3439/607/3 3441/608/3 3442/610/3
f 3461/611/3 3462/596/3 3529/602/3
f 3563/604/3 3567/600/3 3568/612/3
f 3439/607/3 3442/610/3 3443/613/3
f 3438/614/3 3439/607/3 3443/613/3
f 3562/615/3 3563/604/3 3568/612/3
f 3591/616/3 3592/605/3 3639/606/3
f 3591/616/3 3639/606/3 3640/617/3
f 3438/614/3 3443/613/3 3444/618/3
f 3437/619/3 3438/614/3 3444/618/3
f 3561/620/3 3562/615/3 3568/612/3
f 3461/611/3 3529/602/3 3530/621/3
f 3561/620/3 3568/612/3 3569/622/3
f 3590/623/3 3591/616/3 3640/617/3
f 3590/623/3 3640/617/3 3641/624/3
f 3460/625/3 3461/611/3 3530/621/3
f 3437/619/3 3444/618/3 3445/626/3
f 3436/627/3 3437/619/3 3445/626/3
f 3560/628/3 3561/620/3 3569/622/3
f 3589/629/3 3590/623/3 3641/624/3
f 3589/629/3 3641/624/3 3642/630/3
f 3436/627/3 3445/626/3 3446/631/3
f 3435/632/3 3436/627/3 3446/631/3
f 3560/628/3 3569/622/3 3570/633/3
f 3588/634/3 3589/629/3 3642/630/3
f 3559/635/3 3560/628/3 3570/633/3
f 3588/634/3 3642/630/3 3643/636/3
f 3587/637/3 3588/634/3 3643/636/3
f 3435/632/3 3446/631/3 3447/638/3
f 3434/639/3 3435/632/3 3447/638/3
f 3459/640/3 3460/625/3 3530/621/3
f 3459/640/3 3530/621/3 3531/641/3
f 3586/642/3 3587/637/3 3643/636/3
f 3559/635/3 3570/633/3 3571/643/3
f 3558/644/3 3559/635/3 3571/643/3
f 3434/639/3 3447/638/3 3448/645/3
f 3433/646/3 3434/639/3 3448/645/3
f 3586/642/3 3643/636/3 3644/647/3
f 3585/648/3 3586/642/3 3644/647/3
f 3584/649/3 3585/648/3 3644/647/3
f 3558/644/3 3571/643/3 3572/650/3
f 3433/646/3 3448/645/3 3449/651/3
f 3432/652/3 3433/646/3 3449/651/3
f 3458/653/3 3459/640/3 3531/641/3
f 3557/654/3 3558/644/3 3572/650/3
f 3584/649/3 3644/647/3 3645/655/3
f 3583/656/3 3584/649/3 3645/655/3
f 3557/654/3 3572/650/3 3573/657/3
f 3432/652/3 3449/651/3 3450/658/3
f 3431/659/3 3432/652/3 3450/658/3
f 3582/660/3 3583/656/3 3645/655/3
f 3458/653/3 3531/641/3 3532/661/3
f 3556/662/3 3557/654/3 3573/657/3
f 3582/660/3 3645/655/3 3646/663/3
f 3581/664/3 3582/660/3 3646/663/3
f 3556/662/3 3573/657/3 3574/665/3
f 3431/659/3 3450/658/3 3451/666/3
f 3430/667/3 3431/659/3 3451/666/3
f 3457/668/3 3458/653/3 3532/661/3
f 3580/669/3 3581/664/3 3646/663/3
f 3555/670/3 3556/662/3 3574/665/3
f 3555/670/3 3574/665/3 3575/671/3
f 3580/669/3 3646/663/3 3647/672/3
f 3430/667/3 3451/666/3 3452/673/3
f 3429/674/3 3430/667/3 3452/673/3
f 3579/675/3 3580/669/3 3647/672/3
f 3555/670/3 3575/671/3 3576/676/3
f 3554/677/3 3555/670/3 3576/676/3
f 3578/678/3 3579/675/3 3647/672/3
f 3429/674/3 3452/673/3 3453/679/3
f 3554/677/3 3576/676/3 3577/680/3
f 3428/681/3 3429/674/3 3453/679/3
f 3457/668/3 3532/661/3 3533/682/3
f 3578/678/3 3647/672/3 3648/683/3
f 3456/684/3 3457/668/3 3533/682/3
f 3554/677/3 3577/680/3 3578/678/3
f 3554/677/3 3578/678/3 3648/683/3
f 3428/681/3 3453/679/3 3454/685/3
f 3553/686/3 3554/677/3 3648/683/3
f 3427/687/3 3428/681/3 3454/685/3
f 3553/686/3 3648/683/3 3666/688/3
f 3666/688/3 3648/683/3 3665/689/3
f 3665/689/3 3648/683/3 3649/690/3
f 3552/691/3 3553/686/3 3135/692/3
f 3135/692/3 3553/686/3 3134/693/3
f 3134/693/3 3553/686/3 3666/688/3
f 3133/694/3 3134/693/3 3666/688/3
f 3132/695/3 3133/694/3 3667/696/3
f 3667/696/1 3133/694/1 3666/688/1
f 3132/695/3 3667/696/3 3668/697/3
f 3552/691/3 3135/692/3 3136/698/3
f 3664/699/3 3665/689/3 3649/690/3
f 3552/691/3 3136/698/3 3137/700/3
f 3663/701/3 3664/699/3 3649/690/3
f 3455/702/3 3456/684/3 3533/682/3
f 3552/691/3 3137/700/3 3138/703/3
f 3662/704/3 3663/701/3 3649/690/3
f 3662/704/3 3649/690/3 3650/705/3
f 3552/691/3 3138/703/3 3139/706/3
f 3661/707/3 3662/704/3 3650/705/3
f 3552/691/3 3139/706/3 3140/708/3
f 3660/709/3 3661/707/3 3650/705/3
f 3455/702/3 3533/682/3 3534/710/3
f 3552/691/3 3140/708/3 3141/711/3
f 3659/712/3 3660/709/3 3650/705/3
f 3659/712/3 3650/705/3 3651/713/3
f 3552/691/3 3141/711/3 3142/714/3
f 3658/715/3 3659/712/3 3651/713/3
f 3454/685/3 3455/702/3 3534/710/3
f 3552/691/3 3142/714/3 3143/716/3
f 3657/717/3 3658/715/3 3651/713/3
f 3551/718/3 3552/691/3 3143/716/3
f 3657/717/3 3651/713/3 3652/719/3
f 3551/718/3 3143/716/3 3144/720/3
f 3656/721/3 3657/717/3 3652/719/3
f 3426/722/3 3427/687/3 3454/685/3
f 3656/721/3 3652/719/3 3653/723/3
f 3551/718/3 3144/720/3 3145/724/3
f 3655/725/3 3656/721/3 3653/723/3
f 3425/726/3 3426/722/3 3454/685/3
f 3454/685/3 3534/710/3 3535/727/3
f 3551/718/3 3145/724/3 3147/728/3
f 3147/728/3 3145/724/3 3146/729/3
f 3654/730/3 3655/725/3 3653/723/3
f 3425/726/3 3454/685/3 3535/727/3
f 3551/718/3 3147/728/3 3148/731/3
f 3424/732/3 3425/726/3 3535/727/3
f 3551/718/3 3148/731/3 3149/733/3
f 3551/718/3 3149/733/3 3150/734/3
f 3423/735/3 3424/732/3 3535/727/3
f 3551/718/3 3150/734/3 3151/736/3
f 3550/737/3 3551/718/3 3151/736/3
f 3550/737/3 3151/736/3 3152/738/3
f 3550/737/3 3152/738/3 3153/739/3
f 3422/740/3 3423/735/3 3535/727/3
f 3550/737/3 3153/739/3 3154/741/3
f 3550/737/3 3154/741/3 3155/742/3
f 3421/743/3 3422/740/3 3535/727/3
f 3550/737/3 3155/742/3 3156/744/3
f 3421/743/3 3535/727/3 3536/745/3
f 3550/737/3 3156/744/3 3157/746/3
f 3420/747/3 3421/743/3 3536/745/3
f 3550/737/3 3157/746/3 3158/748/3
f 3550/737/3 3158/748/3 3159/749/3
f 3550/737/3 3159/749/3 3160/750/3
f 3419/751/3 3420/747/3 3536/745/3
f 3549/752/3 3550/737/3 3160/750/3
f 3418/753/3 3419/751/3 3536/745/3
f 3417/754/3 3418/753/3 3536/745/3
f 3416/755/3 3417/754/3 3536/745/3
f 3415/756/3 3416/755/3 3536/745/3
f 3549/752/3 3160/750/3 3161/757/3
f 3414/758/3 3415/756/3 3536/745/3
f 3414/758/3 3536/745/3 3537/759/3
f 3413/760/3 3414/758/3 3537/759/3
f 3412/761/3 3413/760/3 3537/759/3
f 3411/762/3 3412/761/3 3537/759/3
f 3548/763/3 3549/752/3 3161/757/3
f 3410/764/3 3411/762/3 3537/759/3
f 3548/763/3 3161/757/3 3162/765/3
f 3409/766/3 3410/764/3 3537/759/3
f 3408/767/3 3409/766/3 3537/759/3
f 3408/767/3 3537/759/3 3538/768/3
f 3407/769/3 3408/767/3 3538/768/3
f 3548/763/3 3162/765/3 3163/770/3
f 3406/771/3 3407/769/3 3538/768/3
f 3547/772/3 3548/763/3 3163/770/3
f 3405/773/3 3406/771/3 3538/768/3
f 3404/774/3 3405/773/3 3538/768/3
f 3547/772/3 3163/770/3 3164/775/3
f 3403/776/3 3404/774/3 3538/768/3
f 3403/776/3 3538/768/3 3539/777/3
f 3402/778/3 3403/776/3 3539/777/3
f 3546/779/3 3547/772/3 3164/775/3
f 3546/779/3 3164/775/3 3165/780/3
f 3401/781/3 3402/778/3 3539/777/3
f 3546/779/3 3165/780/3 3166/782/3
f 3401/781/3 3539/777/3 3540/783/3
f 3545/784/3 3546/779/3 3166/782/3
f 3400/785/3 3401/781/3 3540/783/3
f 3545/784/3 3166/782/3 3167/786/3
f 3183/787/3 3184/789/3 3185/788/3
f 3183/787/3 3185/788/3 3186/790/3
f 3182/791/3 3183/787/3 3186/790/3
f 3400/785/3 3540/783/3 3541/792/3
f 3182/791/3 3186/790/3 3187/793/3
f 3545/784/3 3167/786/3 3168/794/3
f 3181/795/3 3182/791/3 3187/793/3
f 3544/796/3 3545/784/3 3168/794/3
f 3181/795/3 3187/793/3 3188/797/3
f 3399/798/3 3400/785/3 3541/792/3
f 3180/799/3 3181/795/3 3188/797/3
f 3179/800/3 3180/799/3 3188/797/3
f 3179/800/3 3188/797/3 3189/801/3
f 3544/796/3 3168/794/3 3169/802/3
f 3178/803/3 3179/800/3 3189/801/3
f 3178/803/3 3189/801/3 3190/804/3
f 3177/805/3 3178/803/3 3190/804/3
f 3543/806/3 3544/796/3 3169/802/3
f 3176/807/3 3177/805/3 3190/804/3
f 3176/807/3 3190/804/3 3191/808/3
f 3543/806/3 3169/802/3 3170/809/3
f 3398/810/3 3399/798/3 3541/792/3
f 3175/811/3 3176/807/3 3191/808/3
f 3174/812/3 3175/811/3 3191/808/3
f 3174/812/3 3191/808/3 3192/813/3
f 3173/814/3 3174/812/3 3192/813/3
f 3172/815/3 3173/814/3 3192/813/3
f 3171/816/3 3172/815/3 3192/813/3
f 3543/806/3 3170/809/3 3171/816/3
f 3171/816/3 3192/813/3 3193/817/3
f 3542/818/3 3543/806/3 3171/816/3
f 3397/819/3 3398/810/3 3541/792/3
f 3171/816/3 3193/817/3 3194/820/3
f 3542/818/3 3171/816/3 3194/820/3
f 3542/818/3 3194/820/3 3195/821/3
f 3541/792/3 3542/818/3 3195/821/3
f 3541/792/3 3195/821/3 3694/822/3
f 3694/822/3 3195/821/3 3196/823/3
f 3396/824/3 3397/819/3 3541/792/3
f 3694/822/3 3196/823/3 3197/825/3
f 3541/792/3 3694/822/3 3695/826/3
f 3693/827/3 3694/822/3 3197/825/3
f 3693/827/3 3197/825/3 3198/828/3
f 3396/824/3 3541/792/3 3695/826/3
f 3692/829/3 3693/827/3 3198/828/3
f 3395/830/3 3396/824/3 3695/826/3
f 3395/830/3 3695/826/3 3696/831/3
f 3692/829/3 3198/828/3 3199/832/3
f 3691/833/3 3692/829/3 3199/832/3
f 3395/830/3 3696/831/3 3697/834/3
f 3394/835/3 3395/830/3 3697/834/3
f 3690/836/3 3691/833/3 3199/832/3
f 3690/836/3 3199/832/3 3200/837/3
f 3394/835/3 3697/834/3 3698/838/3
f 3689/839/3 3690/836/3 3200/837/3
f 3393/840/3 3394/835/3 3698/838/3
f 3393/840/3 3698/838/3 3699/841/3
f 3689/839/3 3200/837/3 3201/842/3
f 3688/843/3 3689/839/3 3201/842/3
f 3393/840/3 3699/841/3 3700/844/3
f 3392/845/3 3393/840/3 3700/844/3
f 3687/846/3 3688/843/3 3201/842/3
f 3687/846/3 3201/842/3 3202/847/3
f 3392/845/3 3700/844/3 3701/848/3
f 3686/849/3 3687/846/3 3202/847/3
f 3391/850/3 3392/845/3 3701/848/3
f 3391/850/3 3701/848/3 3702/851/3
f 3686/849/3 3202/847/3 3203/852/3
f 3685/853/3 3686/849/3 3203/852/3
f 3390/854/3 3391/850/3 3702/851/3
f 3390/854/3 3702/851/3 3703/855/3
f 3684/856/3 3685/853/3 3203/852/3
f 3684/856/3 3203/852/3 3204/857/3
f 3390/854/3 3703/855/3 3704/858/3
f 3389/859/3 3390/854/3 3704/858/3
f 3683/860/3 3684/856/3 3204/857/3
f 3389/859/3 3704/858/3 3705/861/3
f 3683/860/3 3204/857/3 3205/862/3
f 3707/863/3 3683/860/3 3205/862/3
f 3375/864/3 3376/866/3 3377/865/3
f 3389/859/3 3705/861/3 3706/867/3
f 3374/868/3 3375/864/3 3377/865/3
f 3374/868/3 3377/865/3 3378/869/3
f 3706/867/3 3707/863/3 3205/862/3
f 3373/870/3 3374/868/3 3378/869/3
f 3373/870/3 3378/869/3 3379/871/3
f 3706/867/3 3205/862/3 3206/872/3
f 3373/870/3 3379/871/3 3380/873/3
f 3372/874/3 3373/870/3 3380/873/3
f 3389/859/3 3706/867/3 3206/872/3
f 3372/874/3 3380/873/3 3381/875/3
f 3372/874/3 3381/875/3 3382/876/3
f 3371/877/3 3372/874/3 3382/876/3
f 3371/877/3 3382/876/3 3383/878/3
f 3388/879/3 3389/859/3 3206/872/3
f 3371/877/3 3383/878/3 3384/880/3
f 3371/877/3 3384/880/3 3385/881/3
f 3371/877/3 3385/881/3 3386/882/3
f 3370/883/3 3371/877/3 3386/882/3
f 3370/883/3 3386/882/3 3387/884/3
f 3370/883/3 3387/884/3 3388/879/3
f 3370/883/3 3388/879/3 3206/872/3
f 3370/883/3 3206/872/3 3207/885/3
f 3369/886/3 3370/883/3 3207/885/3
f 3368/887/3 3369/886/3 3207/885/3
f 3368/887/3 3207/885/3 3208/888/3
f 3367/889/3 3368/887/3 3208/888/3
f 3366/890/3 3367/889/3 3208/888/3
f 3365/891/3 3366/890/3 3208/888/3
f 3365/891/3 3208/888/3 3209/892/3
f 3364/893/3 3365/891/3 3209/892/3
f 3363/894/3 3364/893/3 3209/892/3
f 3363/894/3 3209/892/3 3210/895/3
f 3362/896/3 3363/894/3 3210/895/3
f 3362/896/3 3210/895/3 3211/897/3
f 3361/898/3 3362/896/3 3211/897/3
f 3361/898/3 3211/897/3 3212/899/3
f 3360/900/3 3361/898/3 3212/899/3
f 3360/900/3 3212/899/3 3213/901/3
f 3359/902/3 3360/900/3 3213/901/3
f 3359/902/3 3213/901/3 3284/903/3
f 3284/903/3 3213/901/3 3214/904/3
f 3358/905/3 3359/902/3 3284/903/3
f 3358/905/3 3284/903/3 3285/906/3
f 3283/907/3 3284/903/3 3214/904/3
f 3282/908/3 3283/907/3 3214/904/3
f 3282/908/3 3214/904/3 3215/909/3
f 3281/910/3 3282/908/3 3215/909/3
f 3280/911/3 3281/910/3 3215/909/3
f 3358/905/3 3285/906/3 3337/912/3
f 3337/912/3 3285/906/3 3286/913/3
f 3279/914/3 3280/911/3 3215/909/3
f 3357/915/3 3358/905/3 3337/912/3
f 3278/916/3 3279/914/3 3215/909/3
f 3278/916/3 3215/909/3 3216/917/3
f 3277/918/3 3278/916/3 3216/917/3
f 3276/919/3 3277/918/3 3216/917/3
f 3357/915/3 3337/912/3 3338/920/3
f 3336/921/3 3337/912/3 3286/913/3
f 3275/922/3 3276/919/3 3216/917/3
f 3356/923/3 3357/915/3 3338/920/3
f 3274/924/3 3275/922/3 3216/917/3
f 3274/924/3 3216/917/3 3217/925/3
f 3273/926/3 3274/924/3 3217/925/3
f 3272/927/3 3273/926/3 3217/925/3
f 3356/923/3 3338/920/3 3339/928/3
f 3271/929/3 3272/927/3 3217/925/3
f 3356/923/3 3339/928/3 3340/930/3
f 3271/929/3 3217/925/3 3218/931/3
f 3355/932/3 3356/923/3 3340/930/3
f 3270/933/3 3271/929/3 3218/931/3
f 3355/932/3 3340/930/3 3341/934/3
f 3355/932/3 3341/934/3 3342/935/3
f 3269/936/3 3270/933/3 3218/931/3
f 3355/932/3 3342/935/3 3343/937/3
f 3269/936/3 3218/931/3 3233/938/3
f 3233/938/3 3218/931/3 3232/939/3
f 3232/939/3 3218/931/3 3231/940/3
f 3231/940/3 3218/931/3 3219/941/3
f 3268/942/3 3269/936/3 3234/943/3
f 3234/943/3 3269/936/3 3233/938/3
f 3268/942/3 3234/943/3 3235/944/3
f 3105/945/3 3106/947/3 3107/946/3
f 3354/948/3 3355/932/3 3343/937/3
f 3268/942/3 3235/944/3 3236/949/3
f 3230/950/3 3231/940/3 3219/941/3
f 3268/942/3 3236/949/3 3237/951/3
f 3268/942/3 3237/951/3 3238/952/3
f 3229/953/3 3230/950/3 3219/941/3
f 3354/948/3 3343/937/3 3344/954/3
f 3268/942/3 3238/952/3 3239/955/3
f 3268/942/3 3239/955/3 3240/956/3
f 3268/942/3 3240/956/3 3241/957/3
f 3268/942/3 3241/957/3 3242/958/3
f 3268/942/3 3242/958/3 3243/959/3
f 3268/942/3 3243/959/3 3246/960/3
f 3246/960/4 3243/959/4 3244/961/4
f 3246/960/3 3244/961/3 3245/962/3
f 3268/942/3 3246/960/3 3247/963/3
f 3228/964/3 3229/953/3 3219/941/3
f 3267/965/3 3268/942/3 3247/963/3
f 3227/966/3 3228/964/3 3219/941/3
f 3227/966/3 3219/941/3 3220/967/3
f 3226/968/3 3227/966/3 3220/967/3
f 3105/945/3 3107/946/3 3108/969/3
f 3104/970/3 3105/945/3 3108/969/3
f 3354/948/3 3344/954/3 3345/971/3
f 3225/972/3 3226/968/3 3220/967/3
f 3266/973/3 3267/965/3 3247/963/3
f 3224/974/3 3225/972/3 3220/967/3
f 3353/975/3 3354/948/3 3345/971/3
f 3224/974/3 3220/967/3 3221/976/3
f 3353/975/3 3345/971/3 3346/977/3
f 3266/973/3 3247/963/3 3248/978/3
f 3104/970/3 3108/969/3 3109/979/3
f 3265/980/3 3266/973/3 3248/978/3
f 3103/981/3 3104/970/3 3109/979/3
f 3265/980/3 3248/978/3 3249/982/3
f 3223/983/3 3224/974/3 3221/976/3
f 3265/980/3 3249/982/3 3250/984/3
f 3265/980/3 3250/984/3 3251/985/3
f 3223/983/3 3221/976/3 3222/986/3
f 3353/975/3 3346/977/3 3347/987/3
f 3264/988/3 3265/980/3 3251/985/3
f 3264/988/3 3251/985/3 3252/989/3
f 3102/990/3 3103/981/3 3109/979/3
f 3102/990/3 3109/979/3 3110/991/3
f 3264/988/3 3252/989/3 3253/992/3
f 3352/993/3 3353/975/3 3347/987/3
f 3263/994/3 3264/988/3 3253/992/3
f 3352/993/3 3347/987/3 3348/995/3
f 3263/994/3 3253/992/3 3254/996/3
f 3101/997/3 3102/990/3 3110/991/3
f 3263/994/3 3254/996/3 3255/998/3
f 3262/999/3 3263/994/3 3255/998/3
f 3793/1000/3 3794/1002/3 3795/1001/3
f 3352/993/3 3348/995/3 3349/1003/3
f 3262/999/3 3255/998/3 3256/1004/3
f 3351/1005/3 3352/993/3 3349/1003/3
f 3101/997/3 3110/991/3 3111/1006/3
f 3261/1007/3 3262/999/3 3256/1004/3
f 3261/1007/3 3256/1004/3 3257/1008/3
f 3100/1009/3 3101/997/3 3111/1006/3
f 3792/1010/3 3793/1000/3 3795/1001/3
f 3260/1011/3 3261/1007/3 3257/1008/3
f 3792/1010/3 3795/1001/3 3796/1012/3
f 3351/1005/3 3349/1003/3 3350/1013/3
f 3260/1011/3 3257/1008/3 3258/1014/3
f 3069/1015/3 3070/1017/3 3071/1016/3
f 3259/1018/3 3260/1011/3 3258/1014/3
f 3099/1019/3 3100/1009/3 3111/1006/3
f 3791/1020/3 3792/1010/3 3796/1012/3
f 3791/1020/3 3796/1012/3 3797/1021/3
f 3099/1019/3 3111/1006/3 3112/1022/3
f 3069/1015/3 3071/1016/3 3072/1023/3
f 3068/1024/3 3069/1015/3 3072/1023/3
f 3098/1025/3 3099/1019/3 3112/1022/3
f 3068/1024/3 3072/1023/3 3073/1026/3
f 3791/1020/3 3797/1021/3 3798/1027/3
f 3068/1024/3 3073/1026/3 3074/1028/3
f 3790/1029/3 3791/1020/3 3798/1027/3
f 3067/1030/3 3068/1024/3 3074/1028/3
f 3097/1031/3 3098/1025/3 3112/1022/3
f 3817/1032/3 3818/1034/3 3819/1033/3
f 3067/1030/3 3074/1028/3 3075/1035/3
f 3097/1031/3 3112/1022/3 3113/1036/3
f 3790/1029/3 3798/1027/3 3799/1037/3
f 3096/1038/3 3097/1031/3 3113/1036/3
f 3067/1030/3 3075/1035/3 3076/1039/3
f 3066/1040/3 3067/1030/3 3076/1039/3
f 3817/1032/3 3819/1033/3 3820/1041/3
f 3066/1040/3 3076/1039/3 3077/1042/3
f 3816/1043/3 3817/1032/3 3820/1041/3
f 3789/1044/3 3790/1029/3 3799/1037/3
f 3095/1045/3 3096/1038/3 3113/1036/3
f 3789/1044/3 3799/1037/3 3800/1046/3
f 3066/1040/3 3077/1042/3 3078/1047/3
f 3094/1048/3 3095/1045/3 3113/1036/3
f 3066/1040/3 3078/1047/3 3079/1049/3
f 3815/1050/3 3816/1043/3 3820/1041/3
f 3815/1050/3 3820/1041/3 3821/1051/3
f 3066/1040/3 3079/1049/3 3080/1052/3
f 3093/1053/3 3094/1048/3 3113/1036/3
f 3092/1054/3 3093/1053/3 3113/1036/3
f 3065/1055/3 3066/1040/3 3080/1052/3
f 3091/1056/3 3092/1054/3 3113/1036/3
f 3091/1056/3 3113/1036/3 3114/1057/3
f 3090/1058/3 3091/1056/3 3114/1057/3
f 3089/1059/3 3090/1058/3 3114/1057/3
f 3789/1044/3 3800/1046/3 3801/1060/3
f 3088/1061/3 3089/1059/3 3114/1057/3
f 3087/1062/3 3088/1061/3 3114/1057/3
f 3065/1055/3 3080/1052/3 3081/1063/3
f 3086/1064/3 3087/1062/3 3114/1057/3
f 3085/1065/3 3086/1064/3 3114/1057/3
f 3084/1066/3 3085/1065/3 3114/1057/3
f 3065/1055/3 3081/1063/3 3082/1067/3
f 3083/1068/3 3084/1066/3 3114/1057/3
f 3082/1067/3 3083/1068/3 3114/1057/3
f 3065/1055/3 3082/1067/3 3114/1057/3
f 3814/1069/3 3815/1050/3 3821/1051/3
f 3788/1070/3 3789/1044/3 3801/1060/3
f 3788/1070/3 3801/1060/3 3802/1071/3
f 3814/1069/3 3821/1051/3 3822/1072/3
f 3813/1073/3 3814/1069/3 3822/1072/3
f 3064/1074/3 3065/1055/3 3114/1057/3
f 3788/1070/3 3802/1071/3 3803/1075/3
f 3812/1076/3 3813/1073/3 3822/1072/3
f 3064/1074/3 3114/1057/3 3115/1077/3
f 3788/1070/3 3803/1075/3 3804/1078/3
f 3811/1079/3 3812/1076/3 3822/1072/3
f 3811/1079/3 3822/1072/3 3823/1080/3
f 3787/1081/3 3788/1070/3 3804/1078/3
f 3810/1082/3 3811/1079/3 3823/1080/3
f 3787/1081/3 3804/1078/3 3805/1083/3
f 3809/1084/3 3810/1082/3 3823/1080/3
f 3063/1085/3 3064/1074/3 3115/1077/3
f 3808/1086/3 3809/1084/3 3823/1080/3
f 3787/1081/3 3805/1083/3 3806/1087/3
f 3807/1088/3 3808/1086/3 3823/1080/3
f 3806/1087/3 3807/1088/3 3823/1080/3
f 3787/1081/3 3806/1087/3 3823/1080/3
f 3063/1085/3 3115/1077/3 3116/1089/3
f 3787/1081/3 3823/1080/3 3824/1090/3
f 3786/1091/3 3787/1081/3 3824/1090/3
f 3062/1092/3 3063/1085/3 3116/1089/3
f 3786/1091/3 3824/1090/3 3825/1093/3
f 3062/1092/3 3116/1089/3 3117/1094/3
f 3061/1095/3 3062/1092/3 3117/1094/3
f 3785/1096/3 3786/1091/3 3825/1093/3
f 3785/1096/3 3825/1093/3 3826/1097/3
f 3061/1095/3 3117/1094/3 3118/1098/3
f 3060/1099/3 3061/1095/3 3118/1098/3
f 3784/1100/3 3785/1096/3 3826/1097/3
f 3784/1100/3 3826/1097/3 3827/1101/3
f 3060/1099/3 3118/1098/3 3119/1102/3
f 3059/1103/3 3060/1099/3 3119/1102/3
f 3783/1104/3 3784/1100/3 3827/1101/3
f 3059/1103/3 3119/1102/3 3120/1105/3
f 3783/1104/3 3827/1101/3 3828/1106/3
f 3058/1107/3 3059/1103/3 3120/1105/3
f 3782/1108/3 3783/1104/3 3828/1106/3
f 3782/1108/3 3828/1106/3 3829/1109/3
f 3057/1110/3 3058/1107/3 3120/1105/3
f 3781/1111/3 3782/1108/3 3829/1109/3
f 3056/1112/3 3057/1110/3 3120/1105/3
f 3781/1111/3 3829/1109/3 3830/1113/3
f 3056/1112/3 3120/1105/3 3121/1114/3
f 3780/1115/3 3781/1111/3 3830/1113/3
f 3780/1115/3 3830/1113/3 3831/1116/3
f 3780/1115/3 3831/1116/3 3832/1117/3
f 3055/1118/3 3056/1112/3 3121/1114/3
f 3055/1118/3 3121/1114/3 3122/1119/3
f 3779/1120/3 3780/1115/3 3832/1117/3
f 3054/1121/3 3055/1118/3 3122/1119/3
f 3779/1120/3 3832/1117/3 3833/1122/3
f 3054/1121/3 3122/1119/3 3123/1123/3
f 3778/1124/3 3779/1120/3 3833/1122/3
f 3053/1125/3 3054/1121/3 3123/1123/3
f 3778/1124/3 3833/1122/3 3834/1126/3
f 3053/1125/3 3123/1123/3 3124/1127/3
f 3777/1128/3 3778/1124/3 3834/1126/3
f 3052/1129/3 3053/1125/3 3124/1127/3
f 3777/1128/3 3834/1126/3 3835/1130/3
f 3052/1129/3 3124/1127/3 3125/1131/3
f 3051/1132/3 3052/1129/3 3125/1131/3
f 3776/1133/3 3777/1128/3 3835/1130/3
f 3776/1133/3 3835/1130/3 3836/1134/3
f 3050/1135/3 3051/1132/3 3125/1131/3
f 3050/1135/3 3125/1131/3 3126/1136/3
f 3775/1137/3 3776/1133/3 3836/1134/3
f 3049/1138/3 3050/1135/3 3126/1136/3
f 3775/1137/3 3836/1134/3 3837/1139/3
f 3049/1138/3 3126/1136/3 3127/1140/3
f 3774/1141/3 3775/1137/3 3837/1139/3
f 3048/1142/3 3049/1138/3 3127/1140/3
f 3048/1142/3 3127/1140/3 3128/1143/3
f 3774/1141/3 3837/1139/3 3838/1144/3
f 3773/1145/3 3774/1141/3 3838/1144/3
f 3047/1146/3 3048/1142/3 3128/1143/3
f 3047/1146/3 3128/1143/3 3129/1147/3
f 3773/1145/3 3838/1144/3 3839/1148/3
f 3046/1149/3 3047/1146/3 3129/1147/3
f 3772/1150/3 3773/1145/3 3839/1148/3
f 3046/1149/3 3129/1147/3 3130/1151/3
f 3680/1152/3 3681/1154/3 3682/1153/3
f 3680/1152/3 3682/1153/3 2956/473/3
f 3679/1155/3 3680/1152/3 2956/473/3
f 3045/1156/3 3046/1149/3 3130/1151/3
f 3772/1150/3 3839/1148/3 3840/1157/3
f 3678/1158/3 3679/1155/3 2956/473/3
f 3678/1158/3 2956/473/3 2957/1159/3
f 3771/1160/3 3772/1150/3 3840/1157/3
f 3677/1161/3 3678/1158/3 2957/1159/3
f 3677/1161/3 2957/1159/3 2958/1162/3
f 3676/1163/3 3677/1161/3 2958/1162/3
f 3045/1156/3 3130/1151/3 3131/1164/3
f 3675/1165/3 3676/1163/3 2958/1162/3
f 3044/1166/3 3045/1156/3 3131/1164/3
f 3675/1165/3 2958/1162/3 2959/1167/3
f 3674/1168/3 3675/1165/3 2959/1167/3
f 3043/1169/3 3044/1166/3 3131/1164/3
f 3673/1170/3 3674/1168/3 2959/1167/3
f 3042/1171/3 3043/1169/3 3131/1164/3
f 3672/1172/3 3673/1170/3 2959/1167/3
f 3672/1172/3 2959/1167/3 2960/1173/3
f 3771/1160/3 3840/1157/3 3841/1174/3
f 3671/1175/3 3672/1172/3 2960/1173/3
f 3041/1176/3 3042/1171/3 3131/1164/3
f 3670/1177/3 3671/1175/3 2960/1173/3
f 3669/1178/3 3670/1177/3 2960/1173/3
f 3770/1179/3 3771/1160/3 3841/1174/3
f 3041/1176/3 3131/1164/3 3132/695/3
f 3041/1176/3 3132/695/3 3668/697/3
f 3041/1176/3 3668/697/3 3669/1178/3
f 3041/1176/3 3669/1178/3 2960/1173/3
f 3040/1180/3 3041/1176/3 2960/1173/3
f 3040/1180/3 2960/1173/3 2961/1181/3
f 3039/1182/3 3040/1180/3 3019/1183/3
f 3019/1183/3 3040/1180/3 2961/1181/3
f 3038/1184/3 3039/1182/3 3019/1183/3
f 3038/1184/3 3019/1183/3 3020/1185/3
f 3018/1186/3 3019/1183/3 2961/1181/3
f 3018/1186/3 2961/1181/3 2962/1187/3
f 3038/1184/3 3020/1185/3 3021/1188/3
f 3038/1184/3 3021/1188/3 3022/1189/3
f 3037/1190/3 3038/1184/3 3022/1189/3
f 3037/1190/3 3022/1189/3 3023/1191/3
f 3037/1190/3 3023/1191/3 3024/1192/3
f 3037/1190/3 3024/1192/3 3025/1193/3
f 3036/1194/3 3037/1190/3 3025/1193/3
f 3036/1194/3 3025/1193/3 3026/1195/3
f 3770/1179/3 3841/1174/3 3842/1196/3
f 3036/1194/3 3026/1195/3 3027/1197/3
f 3035/1198/3 3036/1194/3 3027/1197/3
f 3018/1186/3 2962/1187/3 2963/1199/3
f 3769/1200/3 3770/1179/3 3842/1196/3
f 3035/1198/3 3027/1197/3 3028/1201/3
f 3034/1202/3 3035/1198/3 3028/1201/3
f 3034/1202/3 3028/1201/3 3029/1203/3
f 3034/1202/3 3029/1203/3 3030/1204/3
f 3033/1205/3 3034/1202/3 3030/1204/3
f 3033/1205/3 3030/1204/3 3031/1206/3
f 3032/1207/3 3033/1205/3 3031/1206/3
f 3018/1186/3 2963/1199/3 2964/1208/3
f 3018/1186/3 2964/1208/3 2965/1209/3
f 3769/1200/3 3842/1196/3 3843/69/3
f 3768/1210/3 3769/1200/3 3843/69/3
f 3018/1186/3 2965/1209/3 2966/1211/3
f 3767/1212/3 3768/1210/3 3843/69/3
f 3018/1186/3 2966/1211/3 2967/1213/3
f 3766/1214/3 3767/1212/3 3843/69/3
f 3018/1186/3 2967/1213/3 2968/1215/3
f 3766/1214/3 3843/69/3 3708/1216/3
f 3765/1217/3 3766/1214/3 3708/1216/3
f 3017/1218/3 3018/1186/3 2968/1215/3
f 3017/1218/3 2968/1215/3 2969/1219/3
f 3765/1217/3 3708/1216/3 3709/1220/3
f 3764/1221/3 3765/1217/3 3709/1220/3
f 3016/1222/3 3017/1218/3 2969/1219/3
f 3016/1222/3 2969/1219/3 2970/1223/3
f 3764/1221/3 3709/1220/3 3710/1224/3
f 3763/1225/3 3764/1221/3 3710/1224/3
f 3015/1226/3 3016/1222/3 2970/1223/3
f 3763/1225/3 3710/1224/3 3711/1227/3
f 3015/1226/3 2970/1223/3 2971/1228/3
f 3762/1229/3 3763/1225/3 3711/1227/3
f 3014/1230/3 3015/1226/3 2971/1228/3
f 3762/1229/3 3711/1227/3 3712/1231/3
f 3761/1232/3 3762/1229/3 3712/1231/3
f 3014/1230/3 2971/1228/3 2972/1233/3
f 3013/1234/3 3014/1230/3 2972/1233/3
f 3760/1235/3 3761/1232/3 3712/1231/3
f 3760/1235/3 3712/1231/3 3740/1236/3
f 3740/1236/3 3712/1231/3 3713/1237/3
f 3013/1234/3 2972/1233/3 2973/1238/3
f 3012/1239/3 3013/1234/3 2973/1238/3
f 3759/1240/3 3760/1235/3 3746/1241/3
f 3746/1241/3 3760/1235/3 3745/1242/3
f 3745/1242/3 3760/1235/3 3744/1243/3
f 3744/1243/3 3760/1235/3 3743/1244/3
f 3743/1244/3 3760/1235/3 3742/1245/3
f 3742/1245/3 3760/1235/3 3741/1246/3
f 3741/1246/4 3760/1235/4 3740/1236/4
f 3739/1247/3 3740/1236/3 3713/1237/3
f 3738/1248/3 3739/1247/3 3713/1237/3
f 3737/1249/3 3738/1248/3 3713/1237/3
f 3736/1250/3 3737/1249/3 3713/1237/3
f 3735/1251/3 3736/1250/3 3713/1237/3
f 3759/1240/3 3746/1241/3 3747/1252/3
f 3734/1253/3 3735/1251/3 3713/1237/3
f 3733/1254/3 3734/1253/3 3713/1237/3
f 3732/1255/3 3733/1254/3 3713/1237/3
f 3759/1240/3 3747/1252/3 3748/1256/3
f 3731/1257/3 3732/1255/3 3713/1237/3
f 3759/1240/3 3748/1256/3 3749/1258/3
f 3731/1257/3 3713/1237/3 3714/1259/3
f 3730/1260/3 3731/1257/3 3714/1259/3
f 3759/1240/3 3749/1258/3 3750/1261/3
f 3758/1262/3 3759/1240/3 3750/1261/3
f 3012/1239/3 2973/1238/3 2974/1263/3
f 3758/1262/3 3750/1261/3 3751/1264/3
f 3729/1265/3 3730/1260/3 3714/1259/3
f 3011/1266/3 3012/1239/3 2974/1263/3
f 3758/1262/3 3751/1264/3 3752/1267/3
f 3335/1268/3 3336/921/3 3286/913/3
f 3335/1268/3 3286/913/3 3287/1269/3
f 3728/1270/3 3729/1265/3 3714/1259/3
f 3758/1262/3 3752/1267/3 3753/1271/3
f 3757/1272/3 3758/1262/3 3753/1271/3
f 3757/1272/3 3753/1271/3 3754/1273/3
f 3728/1270/3 3714/1259/3 3715/1274/3
f 3727/1275/3 3728/1270/3 3715/1274/3
f 3757/1272/3 3754/1273/3 3755/1276/3
f 3756/1277/3 3757/1272/3 3755/1276/3
f 3011/1266/3 2974/1263/3 2992/1278/3
f 2992/1278/3 2974/1263/3 2991/1279/3
f 2991/1279/3 2974/1263/3 2975/1280/3
f 3010/1281/3 3011/1266/3 2994/1282/3
f 2994/1282/3 3011/1266/3 2993/1283/3
f 2993/1283/3 3011/1266/3 2992/1278/3
f 3726/1284/3 3727/1275/3 3715/1274/3
f 3334/1285/3 3335/1268/3 3287/1269/3
f 3334/1285/3 3287/1269/3 3288/1286/3
f 3010/1281/3 2994/1282/3 2995/1287/3
f 2990/1288/3 2991/1279/3 2975/1280/3
f 3010/1281/3 2995/1287/3 2996/1289/3
f 2989/1290/3 2990/1288/3 2975/1280/3
f 3726/1284/3 3715/1274/3 3716/1291/3
f 3010/1281/3 2996/1289/3 2997/1292/3
f 3725/1293/3 3726/1284/3 3716/1291/3
f 2988/1294/3 2989/1290/3 2975/1280/3
f 3009/1295/3 3010/1281/3 2997/1292/3
f 3009/1295/3 2997/1292/3 2998/1296/3
f 2988/1294/3 2975/1280/3 2976/1297/3
f 2987/1298/3 2988/1294/3 2976/1297/3
f 3009/1295/3 2998/1296/3 2999/1299/3
f 3724/1300/3 3725/1293/3 3716/1291/3
f 2986/1301/3 2987/1298/3 2976/1297/3
f 3333/1302/3 3334/1285/3 3288/1286/3
f 3333/1302/3 3288/1286/3 3289/1303/3
f 3724/1300/3 3716/1291/3 3717/1304/3
f 3009/1295/3 2999/1299/3 3000/1305/3
f 2985/1306/3 2986/1301/3 2976/1297/3
f 3008/1307/3 3009/1295/3 3000/1305/3
f 3723/1308/3 3724/1300/3 3717/1304/3
f 2985/1306/3 2976/1297/3 2977/1309/3
f 3008/1307/3 3000/1305/3 3001/1310/3
f 2984/1311/3 2985/1306/3 2977/1309/3
f 3723/1308/3 3717/1304/3 3718/1312/3
f 3008/1307/3 3001/1310/3 3002/1313/3
f 3722/1314/3 3723/1308/3 3718/1312/3
f 3007/1315/3 3008/1307/3 3002/1313/3
f 2983/1316/3 2984/1311/3 2977/1309/3
f 3332/1317/3 3333/1302/3 3289/1303/3
f 3332/1317/3 3289/1303/3 3290/1318/3
f 2983/1316/3 2977/1309/3 2978/1319/3
f 3007/1315/3 3002/1313/3 3003/1320/3
f 3721/1321/3 3722/1314/3 3718/1312/3
f 2982/1322/3 2983/1316/3 2978/1319/3
f 3721/1321/3 3718/1312/3 3719/1323/3
f 3006/1324/3 3007/1315/3 3003/1320/3
f 3006/1324/3 3003/1320/3 3004/1325/3
f 2982/1322/3 2978/1319/3 2979/1326/3
f 3720/1327/3 3721/1321/3 3719/1323/3
f 2981/1328/3 2982/1322/3 2979/1326/3
f 3005/1329/3 3006/1324/3 3004/1325/3
f 3331/1330/3 3332/1317/3 3290/1318/3
f 3331/1330/3 3290/1318/3 3291/1331/3
f 2980/1332/3 2981/1328/3 2979/1326/3
f 3330/1333/3 3331/1330/3 3291/1331/3
f 3330/1333/3 3291/1331/3 3292/1334/3
f 3329/1335/3 3330/1333/3 3292/1334/3
f 3329/1335/3 3292/1334/3 3293/1336/3
f 3328/1337/3 3329/1335/3 3312/1338/3
f 3312/1338/3 3329/1335/3 3311/1339/3
f 3311/1339/3 3329/1335/3 3293/1336/3
f 3311/1339/3 3293/1336/3 3310/1340/3
f 3310/1340/3 3293/1336/3 3294/1341/3
f 3328/1337/3 3312/1338/3 3313/1342/3
f 3309/1343/3 3310/1340/3 3294/1341/3
f 3328/1337/3 3313/1342/3 3314/1344/3
f 3308/1345/3 3309/1343/3 3294/1341/3
f 3328/1337/3 3314/1344/3 3315/1346/3
f 3307/1347/3 3308/1345/3 3294/1341/3
f 3328/1337/3 3315/1346/3 3316/1348/3
f 3306/1349/3 3307/1347/3 3294/1341/3
f 3327/1350/3 3328/1337/3 3316/1348/3
f 3306/1349/3 3294/1341/3 3295/1351/3
f 3327/1350/3 3316/1348/3 3317/1352/3
f 3305/1353/3 3306/1349/3 3295/1351/3
f 3327/1350/3 3317/1352/3 3318/1354/3
f 3304/1355/3 3305/1353/3 3295/1351/3
f 3326/1356/3 3327/1350/3 3318/1354/3
f 3304/1355/3 3295/1351/3 3296/1357/3
f 3326/1356/3 3318/1354/3 3319/1358/3
f 3303/1359/3 3304/1355/3 3296/1357/3
f 3326/1356/3 3319/1358/3 3320/1360/3
f 3302/1361/3 3303/1359/3 3296/1357/3
f 3325/1362/3 3326/1356/3 3320/1360/3
f 3302/1361/3 3296/1357/3 3297/1363/3
f 3325/1362/3 3320/1360/3 3321/1364/3
f 3301/1365/3 3302/1361/3 3297/1363/3
f 3324/1366/3 3325/1362/3 3321/1364/3
f 3301/1365/3 3297/1363/3 3298/1367/3
f 3324/1366/3 3321/1364/3 3322/1368/3
f 3300/1369/3 3301/1365/3 3298/1367/3
f 3324/1366/3 3322/1368/3 3323/1370/3
f 3299/1371/3 3300/1369/3 3298/1367/3
f 3879/1372/3 3880/1374/3 3881/1373/3
f 3879/1372/3 3881/1373/3 3882/1375/3
f 3879/1372/3 3882/1375/3 3883/1376/3
f 3878/1377/3 3879/1372/3 3883/1376/3
f 3878/1377/3 3883/1376/3 3884/1378/3
f 3877/1379/3 3878/1377/3 3884/1378/3
f 3877/1379/3 3884/1378/3 3885/1380/3
f 3930/1381/3 3931/1383/3 3932/1382/3
f 3955/1384/3 3956/1386/3 3957/1385/3
f 3876/1387/3 3877/1379/3 3885/1380/3
f 3929/1388/3 3930/1381/3 3932/1382/3
f 3955/1384/3 3957/1385/3 3958/1389/3
f 3929/1388/3 3932/1382/3 3933/1390/3
f 3954/1391/3 3955/1384/3 3958/1389/3
f 3876/1387/3 3885/1380/3 3886/1392/3
f 3875/1393/3 3876/1387/3 3886/1392/3
f 3928/1394/3 3929/1388/3 3933/1390/3
f 3954/1391/3 3958/1389/3 3959/1395/3
f 3928/1394/3 3933/1390/3 3934/1396/3
f 3953/1397/3 3954/1391/3 3959/1395/3
f 3875/1393/3 3886/1392/3 3887/1398/3
f 3928/1394/3 3934/1396/3 3935/1399/3
f 3952/1400/3 3953/1397/3 3959/1395/3
f 3874/1401/3 3875/1393/3 3887/1398/3
f 3927/1402/3 3928/1394/3 3935/1399/3
f 3952/1400/3 3959/1395/3 3960/1403/3
f 3927/1402/3 3935/1399/3 3936/1404/3
f 3951/1405/3 3952/1400/3 3960/1403/3
f 3874/1401/3 3887/1398/3 3888/1406/3
f 3873/1407/3 3874/1401/3 3888/1406/3
f 3927/1402/3 3936/1404/3 3937/1408/3
f 3950/1409/3 3951/1405/3 3960/1403/3
f 3926/1410/3 3927/1402/3 3937/1408/3
f 3950/1409/3 3960/1403/3 3961/1411/3
f 3873/1407/3 3888/1406/3 3889/1412/3
f 3926/1410/3 3937/1408/3 3938/1413/3
f 3949/1414/3 3950/1409/3 3961/1411/3
f 3872/1415/3 3873/1407/3 3889/1412/3
f 3926/1410/3 3938/1413/3 3939/1416/3
f 3948/1417/3 3949/1414/3 3961/1411/3
f 3925/1418/3 3926/1410/3 3939/1416/3
f 3948/1417/3 3961/1411/3 3962/1419/3
f 3872/1415/3 3889/1412/3 3890/1420/3
f 3925/1418/3 3939/1416/3 3940/1421/3
f 3947/1422/3 3948/1417/3 3962/1419/3
f 3925/1418/3 3940/1421/3 3941/1423/3
f 3946/1424/3 3947/1422/3 3962/1419/3
f 3871/1425/3 3872/1415/3 3890/1420/3
f 3925/1418/3 3941/1423/3 3942/1426/3
f 3945/1427/3 3946/1424/3 3962/1419/3
f 3925/1418/3 3942/1426/3 3943/1428/3
f 3944/1429/3 3945/1427/3 3962/1419/3
f 3871/1425/3 3890/1420/3 3891/1430/3
f 3925/1418/3 3943/1428/3 3944/1429/3
f 3925/1418/3 3944/1429/3 3962/1419/3
f 3924/1431/3 3925/1418/3 3962/1419/3
f 3924/1431/3 3962/1419/3 3963/1432/3
f 3870/1433/3 3871/1425/3 3891/1430/3
f 3870/1433/3 3891/1430/3 3892/1434/3
f 3870/1433/3 3892/1434/3 3893/1435/3
f 3869/1436/3 3870/1433/3 3893/1435/3
f 3923/1437/3 3924/1431/3 3963/1432/3
f 3923/1437/3 3963/1432/3 3964/1438/3
f 3869/1436/3 3893/1435/3 3894/1439/3
f 3868/1440/3 3869/1436/3 3894/1439/3
f 3868/1440/3 3894/1439/3 3895/1441/3
f 3867/1442/3 3868/1440/3 3895/1441/3
f 3922/1443/3 3923/1437/3 3964/1438/3
f 3922/1443/3 3964/1438/3 3965/1444/3
f 3866/1445/3 3867/1442/3 3895/1441/3
f 3866/1445/3 3895/1441/3 3896/1446/3
f 3865/1447/3 3866/1445/3 3896/1446/3
f 3921/1448/3 3922/1443/3 3965/1444/3
f 3921/1448/3 3965/1444/3 3966/1449/3
f 3865/1447/3 3896/1446/3 3897/1450/3
f 3864/1451/3 3865/1447/3 3897/1450/3
f 3863/1452/3 3864/1451/3 3897/1450/3
f 3863/1452/3 3897/1450/3 3898/1453/3
f 3920/1454/3 3921/1448/3 3966/1449/3
f 3920/1454/3 3966/1449/3 3967/1455/3
f 3862/1456/3 3863/1452/3 3898/1453/3
f 3862/1456/3 3898/1453/3 3899/1457/3
f 3861/1458/3 3862/1456/3 3899/1457/3
f 3860/1459/3 3861/1458/3 3899/1457/3
f 3919/1460/3 3920/1454/3 3967/1455/3
f 3919/1460/3 3967/1455/3 3968/1461/3
f 3860/1459/3 3899/1457/3 3900/1462/3
f 3859/1463/3 3860/1459/3 3900/1462/3
f 3858/1464/3 3859/1463/3 3900/1462/3
f 3857/1465/3 3858/1464/3 3900/1462/3
f 3857/1465/3 3900/1462/3 3901/1466/3
f 3856/1467/3 3857/1465/3 3901/1466/3
f 3918/1468/3 3919/1460/3 3968/1461/3
f 3918/1468/3 3968/1461/3 3969/1469/3
f 3855/1470/3 3856/1467/3 3901/1466/3
f 3854/1471/3 3855/1470/3 3901/1466/3
f 3853/1472/3 3854/1471/3 3901/1466/3
f 3853/1472/3 3901/1466/3 3902/1473/3
f 3852/1474/3 3853/1472/3 3902/1473/3
f 3851/1475/3 3852/1474/3 3902/1473/3
f 3850/1476/3 3851/1475/3 3902/1473/3
f 3917/1477/3 3918/1468/3 4711/1478/3
f 4711/1478/3 3918/1468/3 3969/1469/3
f 4711/1478/3 3969/1469/3 4710/1479/3
f 4710/1479/3 3969/1469/3 4525/1480/3
f 4525/1480/3 3969/1469/3 4524/1481/3
f 4524/1481/3 3969/1469/3 4790/1482/3
f 4790/1482/3 3969/1469/3 4789/1483/3
f 4789/1483/3 3969/1469/3 3970/1484/3
f 3849/1485/3 3850/1476/3 3902/1473/3
f 3848/1486/3 3849/1485/3 3902/1473/3
f 3848/1486/3 3902/1473/3 3903/1487/3
f 3847/1488/3 3848/1486/3 3903/1487/3
f 3846/1489/3 3847/1488/3 3903/1487/3
f 3846/1489/3 3903/1487/3 3904/1490/3
f 3845/1491/3 3846/1489/3 3904/1490/3
f 3844/473/3 3845/1491/3 3904/1490/3
f 3844/473/3 3904/1490/3 3905/1492/3
f 4686/1493/3 3844/473/3 3905/1492/3
f 4685/1494/3 4686/1493/3 3905/1492/3
f 4685/1494/3 3905/1492/3 3906/1495/3
f 3917/1477/3 4711/1478/3 4712/1496/3
f 4709/1497/3 4710/1479/3 4525/1480/3
f 4709/1497/3 4525/1480/3 4526/1498/3
f 4523/1499/3 4524/1481/3 4790/1482/3
f 4523/1499/3 4790/1482/3 4791/1500/3
f 4788/1501/3 4789/1483/3 3970/1484/3
f 4685/1494/3 3906/1495/3 3907/1502/3
f 4685/1494/3 3907/1502/3 3908/1503/3
f 4684/1504/3 4685/1494/3 3908/1503/3
f 4684/1504/3 3908/1503/3 3909/1505/3
f 4684/1504/3 3909/1505/3 3910/1506/3
f 4683/1507/3 4684/1504/3 3910/1506/3
f 4683/1507/3 3910/1506/3 3911/1508/3
f 4683/1507/3 3911/1508/3 3912/1509/3
f 4683/1507/3 3912/1509/3 3913/1510/3
f 4708/1511/3 4709/1497/3 4526/1498/3
f 4682/1512/3 4683/1507/3 3913/1510/3
f 4682/1512/3 3913/1510/3 3914/1513/3
f 4682/1512/3 3914/1513/3 3915/1514/3
f 4682/1512/3 3915/1514/3 3916/1515/3
f 4682/1512/3 3916/1515/3 3917/1477/3
f 4682/1512/3 3917/1477/3 4637/1516/3
f 4637/1516/3 3917/1477/3 4712/1496/3
f 4681/1517/3 4682/1512/3 4637/1516/3
f 4680/1518/3 4681/1517/3 4637/1516/3
f 4707/1519/3 4708/1511/3 4526/1498/3
f 4707/1519/3 4526/1498/3 4527/1520/3
f 4788/1501/3 3970/1484/3 3971/1521/3
f 4679/1522/3 4680/1518/3 4637/1516/3
f 4679/1522/3 4637/1516/3 4638/1523/3
f 4636/1524/3 4637/1516/3 4712/1496/3
f 4679/1522/3 4638/1523/3 4639/1525/3
f 4788/1501/3 3971/1521/3 3972/1526/3
f 4679/1522/3 4639/1525/3 4640/1527/3
f 4678/1528/3 4679/1522/3 4640/1527/3
f 4787/1529/3 4788/1501/3 3972/1526/3
f 4678/1528/3 4640/1527/3 4641/1530/3
f 4706/1531/3 4707/1519/3 4527/1520/3
f 4678/1528/3 4641/1530/3 4642/1532/3
f 4787/1529/3 3972/1526/3 3973/1533/3
f 4677/1534/3 4678/1528/3 4642/1532/3
f 4677/1534/3 4642/1532/3 4643/1535/3
f 4786/1536/3 4787/1529/3 3973/1533/3
f 4677/1534/3 4643/1535/3 4644/1537/3
f 4677/1534/3 4644/1537/3 4645/1538/3
f 4676/1539/3 4677/1534/3 4645/1538/3
f 4785/1540/3 4786/1536/3 3973/1533/3
f 4785/1540/3 3973/1533/3 3974/1541/3
f 4676/1539/3 4645/1538/3 4646/1542/3
f 4676/1539/3 4646/1542/3 4647/1543/3
f 4705/1544/3 4706/1531/3 4527/1520/3
f 4675/1545/3 4676/1539/3 4647/1543/3
f 4784/1546/3 4785/1540/3 3974/1541/3
f 4784/1546/3 3974/1541/3 3975/1547/3
f 4675/1545/3 4647/1543/3 4648/1548/3
f 4705/1544/3 4527/1520/3 4528/1549/3
f 4675/1545/3 4648/1548/3 4649/1550/3
f 4674/1551/3 4675/1545/3 4649/1550/3
f 4783/1552/3 4784/1546/3 3975/1547/3
f 4674/1551/3 4649/1550/3 4650/1553/3
f 4783/1552/3 3975/1547/3 3976/1554/3
f 4674/1551/3 4650/1553/3 4651/1555/3
f 4673/1556/3 4674/1551/3 4651/1555/3
f 4782/1557/3 4783/1552/3 3976/1554/3
f 4704/1558/3 4705/1544/3 4528/1549/3
f 4782/1557/3 3976/1554/3 3977/1559/3
f 4672/1560/3 4673/1556/3 4651/1555/3
f 4672/1560/3 4651/1555/3 4652/1561/3
f 4781/1562/3 4782/1557/3 3977/1559/3
f 4635/1563/3 4636/1524/3 4712/1496/3
f 4635/1563/3 4712/1496/3 4687/1564/3
f 4671/1565/3 4672/1560/3 4652/1561/3
f 4901/1566/3 4902/1568/3 4903/1567/3
f 4901/1566/3 4903/1567/3 4904/1569/3
f 4781/1562/3 3977/1559/3 4762/1570/3
f 4762/1570/3 3977/1559/3 4761/1571/3
f 4761/1571/3 3977/1559/3 3978/1572/3
f 4671/1565/3 4652/1561/3 4653/1573/3
f 4780/1574/3 4781/1562/3 4764/1575/3
f 4764/1575/3 4781/1562/3 4763/1576/3
f 4763/1576/3 4781/1562/3 4762/1570/3
f 4703/1577/3 4704/1558/3 4528/1549/3
f 4780/1574/3 4764/1575/3 4765/1578/3
f 4760/1579/3 4761/1571/3 3978/1572/3
f 4901/1566/3 4904/1569/3 4905/1580/3
f 4900/1581/3 4901/1566/3 4905/1580/3
f 4670/1582/3 4671/1565/3 4653/1573/3
f 4780/1574/3 4765/1578/3 4766/1583/3
f 4635/1563/3 4687/1564/3 4688/1584/3
f 4759/1585/3 4760/1579/3 3978/1572/3
f 4634/1586/3 4635/1563/3 4688/1584/3
f 4780/1574/3 4766/1583/3 4767/1587/3
f 4758/1588/3 4759/1585/3 3978/1572/3
f 4780/1574/3 4767/1587/3 4768/1589/3
f 4758/1588/3 3978/1572/3 3979/1590/3
f 4670/1582/3 4653/1573/3 4654/1591/3
f 4779/1592/3 4780/1574/3 4768/1589/3
f 4757/1593/3 4758/1588/3 3979/1590/3
f 4900/1581/3 4905/1580/3 4906/1594/3
f 4779/1592/3 4768/1589/3 4769/1595/3
f 4899/1596/3 4900/1581/3 4906/1594/3
f 4756/1597/3 4757/1593/3 3979/1590/3
f 4669/1598/3 4670/1582/3 4654/1591/3
f 4779/1592/3 4769/1595/3 4770/1599/3
f 4634/1586/3 4688/1584/3 4689/1600/3
f 4724/1601/3 4725/1603/3 4726/1602/3
f 4755/1604/3 4756/1597/3 3979/1590/3
f 4633/1605/3 4634/1586/3 4689/1600/3
f 4703/1577/3 4528/1549/3 4529/1606/3
f 4778/1607/3 4779/1592/3 4770/1599/3
f 4778/1607/3 4770/1599/3 4771/1608/3
f 4723/1609/3 4724/1601/3 4726/1602/3
f 4755/1604/3 3979/1590/3 3980/1610/3
f 4899/1596/3 4906/1594/3 4907/1611/3
f 4669/1598/3 4654/1591/3 4655/1612/3
f 4723/1609/3 4726/1602/3 4727/1613/3
f 4754/1614/3 4755/1604/3 3980/1610/3
f 4898/1615/3 4899/1596/3 4907/1611/3
f 4778/1607/3 4771/1608/3 4772/1616/3
f 4668/1617/3 4669/1598/3 4655/1612/3
f 4702/1618/3 4703/1577/3 4529/1606/3
f 4722/1619/3 4723/1609/3 4727/1613/3
f 4777/1620/3 4778/1607/3 4772/1616/3
f 4753/1621/3 4754/1614/3 3980/1610/3
f 4633/1605/3 4689/1600/3 4690/1622/3
f 4722/1619/3 4727/1613/3 4728/1623/3
f 4777/1620/3 4772/1616/3 4773/1624/3
f 4753/1621/3 3980/1610/3 3981/1625/3
f 4632/1626/3 4633/1605/3 4690/1622/3
f 4898/1615/3 4907/1611/3 4908/1627/3
f 4752/1628/3 4753/1621/3 3981/1625/3
f 4722/1619/3 4728/1623/3 4729/1629/3
f 4668/1617/3 4655/1612/3 4656/1630/3
f 4777/1620/3 4773/1624/3 4774/1631/3
f 4721/1632/3 4722/1619/3 4729/1629/3
f 4897/1633/3 4898/1615/3 4908/1627/3
f 4776/1634/3 4777/1620/3 4774/1631/3
f 4667/1635/3 4668/1617/3 4656/1630/3
f 4751/1636/3 4752/1628/3 3981/1625/3
f 4751/1636/3 3981/1625/3 3982/1637/3
f 4776/1634/3 4774/1631/3 4775/1638/3
f 4721/1632/3 4729/1629/3 4730/1639/3
f 3993/1640/3 3994/1642/3 3995/1641/3
f 4632/1626/3 4690/1622/3 4691/1643/3
f 3992/1644/3 3993/1640/3 3995/1641/3
f 3991/1645/3 3992/1644/3 3995/1641/3
f 3990/1646/3 3991/1645/3 3995/1641/3
f 4897/1633/3 4908/1627/3 4909/1647/3
f 3989/1648/3 3990/1646/3 3995/1641/3
f 3988/1649/3 3989/1648/3 3995/1641/3
f 3987/1650/3 3988/1649/3 3995/1641/3
f 4720/1651/3 4721/1632/3 4730/1639/3
f 3986/1652/3 3987/1650/3 3995/1641/3
f 4750/1653/3 4751/1636/3 3982/1637/3
f 3985/1654/3 3986/1652/3 3995/1641/3
f 3984/1655/3 3985/1654/3 3995/1641/3
f 4720/1651/3 4730/1639/3 4731/1656/3
f 4631/1657/3 4632/1626/3 4691/1643/3
f 3983/1658/3 3984/1655/3 3995/1641/3
f 3982/1637/3 3983/1658/3 3995/1641/3
f 4750/1653/3 3982/1637/3 3995/1641/3
f 4750/1653/3 3995/1641/3 3996/1659/3
f 4896/1660/3 4897/1633/3 4909/1647/3
f 4667/1635/3 4656/1630/3 4657/1661/3
f 4701/1662/3 4702/1618/3 4529/1606/3
f 4666/156/3 4667/1635/3 4657/1661/3
f 4749/1663/3 4750/1653/3 3996/1659/3
f 4720/1651/3 4731/1656/3 4732/1664/3
f 4749/1663/3 3996/1659/3 3997/1665/3
f 4896/1660/3 4909/1647/3 4910/1666/3
f 4719/1667/3 4720/1651/3 4732/1664/3
f 4631/1657/3 4691/1643/3 4692/1668/3
f 4748/1669/3 4749/1663/3 3997/1665/3
f 4719/1667/3 4732/1664/3 4733/1670/3
f 4747/1671/3 4748/1669/3 3997/1665/3
f 4895/1672/3 4896/1660/3 4910/1666/3
f 4666/156/3 4657/1661/3 4658/1673/3
f 4747/1671/3 3997/1665/3 3998/1674/3
f 4630/1675/3 4631/1657/3 4692/1668/3
f 4719/1667/3 4733/1670/3 4734/1676/3
f 4665/1677/3 4666/156/3 4658/1673/3
f 4746/1678/3 4747/1671/3 3998/1674/3
f 4745/1679/3 4746/1678/3 3998/1674/3
f 4719/1667/3 4734/1676/3 4735/1680/3
f 4895/1672/3 4910/1666/3 4911/1681/3
f 4718/1682/3 4719/1667/3 4735/1680/3
f 4744/1683/3 4745/1679/3 3998/1674/3
f 4718/1682/3 4735/1680/3 4736/1684/3
f 4630/1675/3 4692/1668/3 4693/1685/3
f 4743/1686/3 4744/1683/3 3998/1674/3
f 4743/1686/3 3998/1674/3 3999/1687/3
f 4742/1688/3 4743/1686/3 3999/1687/3
f 4718/1682/3 4736/1684/3 4737/1689/3
f 4741/1690/3 4742/1688/3 3999/1687/3
f 4740/1691/3 4741/1690/3 3999/1687/3
f 4739/1692/3 4740/1691/3 3999/1687/3
f 4738/1693/3 4739/1692/3 3999/1687/3
f 4894/1694/3 4895/1672/3 4911/1681/3
f 4718/1682/3 4737/1689/3 4738/1693/3
f 4718/1682/3 4738/1693/3 3999/1687/3
f 4665/1677/3 4658/1673/3 4659/1695/3
f 4700/1696/3 4701/1662/3 4529/1606/3
f 4664/1697/3 4665/1677/3 4659/1695/3
f 4700/1696/3 4529/1606/3 4530/1698/3
f 4629/1699/3 4630/1675/3 4693/1685/3
f 4894/1694/3 4911/1681/3 4912/1700/3
f 4717/1701/3 4718/1682/3 3999/1687/3
f 4717/1701/3 3999/1687/3 4000/1702/3
f 4629/1699/3 4693/1685/3 4694/1703/3
f 4664/1697/3 4659/1695/3 4660/1704/3
f 4663/1705/3 4664/1697/3 4660/1704/3
f 4893/1706/3 4894/1694/3 4912/1700/3
f 4893/1706/3 4912/1700/3 4913/1707/3
f 4628/1708/3 4629/1699/3 4612/1709/3
f 4612/1709/3 4629/1699/3 4611/1710/3
f 4611/1710/3 4629/1699/3 4694/1703/3
f 4716/1711/3 4717/1701/3 4000/1702/3
f 4716/1711/3 4000/1702/3 4001/1712/3
f 4610/1713/3 4611/1710/3 4694/1703/3
f 4609/1714/3 4610/1713/3 4694/1703/3
f 4628/1708/3 4612/1709/3 4613/1715/3
f 4663/1705/3 4660/1704/3 4661/1716/3
f 4662/1717/3 4663/1705/3 4661/1716/3
f 4609/1714/3 4694/1703/3 4695/1718/3
f 4699/1719/3 4700/1696/3 4530/1698/3
f 4608/1720/3 4609/1714/3 4695/1718/3
f 4893/1706/3 4913/1707/3 4914/1721/3
f 4628/1708/3 4613/1715/3 4614/1722/3
f 4892/1723/3 4893/1706/3 4914/1721/3
f 4607/1724/3 4608/1720/3 4695/1718/3
f 4628/1708/3 4614/1722/3 4615/1725/3
f 4606/1726/3 4607/1724/3 4695/1718/3
f 4715/1727/3 4716/1711/3 4001/1712/3
f 4628/1708/3 4615/1725/3 4616/1728/3
f 4715/1727/3 4001/1712/3 4002/1729/3
f 4627/1730/3 4628/1708/3 4616/1728/3
f 4892/1723/3 4914/1721/3 4915/1731/3
f 4605/1732/3 4606/1726/3 4695/1718/3
f 4627/1730/3 4616/1728/3 4617/1733/3
f 4605/1732/3 4695/1718/3 4696/1734/3
f 4891/1735/3 4892/1723/3 4915/1731/3
f 4604/1736/3 4605/1732/3 4696/1734/3
f 4891/1735/3 4915/1731/3 4916/1737/3
f 4627/1730/3 4617/1733/3 4618/1738/3
f 4714/1739/3 4715/1727/3 4002/1729/3
f 4603/1740/3 4604/1736/3 4696/1734/3
f 4626/1741/3 4627/1730/3 4618/1738/3
f 4714/1739/3 4002/1729/3 4003/1742/3
f 4698/1743/3 4699/1719/3 4530/1698/3
f 4626/1741/3 4618/1738/3 4619/1744/3
f 4890/1745/3 4891/1735/3 4916/1737/3
f 4603/1740/3 4696/1734/3 4697/1746/3
f 4602/1747/3 4603/1740/3 4697/1746/3
f 4626/1741/3 4619/1744/3 4620/1748/3
f 4713/1749/3 4714/1739/3 4003/1742/3
f 4601/1750/3 4602/1747/3 4697/1746/3
f 4890/1745/3 4916/1737/3 4917/1751/3
f 4625/1752/3 4626/1741/3 4620/1748/3
f 4889/1753/3 4890/1745/3 4917/1751/3
f 4523/1499/3 4791/1500/3 4792/1754/3
f 4713/1749/3 4003/1742/3 4004/1755/3
f 4601/1750/3 4697/1746/3 4698/1743/3
f 4625/1752/3 4620/1748/3 4621/1756/3
f 4698/1743/3 4530/1698/3 4531/1757/3
f 4600/1758/3 4601/1750/3 4698/1743/3
f 4816/1759/3 4713/1749/3 4004/1755/3
f 4624/1760/3 4625/1752/3 4621/1756/3
f 4888/1761/3 4889/1753/3 4917/1751/3
f 4624/1760/3 4621/1756/3 4622/1762/3
f 4599/1763/3 4600/1758/3 4698/1743/3
f 4599/1763/3 4698/1743/3 4531/1757/3
f 4888/1761/3 4917/1751/3 4918/1764/3
f 4816/1759/3 4004/1755/3 4005/1765/3
f 4523/1499/3 4792/1754/3 4793/1766/3
f 4624/1760/3 4622/1762/3 4623/1767/3
f 4598/1768/3 4599/1763/3 4531/1757/3
f 4887/1769/3 4888/1761/3 4918/1764/3
f 4815/1770/3 4816/1759/3 4005/1765/3
f 4886/1771/3 4887/1769/3 4918/1764/3
f 4815/1770/3 4005/1765/3 4006/1772/3
f 4523/1499/3 4793/1766/3 4794/1773/3
f 4886/1771/3 4918/1764/3 4919/1774/3
f 4814/1775/3 4815/1770/3 4006/1772/3
f 4597/1776/3 4598/1768/3 4531/1757/3
f 4885/1777/3 4886/1771/3 4919/1774/3
f 4813/1778/3 4814/1775/3 4006/1772/3
f 4523/1499/3 4794/1773/3 4795/1779/3
f 4813/1778/3 4006/1772/3 4007/1780/3
f 4884/1781/3 4885/1777/3 4919/1774/3
f 4884/1781/3 4919/1774/3 4920/1782/3
f 4812/1783/3 4813/1778/3 4007/1780/3
f 4523/1499/3 4795/1779/3 4796/1784/3
f 4883/1785/3 4884/1781/3 4920/1782/3
f 4812/1783/3 4007/1780/3 4008/1786/3
f 4596/1787/3 4597/1776/3 4531/1757/3
f 4811/1788/3 4812/1783/3 4008/1786/3
f 4523/1499/3 4796/1784/3 4797/1789/3
f 4596/1787/3 4531/1757/3 4532/1790/3
f 4882/1791/3 4883/1785/3 4920/1782/3
f 4810/1792/3 4811/1788/3 4008/1786/3
f 4882/1791/3 4920/1782/3 4921/1793/3
f 4523/1499/3 4797/1789/3 4798/1794/3
f 4809/1795/3 4810/1792/3 4008/1786/3
f 4881/1796/3 4882/1791/3 4921/1793/3
f 4523/1499/3 4798/1794/3 4799/1797/3
f 4808/1798/3 4809/1795/3 4008/1786/3
f 4523/1499/3 4799/1797/3 4800/1799/3
f 4807/1800/3 4808/1798/3 4008/1786/3
f 4880/1801/3 4881/1796/3 4921/1793/3
f 4806/1802/3 4807/1800/3 4008/1786/3
f 4523/1499/3 4800/1799/3 4801/1803/3
f 4595/1804/3 4596/1787/3 4532/1790/3
f 4805/1805/3 4806/1802/3 4008/1786/3
f 4523/1499/3 4801/1803/3 4802/1806/3
f 4804/1807/3 4805/1805/3 4008/1786/3
f 4523/1499/3 4802/1806/3 4803/1808/3
f 4523/1499/3 4803/1808/3 4804/1807/3
f 4523/1499/3 4804/1807/3 4008/1786/3
f 4879/1809/3 4880/1801/3 4921/1793/3
f 4879/1809/3 4921/1793/3 4922/1810/3
f 4878/1811/3 4879/1809/3 4922/1810/3
f 4877/1812/3 4878/1811/3 4922/1810/3
f 4876/1813/3 4877/1812/3 4922/1810/3
f 4594/1814/3 4595/1804/3 4532/1790/3
f 4875/1815/3 4876/1813/3 4922/1810/3
f 4874/1816/3 4875/1815/3 4922/1810/3
f 4873/1817/3 4874/1816/3 4922/1810/3
f 4522/1818/3 4523/1499/3 4008/1786/3
f 4873/1817/3 4922/1810/3 4923/1819/3
f 4872/1820/3 4873/1817/3 4923/1819/3
f 4522/1818/3 4008/1786/3 4009/1821/3
f 4871/1822/3 4872/1820/3 4923/1819/3
f 4870/1823/3 4871/1822/3 4923/1819/3
f 4521/1824/3 4522/1818/3 4009/1821/3
f 4593/1825/3 4594/1814/3 4532/1790/3
f 4869/1826/3 4870/1823/3 4923/1819/3
f 4869/1826/3 4923/1819/3 4924/1827/3
f 4593/1825/3 4532/1790/3 4533/1828/3
f 4520/1829/3 4521/1824/3 4009/1821/3
f 4868/1830/3 4869/1826/3 4924/1827/3
f 4592/1831/3 4593/1825/3 4533/1828/3
f 4867/1832/3 4868/1830/3 4924/1827/3
f 4519/1833/3 4520/1829/3 4009/1821/3
f 4866/1834/3 4867/1832/3 4924/1827/3
f 4866/1834/3 4924/1827/3 4925/1835/3
f 4519/1833/3 4009/1821/3 4010/1836/3
f 4518/1837/3 4519/1833/3 4010/1836/3
f 4591/1838/3 4592/1831/3 4533/1828/3
f 4865/1839/3 4866/1834/3 4925/1835/3
f 4497/1840/3 4498/1842/3 4499/1841/3
f 4517/1843/3 4518/1837/3 4010/1836/3
f 4864/1844/3 4865/1839/3 4925/1835/3
f 4497/1840/3 4499/1841/3 4500/1845/3
f 4496/1846/3 4497/1840/3 4500/1845/3
f 4864/1844/3 4925/1835/3 4926/1847/3
f 4590/1848/3 4591/1838/3 4533/1828/3
f 4516/1849/3 4517/1843/3 4010/1836/3
f 4496/1846/3 4500/1845/3 4501/1850/3
f 4495/1851/3 4496/1846/3 4501/1850/3
f 4589/1852/3 4590/1848/3 4533/1828/3
f 4495/1851/3 4501/1850/3 4502/1853/3
f 4515/1854/3 4516/1849/3 4010/1836/3
f 4863/1855/3 4864/1844/3 4926/1847/3
f 4574/1856/3 4575/1858/3 4576/1857/3
f 4494/1859/3 4495/1851/3 4502/1853/3
f 4588/1860/3 4589/1852/3 4533/1828/3
f 4574/1856/3 4576/1857/3 4577/1861/3
f 4863/1855/3 4926/1847/3 4927/1862/3
f 4574/1856/3 4577/1861/3 4578/1863/3
f 4494/1859/3 4502/1853/3 4503/1864/3
f 4515/1854/3 4010/1836/3 4011/1865/3
f 4574/1856/3 4578/1863/3 4579/1866/3
f 4588/1860/3 4533/1828/3 4534/1867/3
f 4574/1856/3 4579/1866/3 4580/1868/3
f 4574/1856/3 4580/1868/3 4581/1869/3
f 4514/1870/3 4515/1854/3 4011/1865/3
f 4574/1856/3 4581/1869/3 4582/1871/3
f 4587/1872/3 4588/1860/3 4534/1867/3
f 4574/1856/3 4582/1871/3 4583/1873/3
f 4574/1856/3 4583/1873/3 4584/1874/3
f 4574/1856/3 4584/1874/3 4585/1875/3
f 4574/1856/3 4585/1875/3 4586/1876/3
f 4574/1856/3 4586/1876/3 4587/1872/3
f 4573/1877/3 4574/1856/3 4587/1872/3
f 4573/1877/3 4587/1872/3 4534/1867/3
f 4494/1859/3 4503/1864/3 4504/1878/3
f 4572/1879/3 4573/1877/3 4534/1867/3
f 4493/1880/3 4494/1859/3 4504/1878/3
f 4513/1881/3 4514/1870/3 4011/1865/3
f 4493/1880/3 4504/1878/3 4505/1882/3
f 4862/1883/3 4863/1855/3 4927/1862/3
f 4571/1884/3 4572/1879/3 4534/1867/3
f 4862/1883/3 4927/1862/3 4928/1885/3
f 4512/1886/3 4513/1881/3 4011/1865/3
f 4493/1880/3 4505/1882/3 4506/1887/3
f 4570/1888/3 4571/1884/3 4534/1867/3
f 4493/1880/3 4506/1887/3 4507/1889/3
f 4492/1890/3 4493/1880/3 4507/1889/3
f 4511/1891/3 4512/1886/3 4011/1865/3
f 4862/1883/3 4928/1885/3 4929/1892/3
f 4492/1890/3 4507/1889/3 4508/1893/3
f 4511/1891/3 4011/1865/3 4012/1894/3
f 4492/1890/3 4508/1893/3 4509/1895/3
f 4569/1896/3 4570/1888/3 4534/1867/3
f 4492/1890/3 4509/1895/3 4510/1897/3
f 4492/1890/3 4510/1897/3 4511/1891/3
f 4492/1890/3 4511/1891/3 4012/1894/3
f 4861/1898/3 4862/1883/3 4929/1892/3
f 4861/1898/3 4929/1892/3 4930/1899/3
f 4491/1900/3 4492/1890/3 4012/1894/3
f 4568/1901/3 4569/1896/3 4534/1867/3
f 4861/1898/3 4930/1899/3 4931/1902/3
f 4491/1900/3 4012/1894/3 4013/1903/3
f 4567/1904/3 4568/1901/3 4534/1867/3
f 4861/1898/3 4931/1902/3 4932/1905/3
f 4490/1906/3 4491/1900/3 4013/1903/3
f 4860/1907/3 4861/1898/3 4932/1905/3
f 4567/1904/3 4534/1867/3 4535/1908/3
f 4860/1907/3 4932/1905/3 4933/1909/3
f 4566/1910/3 4567/1904/3 4535/1908/3
f 4490/1906/3 4013/1903/3 4014/1911/3
f 4860/1907/3 4933/1909/3 4934/1912/3
f 4489/1913/3 4490/1906/3 4032/1914/3
f 4032/1914/3 4490/1906/3 4014/1911/3
f 4859/1915/3 4860/1907/3 4934/1912/3
f 4565/1916/3 4566/1910/3 4535/1908/3
f 4859/1915/3 4934/1912/3 4935/1917/3
f 4859/1915/3 4935/1917/3 4936/1918/3
f 4032/1914/3 4014/1911/3 4015/1919/3
f 4489/1913/3 4032/1914/3 4033/1920/3
f 4031/1921/3 4032/1914/3 4015/1919/3
f 4859/1915/3 4936/1918/3 4937/1922/3
f 4564/1923/3 4565/1916/3 4535/1908/3
f 4488/1924/3 4489/1913/3 4033/1920/3
f 4859/1915/3 4937/1922/3 4938/1925/3
f 4030/1926/3 4031/1921/3 4015/1919/3
f 4859/1915/3 4938/1925/3 4939/1927/3
f 4859/1915/3 4939/1927/3 4940/69/3
f 4029/1928/3 4030/1926/3 4015/1919/3
f 4029/1928/3 4015/1919/3 4016/1929/3
f 4858/1930/3 4859/1915/3 4940/69/3
f 4028/1931/3 4029/1928/3 4016/1929/3
f 4027/1932/3 4028/1931/3 4016/1929/3
f 4858/1930/3 4940/69/3 4817/1933/3
f 4027/1932/3 4016/1929/3 4017/1934/3
f 4563/1935/3 4564/1923/3 4535/1908/3
f 4026/1936/3 4027/1932/3 4017/1934/3
f 4858/1930/3 4817/1933/3 4818/1937/3
f 4025/1938/3 4026/1936/3 4017/1934/3
f 4024/1939/3 4025/1938/3 4017/1934/3
f 4024/1939/3 4017/1934/3 4018/1940/3
f 4487/1941/3 4488/1924/3 4033/1920/3
f 4858/1930/3 4818/1937/3 4819/1942/3
f 4023/1943/3 4024/1939/3 4018/1940/3
f 4563/1935/3 4535/1908/3 4536/1944/3
f 4022/1945/3 4023/1943/3 4018/1940/3
f 4022/1945/3 4018/1940/3 4019/1946/3
f 4021/1947/3 4022/1945/3 4019/1946/3
f 4020/1948/3 4021/1947/3 4019/1946/3
f 4858/1930/3 4819/1942/3 4820/1949/3
f 4562/1950/3 4563/1935/3 4536/1944/3
f 4857/1951/3 4858/1930/3 4820/1949/3
f 4857/1951/3 4820/1949/3 4821/1952/3
f 4486/1953/3 4487/1941/3 4033/1920/3
f 4561/1954/3 4562/1950/3 4536/1944/3
f 4857/1951/3 4821/1952/3 4822/1955/3
f 4856/1956/3 4857/1951/3 4822/1955/3
f 4856/1956/3 4822/1955/3 4823/1957/3
f 4485/1958/3 4486/1953/3 4033/1920/3
f 4560/1959/3 4561/1954/3 4536/1944/3
f 4856/1956/3 4823/1957/3 4824/1960/3
f 4560/1959/3 4536/1944/3 4537/1961/3
f 4484/1962/3 4485/1958/3 4033/1920/3
f 4559/1963/3 4560/1959/3 4537/1961/3
f 4855/1964/3 4856/1956/3 4824/1960/3
f 4855/1964/3 4824/1960/3 4825/1965/3
f 4855/1964/3 4825/1965/3 4826/1966/3
f 4558/1967/3 4559/1963/3 4537/1961/3
f 4854/1968/3 4855/1964/3 4826/1966/3
f 4854/1968/3 4826/1966/3 4827/1969/3
f 4557/1970/3 4558/1967/3 4537/1961/3
f 4854/1968/3 4827/1969/3 4828/1971/3
f 4557/1970/3 4537/1961/3 4538/1972/3
f 4853/1973/3 4854/1968/3 4828/1971/3
f 4557/1970/3 4538/1972/3 4539/1974/3
f 4853/1973/3 4828/1971/3 4829/1975/3
f 4556/1976/3 4557/1970/3 4539/1974/3
f 4556/1976/3 4539/1974/3 4540/1977/3
f 4556/1976/3 4540/1977/3 4541/1978/3
f 4853/1973/3 4829/1975/3 4830/1979/3
f 4852/1980/3 4853/1973/3 4830/1979/3
f 4555/1981/3 4556/1976/3 4541/1978/3
f 4555/1981/3 4541/1978/3 4542/1982/3
f 4851/1983/3 4852/1980/3 4830/1979/3
f 4851/1983/3 4830/1979/3 4831/1984/3
f 4555/1981/3 4542/1982/3 4543/1985/3
f 4554/1986/3 4555/1981/3 4543/1985/3
f 4850/1987/3 4851/1983/3 4831/1984/3
f 4554/1986/3 4543/1985/3 4544/1988/3
f 4850/1987/3 4831/1984/3 4832/1989/3
f 4849/1990/3 4850/1987/3 4832/1989/3
f 4553/1991/3 4554/1986/3 4544/1988/3
f 4553/1991/3 4544/1988/3 4545/1992/3
f 4849/1990/3 4832/1989/3 4833/1993/3
f 4470/1994/3 4471/1996/3 4472/1995/3
f 4045/1997/3 4046/1999/3 4047/1998/3
f 4469/2000/3 4470/1994/3 4472/1995/3
f 4045/1997/3 4047/1998/3 4048/2001/3
f 4553/1991/3 4545/1992/3 4546/2002/3
f 4848/2003/3 4849/1990/3 4833/1993/3
f 4469/2000/3 4472/1995/3 4473/2004/3
f 4044/2005/3 4045/1997/3 4048/2001/3
f 4552/2006/3 4553/1991/3 4546/2002/3
f 4468/2007/3 4469/2000/3 4473/2004/3
f 4044/2005/3 4048/2001/3 4049/2008/3
f 4468/2007/3 4473/2004/3 4474/2009/3
f 4043/2010/3 4044/2005/3 4049/2008/3
f 4848/2003/3 4833/1993/3 4834/2011/3
f 4552/2006/3 4546/2002/3 4547/2012/3
f 4468/2007/3 4474/2009/3 4475/2013/3
f 4042/2014/3 4043/2010/3 4049/2008/3
f 4847/2015/3 4848/2003/3 4834/2011/3
f 4467/2016/3 4468/2007/3 4475/2013/3
f 4042/2014/3 4049/2008/3 4050/2017/3
f 4551/2018/3 4552/2006/3 4547/2012/3
f 4467/2016/3 4475/2013/3 4476/2019/3
f 4041/2020/3 4042/2014/3 4050/2017/3
f 4551/2018/3 4547/2012/3 4548/2021/3
f 4467/2016/3 4476/2019/3 4477/2022/3
f 4040/2023/3 4041/2020/3 4050/2017/3
f 4847/2015/3 4834/2011/3 4835/2024/3
f 4466/2025/3 4467/2016/3 4477/2022/3
f 4040/2023/3 4050/2017/3 4051/2026/3
f 4550/2027/3 4551/2018/3 4548/2021/3
f 4846/2028/3 4847/2015/3 4835/2024/3
f 4550/2027/3 4548/2021/3 4549/2029/3
f 4466/2025/3 4477/2022/3 4478/2030/3
f 4039/2031/3 4040/2023/3 4051/2026/3
f 4466/2025/3 4478/2030/3 4479/2032/3
f 4038/2033/3 4039/2031/3 4051/2026/3
f 4465/2034/3 4466/2025/3 4479/2032/3
f 4038/2033/3 4051/2026/3 4052/2035/3
f 4465/2034/3 4479/2032/3 4480/2036/3
f 4037/2037/3 4038/2033/3 4052/2035/3
f 4846/2028/3 4835/2024/3 4836/2038/3
f 4465/2034/3 4480/2036/3 4481/2039/3
f 4036/2040/3 4037/2037/3 4052/2035/3
f 4845/2041/3 4846/2028/3 4836/2038/3
f 4465/2034/3 4481/2039/3 4482/2042/3
f 4035/2043/3 4036/2040/3 4052/2035/3
f 4465/2034/3 4482/2042/3 4483/2044/3
f 4034/2045/3 4035/2043/3 4052/2035/3
f 4465/2034/3 4483/2044/3 4484/1962/3
f 4465/2034/3 4484/1962/3 4033/1920/3
f 4465/2034/3 4033/1920/3 4034/2045/3
f 4465/2034/3 4034/2045/3 4052/2035/3
f 4464/2046/3 4465/2034/3 4052/2035/3
f 4464/2046/3 4052/2035/3 4053/2047/3
f 4845/2041/3 4836/2038/3 4837/2048/3
f 4844/2049/3 4845/2041/3 4837/2048/3
f 4463/2050/3 4464/2046/3 4053/2047/3
f 4463/2050/3 4053/2047/3 4054/2051/3
f 4844/2049/3 4837/2048/3 4838/2052/3
f 4843/2053/3 4844/2049/3 4838/2052/3
f 4462/2054/3 4463/2050/3 4054/2051/3
f 4462/2054/3 4054/2051/3 4055/2055/3
f 4843/2053/3 4838/2052/3 4839/2056/3
f 4842/2057/3 4843/2053/3 4839/2056/3
f 4461/2058/3 4462/2054/3 4055/2055/3
f 4461/2058/3 4055/2055/3 4056/2059/3
f 4842/2057/3 4839/2056/3 4840/2060/3
f 4841/2061/3 4842/2057/3 4840/2060/3
f 4460/2062/3 4461/2058/3 4056/2059/3
f 4460/2062/3 4056/2059/3 4057/2063/3
f 4459/2064/3 4460/2062/3 4057/2063/3
f 4459/2064/3 4057/2063/3 4058/2065/3
f 4458/2066/3 4459/2064/3 4058/2065/3
f 4458/2066/3 4058/2065/3 4059/2067/3
f 4433/2068/3 4434/2070/3 4435/2069/3
f 4432/2071/3 4433/2068/3 4435/2069/3
f 4457/2072/3 4458/2066/3 4059/2067/3
f 4457/2072/3 4059/2067/3 4060/2073/3
f 4431/2074/3 4432/2071/3 4435/2069/3
f 4431/2074/3 4435/2069/3 4436/2075/3
f 4456/2076/3 4457/2072/3 4060/2073/3
f 4456/2076/3 4060/2073/3 4061/2077/3
f 4430/2078/3 4431/2074/3 4436/2075/3
f 4455/2079/3 4456/2076/3 4061/2077/3
f 4430/2078/3 4436/2075/3 4437/2080/3
f 4455/2079/3 4061/2077/3 4062/2081/3
f 4429/2082/3 4430/2078/3 4437/2080/3
f 4454/2083/3 4455/2079/3 4062/2081/3
f 4453/2084/3 4454/2083/3 4062/2081/3
f 4429/2082/3 4437/2080/3 4438/2085/3
f 4453/2084/3 4062/2081/3 4063/2086/3
f 4428/2087/3 4429/2082/3 4438/2085/3
f 4452/2088/3 4453/2084/3 4063/2086/3
f 4452/2088/3 4063/2086/3 4064/2089/3
f 4428/2087/3 4438/2085/3 4439/2090/3
f 4427/2091/3 4428/2087/3 4439/2090/3
f 4451/2092/3 4452/2088/3 4064/2089/3
f 4427/2091/3 4439/2090/3 4440/2093/3
f 4451/2092/3 4064/2089/3 4065/2094/3
f 4450/2095/3 4451/2092/3 4065/2094/3
f 4426/2096/3 4427/2091/3 4440/2093/3
f 4426/2096/3 4440/2093/3 4441/2097/3
f 4449/2098/3 4450/2095/3 4065/2094/3
f 4449/2098/3 4065/2094/3 4066/2099/3
f 4426/2096/3 4441/2097/3 4442/2100/3
f 4425/2101/3 4426/2096/3 4442/2100/3
f 4448/2102/3 4449/2098/3 4066/2099/3
f 4448/2102/3 4066/2099/3 4084/2103/3
f 4084/2103/3 4066/2099/3 4083/2104/3
f 4083/2104/3 4066/2099/3 4067/2105/3
f 4425/2101/3 4442/2100/3 4443/2106/3
f 4447/2107/3 4448/2102/3 4300/2108/3
f 4300/2108/3 4448/2102/3 4299/2109/3
f 4299/2109/3 4448/2102/3 4298/2110/3
f 4298/2110/3 4448/2102/3 4084/2103/3
f 4297/2111/1 4298/2110/1 4084/2103/1
f 4296/2112/3 4297/2111/3 4085/2113/3
f 4085/2113/1 4297/2111/1 4084/2103/1
f 4296/2112/3 4085/2113/3 4086/2114/3
f 4082/2115/3 4083/2104/3 4067/2105/3
f 4447/2107/3 4300/2108/3 4301/2116/3
f 4447/2107/3 4301/2116/3 4302/2117/3
f 4081/2118/3 4082/2115/3 4067/2105/3
f 4447/2107/3 4302/2117/3 4303/2119/3
f 4447/2107/3 4303/2119/3 4304/2120/3
f 4080/2121/3 4081/2118/3 4067/2105/3
f 4447/2107/3 4304/2120/3 4305/2122/3
f 4425/2101/3 4443/2106/3 4444/2123/3
f 4424/2124/3 4425/2101/3 4444/2123/3
f 4447/2107/3 4305/2122/3 4306/2125/3
f 4079/2126/3 4080/2121/3 4067/2105/3
f 4447/2107/3 4306/2125/3 4307/2127/3
f 4079/2126/3 4067/2105/3 4068/2128/3
f 4321/2129/3 4322/2131/3 4323/2130/3
f 4446/2132/3 4447/2107/3 4307/2127/3
f 4320/2133/3 4321/2129/3 4323/2130/3
f 4446/2132/3 4307/2127/3 4308/2134/3
f 4319/2135/3 4320/2133/3 4323/2130/3
f 4424/2124/3 4444/2123/3 4445/2136/3
f 4078/2137/3 4079/2126/3 4068/2128/3
f 4318/2138/3 4319/2135/3 4323/2130/3
f 4446/2132/3 4308/2134/3 4309/2139/3
f 4317/2140/3 4318/2138/3 4323/2130/3
f 4316/2141/3 4317/2140/3 4323/2130/3
f 4315/2142/3 4316/2141/3 4323/2130/3
f 4446/2132/3 4309/2139/3 4310/2143/3
f 4424/2124/3 4445/2136/3 4446/2132/3
f 4314/2144/3 4315/2142/3 4323/2130/3
f 4077/2145/3 4078/2137/3 4068/2128/3
f 4313/2146/3 4314/2144/3 4323/2130/3
f 4312/2147/3 4313/2146/3 4323/2130/3
f 4311/2148/3 4312/2147/3 4323/2130/3
f 4310/2143/3 4311/2148/3 4323/2130/3
f 4424/2124/3 4446/2132/3 4310/2143/3
f 4424/2124/3 4310/2143/3 4323/2130/3
f 4424/2124/3 4323/2130/3 4324/2149/3
f 4077/2145/3 4068/2128/3 4069/2150/3
f 4076/2151/3 4077/2145/3 4069/2150/3
f 4423/2152/3 4424/2124/3 4324/2149/3
f 4423/2152/3 4324/2149/3 4325/2153/3
f 4075/2154/3 4076/2151/3 4069/2150/3
f 4423/2152/3 4325/2153/3 4326/2155/3
f 4075/2154/3 4069/2150/3 4070/2156/3
f 4074/2157/3 4075/2154/3 4070/2156/3
f 4423/2152/3 4326/2155/3 4327/2158/3
f 4422/2159/3 4423/2152/3 4327/2158/3
f 4296/2112/3 4086/2114/3 4087/2160/3
f 4073/2161/3 4074/2157/3 4070/2156/3
f 4073/2161/3 4070/2156/3 4071/2162/3
f 4295/2163/3 4296/2112/3 4087/2160/3
f 4072/2164/3 4073/2161/3 4071/2162/3
f 4422/2159/3 4327/2158/3 4328/2165/3
f 4421/2166/3 4422/2159/3 4328/2165/3
f 4421/2166/3 4328/2165/3 4329/2167/3
f 4420/2168/3 4421/2166/3 4329/2167/3
f 4420/2168/3 4329/2167/3 4330/2169/3
f 4295/2163/3 4087/2160/3 4088/2170/3
f 4294/2171/3 4295/2163/3 4088/2170/3
f 4420/2168/3 4330/2169/3 4331/2172/3
f 4420/2168/3 4331/2172/3 4332/2173/3
f 4419/2174/3 4420/2168/3 4332/2173/3
f 4419/2174/3 4332/2173/3 4333/2175/3
f 4294/2171/3 4088/2170/3 4171/2176/3
f 4171/2176/3 4088/2170/3 4089/2177/3
f 4293/2178/3 4294/2171/3 4223/2179/3
f 4223/2179/3 4294/2171/3 4171/2176/3
f 4419/2174/3 4333/2175/3 4334/2180/3
f 4419/2174/3 4334/2180/3 4335/2181/3
f 4293/2178/3 4223/2179/3 4224/2182/3
f 4222/2183/3 4223/2179/3 4171/2176/3
f 4222/2183/3 4171/2176/3 4172/2184/3
f 4170/2185/3 4171/2176/3 4089/2177/3
f 4419/2174/3 4335/2181/3 4336/2186/3
f 4418/2187/3 4419/2174/3 4336/2186/3
f 4170/2185/3 4089/2177/3 4090/2188/3
f 4292/2189/3 4293/2178/3 4224/2182/3
f 4169/2190/3 4170/2185/3 4090/2188/3
f 4292/2189/3 4224/2182/3 4225/2191/3
f 4417/2192/3 4418/2187/3 4336/2186/3
f 4417/2192/3 4336/2186/3 4337/2193/3
f 4169/2190/3 4090/2188/3 4091/2194/3
f 4291/2195/3 4292/2189/3 4225/2191/3
f 4416/2196/3 4417/2192/3 4337/2193/3
f 4168/2197/3 4169/2190/3 4091/2194/3
f 4168/2197/3 4091/2194/3 4092/2198/3
f 4291/2195/3 4225/2191/3 4226/2199/3
f 4416/2196/3 4337/2193/3 4338/2200/3
f 4290/2201/3 4291/2195/3 4226/2199/3
f 4168/2197/3 4092/2198/3 4093/2202/3
f 4415/2203/3 4416/2196/3 4338/2200/3
f 4167/2204/3 4168/2197/3 4093/2202/3
f 4289/2205/3 4290/2201/3 4226/2199/3
f 4289/2205/3 4226/2199/3 4227/2206/3
f 4415/2203/3 4338/2200/3 4339/2207/3
f 4167/2204/3 4093/2202/3 4094/2208/3
f 4414/2209/3 4415/2203/3 4339/2207/3
f 4288/2210/3 4289/2205/3 4227/2206/3
f 4166/2211/3 4167/2204/3 4094/2208/3
f 4288/2210/3 4227/2206/3 4228/2212/3
f 4414/2209/3 4339/2207/3 4340/2213/3
f 4166/2211/3 4094/2208/3 4095/2214/3
f 4413/2215/3 4414/2209/3 4340/2213/3
f 4287/2216/3 4288/2210/3 4228/2212/3
f 4165/2217/3 4166/2211/3 4095/2214/3
f 4287/2216/3 4228/2212/3 4229/2218/3
f 4413/2215/3 4340/2213/3 4341/2219/3
f 4165/2217/3 4095/2214/3 4096/2220/3
f 4412/2221/3 4413/2215/3 4341/2219/3
f 4286/2222/3 4287/2216/3 4229/2218/3
f 4164/2223/3 4165/2217/3 4096/2220/3
f 4286/2222/3 4229/2218/3 4230/2224/3
f 4412/2221/3 4341/2219/3 4342/2225/3
f 4164/2223/3 4096/2220/3 4097/2226/3
f 4285/2227/3 4286/2222/3 4230/2224/3
f 4411/2228/3 4412/2221/3 4342/2225/3
f 4163/2229/3 4164/2223/3 4097/2226/3
f 4285/2227/3 4230/2224/3 4231/2230/3
f 4163/2229/3 4097/2226/3 4098/2231/3
f 4163/2229/3 4098/2231/3 4099/2232/3
f 4411/2228/3 4342/2225/3 4343/2233/3
f 4284/2234/3 4285/2227/3 4231/2230/3
f 4163/2229/3 4099/2232/3 4100/2235/3
f 4410/2236/3 4411/2228/3 4343/2233/3
f 4283/2237/3 4284/2234/3 4231/2230/3
f 4163/2229/3 4100/2235/3 4101/2238/3
f 4163/2229/3 4101/2238/3 4102/2239/3
f 4282/2240/3 4283/2237/3 4231/2230/3
f 4163/2229/3 4102/2239/3 4103/2241/3
f 4281/2242/3 4282/2240/3 4231/2230/3
f 4162/2243/3 4163/2229/3 4103/2241/3
f 4162/2243/3 4103/2241/3 4104/2244/3
f 4280/2245/3 4281/2242/3 4231/2230/3
f 4162/2243/3 4104/2244/3 4105/2246/3
f 4280/2245/3 4231/2230/3 4232/2247/3
f 4162/2243/3 4105/2246/3 4106/2248/3
f 4279/2249/3 4280/2245/3 4232/2247/3
f 4162/2243/3 4106/2248/3 4107/2250/3
f 4120/2251/3 4121/2253/3 4122/2252/3
f 4162/2243/3 4107/2250/3 4108/2254/3
f 4278/2255/3 4279/2249/3 4232/2247/3
f 4119/2256/3 4120/2251/3 4122/2252/3
f 4118/452/3 4119/2256/3 4122/2252/3
f 4117/2257/3 4118/452/3 4122/2252/3
f 4116/2258/3 4117/2257/3 4122/2252/3
f 4162/2243/3 4108/2254/3 4109/2259/3
f 4115/2260/3 4116/2258/3 4122/2252/3
f 4114/2261/3 4115/2260/3 4122/2252/3
f 4113/2262/3 4114/2261/3 4122/2252/3
f 4112/2263/3 4113/2262/3 4122/2252/3
f 4111/2264/3 4112/2263/3 4122/2252/3
f 4110/2265/3 4111/2264/3 4122/2252/3
f 4109/2259/3 4110/2265/3 4122/2252/3
f 4162/2243/3 4109/2259/3 4122/2252/3
f 4410/2236/3 4343/2233/3 4344/2266/3
f 4409/2267/3 4410/2236/3 4344/2266/3
f 4277/2268/3 4278/2255/3 4232/2247/3
f 4276/2269/3 4277/2268/3 4232/2247/3
f 4162/2243/3 4122/2252/3 4123/2270/3
f 4275/2271/3 4276/2269/3 4232/2247/3
f 4274/2272/3 4275/2271/3 4232/2247/3
f 4162/2243/3 4123/2270/3 4124/2273/3
f 4273/2274/3 4274/2272/3 4232/2247/3
f 4272/2275/3 4273/2274/3 4232/2247/3
f 4162/2243/3 4124/2273/3 4125/2276/3
f 4271/2277/3 4272/2275/3 4232/2247/3
f 4270/2278/3 4271/2277/3 4232/2247/3
f 4162/2243/3 4125/2276/3 4126/2279/3
f 4161/2280/3 4162/2243/3 4126/2279/3
f 4269/2281/3 4270/2278/3 4232/2247/3
f 4161/2280/3 4126/2279/3 4127/2282/3
f 4268/2283/3 4269/2281/3 4232/2247/3
f 4268/2283/3 4232/2247/3 4233/2284/3
f 4161/2280/3 4127/2282/3 4128/2285/3
f 4408/2286/3 4409/2267/3 4344/2266/3
f 4267/2287/3 4268/2283/3 4233/2284/3
f 4408/2286/3 4344/2266/3 4345/2288/3
f 4161/2280/3 4128/2285/3 4129/2289/3
f 4266/2290/3 4267/2287/3 4233/2284/3
f 4407/2291/3 4408/2286/3 4345/2288/3
f 4161/2280/3 4129/2289/3 4130/2292/3
f 4265/2293/3 4266/2290/3 4233/2284/3
f 4406/2294/3 4407/2291/3 4345/2288/3
f 4160/2295/3 4161/2280/3 4130/2292/3
f 4160/2295/3 4130/2292/3 4131/2296/3
f 4264/2297/3 4265/2293/3 4233/2284/3
f 4405/2298/3 4406/2294/3 4345/2288/3
f 4264/2297/3 4233/2284/3 4234/2299/3
f 4263/2300/3 4264/2297/3 4234/2299/3
f 4160/2295/3 4131/2296/3 4132/2301/3
f 4404/2302/3 4405/2298/3 4345/2288/3
f 4404/2302/3 4345/2288/3 4346/2303/3
f 4262/2304/3 4263/2300/3 4234/2299/3
f 4160/2295/3 4132/2301/3 4133/2305/3
f 4403/2306/3 4404/2302/3 4346/2303/3
f 4261/2307/3 4262/2304/3 4234/2299/3
f 4160/2295/3 4133/2305/3 4134/2308/3
f 4159/2309/3 4160/2295/3 4134/2308/3
f 4402/2310/3 4403/2306/3 4346/2303/3
f 4159/2309/3 4134/2308/3 4135/2311/3
f 4261/2307/3 4234/2299/3 4235/2312/3
f 4260/2313/3 4261/2307/3 4235/2312/3
f 4401/2314/3 4402/2310/3 4346/2303/3
f 4259/2315/3 4260/2313/3 4235/2312/3
f 4401/2314/3 4346/2303/3 4347/2316/3
f 4400/2317/3 4401/2314/3 4347/2316/3
f 4159/2309/3 4135/2311/3 4136/2318/3
f 4399/2319/3 4400/2317/3 4347/2316/3
f 4258/2320/3 4259/2315/3 4235/2312/3
f 4398/2321/3 4399/2319/3 4347/2316/3
f 4159/2309/3 4136/2318/3 4137/2322/3
f 4158/2323/3 4159/2309/3 4137/2322/3
f 4397/2324/3 4398/2321/3 4347/2316/3
f 4396/2325/3 4397/2324/3 4395/2326/3
f 4395/2326/3 4397/2324/3 4394/2327/3
f 4394/2327/3 4397/2324/3 4393/2328/3
f 4393/2328/3 4397/2324/3 4392/173/3
f 4392/173/3 4397/2324/3 4391/2329/3
f 4391/2329/3 4397/2324/3 4390/2330/3
f 4390/2330/3 4397/2324/3 4389/2331/3
f 4389/2331/3 4397/2324/3 4388/2332/3
f 4388/2332/3 4397/2324/3 4387/2333/3
f 4387/2333/3 4397/2324/3 4386/2334/3
f 4386/2334/3 4397/2324/3 4385/2335/3
f 4385/2335/3 4397/2324/3 4384/2336/3
f 4384/2336/3 4397/2324/3 4347/2316/3
f 4257/2337/3 4258/2320/3 4235/2312/3
f 4257/2337/3 4235/2312/3 4236/2338/3
f 4221/2339/3 4222/2183/3 4172/2184/3
f 4221/2339/3 4172/2184/3 4173/2340/3
f 4157/2341/3 4158/2323/3 4137/2322/3
f 4383/2342/3 4384/2336/3 4347/2316/3
f 4382/2343/3 4383/2342/3 4347/2316/3
f 4381/2344/3 4382/2343/3 4347/2316/3
f 4157/2341/3 4137/2322/3 4138/2345/3
f 4380/2346/3 4381/2344/3 4347/2316/3
f 4379/2347/3 4380/2346/3 4347/2316/3
f 4257/2337/3 4236/2338/3 4237/2348/3
f 4378/2349/3 4379/2347/3 4347/2316/3
f 4378/2349/3 4347/2316/3 4348/2350/3
f 4156/2351/3 4157/2341/3 4138/2345/3
f 4377/2352/3 4378/2349/3 4348/2350/3
f 4220/2353/3 4221/2339/3 4173/2340/3
f 4220/2353/3 4173/2340/3 4174/2354/3
f 4256/2355/3 4257/2337/3 4237/2348/3
f 4376/2356/3 4377/2352/3 4348/2350/3
f 4156/2351/3 4138/2345/3 4139/2357/3
f 4256/2355/3 4237/2348/3 4238/2358/3
f 4375/2359/3 4376/2356/3 4348/2350/3
f 4375/2359/3 4348/2350/3 4349/2360/3
f 4155/2361/3 4156/2351/3 4139/2357/3
f 4374/2362/3 4375/2359/3 4349/2360/3
f 4219/2363/3 4220/2353/3 4174/2354/3
f 4219/2363/3 4174/2354/3 4175/2364/3
f 4255/2365/3 4256/2355/3 4238/2358/3
f 4373/2366/3 4374/2362/3 4349/2360/3
f 4255/2365/3 4238/2358/3 4239/2367/3
f 4154/2368/3 4155/2361/3 4139/2357/3
f 4154/2368/3 4139/2357/3 4140/2369/3
f 4373/2366/3 4349/2360/3 4350/2370/3
f 4372/2371/3 4373/2366/3 4350/2370/3
f 4371/2372/3 4372/2371/3 4350/2370/3
f 4255/2365/3 4239/2367/3 4240/2373/3
f 4218/2374/3 4219/2363/3 4175/2364/3
f 4218/2374/3 4175/2364/3 4176/2375/3
f 4254/2376/3 4255/2365/3 4240/2373/3
f 4153/2377/3 4154/2368/3 4140/2369/3
f 4370/2378/3 4371/2372/3 4350/2370/3
f 4370/2378/3 4350/2370/3 4351/2379/3
f 4153/2377/3 4140/2369/3 4141/2380/3
f 4254/2376/3 4240/2373/3 4241/2381/3
f 4369/2382/3 4370/2378/3 4351/2379/3
f 4152/2383/3 4153/2377/3 4141/2380/3
f 4217/2384/3 4218/2374/3 4176/2375/3
f 4217/2384/3 4176/2375/3 4177/2385/3
f 4253/2386/3 4254/2376/3 4241/2381/3
f 4369/2382/3 4351/2379/3 4352/2387/3
f 4152/2383/3 4141/2380/3 4142/2388/3
f 4368/2389/3 4369/2382/3 4352/2387/3
f 4253/2386/3 4241/2381/3 4242/2390/3
f 4151/2391/3 4152/2383/3 4142/2388/3
f 4216/2392/3 4217/2384/3 4177/2385/3
f 4216/2392/3 4177/2385/3 4178/2393/3
f 4252/2394/3 4253/2386/3 4242/2390/3
f 4368/2389/3 4352/2387/3 4353/2395/3
f 4367/2396/3 4368/2389/3 4353/2395/3
f 4151/2391/3 4142/2388/3 4143/2397/3
f 4252/2394/3 4242/2390/3 4243/2398/3
f 4150/2399/3 4151/2391/3 4143/2397/3
f 4366/2400/3 4367/2396/3 4353/2395/3
f 4215/2401/3 4216/2392/3 4178/2393/3
f 4215/2401/3 4178/2393/3 4179/2402/3
f 4251/2403/3 4252/2394/3 4243/2398/3
f 4366/2400/3 4353/2395/3 4354/2404/3
f 4150/2399/3 4143/2397/3 4144/2405/3
f 4251/2403/3 4243/2398/3 4244/2406/3
f 4149/2407/3 4150/2399/3 4144/2405/3
f 4365/2408/3 4366/2400/3 4354/2404/3
f 4250/2409/3 4251/2403/3 4244/2406/3
f 4214/2410/3 4215/2401/3 4198/2411/3
f 4198/2411/3 4215/2401/3 4197/2412/3
f 4197/2412/3 4215/2401/3 4179/2402/3
f 4197/2412/3 4179/2402/3 4196/2413/3
f 4196/2413/3 4179/2402/3 4180/2414/3
f 4149/2407/3 4144/2405/3 4145/2415/3
f 4250/2409/3 4244/2406/3 4245/2416/3
f 4365/2408/3 4354/2404/3 4355/2417/3
f 4148/2418/3 4149/2407/3 4145/2415/3
f 4214/2410/3 4198/2411/3 4199/2419/3
f 4195/2420/3 4196/2413/3 4180/2414/3
f 4214/2410/3 4199/2419/3 4200/2421/3
f 4194/2422/3 4195/2420/3 4180/2414/3
f 4364/2423/3 4365/2408/3 4355/2417/3
f 4214/2410/3 4200/2421/3 4201/2424/3
f 4193/2425/3 4194/2422/3 4180/2414/3
f 4148/2418/3 4145/2415/3 4146/2426/3
f 4249/2427/3 4250/2409/3 4245/2416/3
f 4249/2427/3 4245/2416/3 4246/2428/3
f 4214/2410/3 4201/2424/3 4202/2429/3
f 4192/2430/3 4193/2425/3 4180/2414/3
f 4213/2431/3 4214/2410/3 4202/2429/3
f 4192/2430/3 4180/2414/3 4181/2432/3
f 4147/2433/3 4148/2418/3 4146/2426/3
f 4364/2423/3 4355/2417/3 4356/2434/3
f 4213/2431/3 4202/2429/3 4203/2435/3
f 4191/2436/3 4192/2430/3 4181/2432/3
f 4363/2437/3 4364/2423/3 4356/2434/3
f 4213/2431/3 4203/2435/3 4204/2438/3
f 4190/2439/3 4191/2436/3 4181/2432/3
f 4248/2440/3 4249/2427/3 4246/2428/3
f 4248/2440/3 4246/2428/3 4247/2441/3
f 4212/2442/3 4213/2431/3 4204/2438/3
f 4190/2439/3 4181/2432/3 4182/2443/3
f 4212/2442/3 4204/2438/3 4205/2444/3
f 4189/2445/3 4190/2439/3 4182/2443/3
f 4363/2437/3 4356/2434/3 4357/2446/3
f 4362/2447/3 4363/2437/3 4357/2446/3
f 4212/2442/3 4205/2444/3 4206/2448/3
f 4188/2449/3 4189/2445/3 4182/2443/3
f 4211/2450/3 4212/2442/3 4206/2448/3
f 4188/2449/3 4182/2443/3 4183/2451/3
f 4211/2450/3 4206/2448/3 4207/2452/3
f 4187/2453/3 4188/2449/3 4183/2451/3
f 4362/2447/3 4357/2446/3 4358/2454/3
f 4361/2455/3 4362/2447/3 4358/2454/3
f 4210/2456/3 4211/2450/3 4207/2452/3
f 4187/2453/3 4183/2451/3 4184/2457/3
f 4210/2456/3 4207/2452/3 4208/2458/3
f 4186/2459/3 4187/2453/3 4184/2457/3
f 4361/2455/3 4358/2454/3 4359/2460/3
f 4210/2456/3 4208/2458/3 4209/2461/3
f 4185/2462/3 4186/2459/3 4184/2457/3
f 4360/2463/3 4361/2455/3 4359/2460/3
s 1
f 4942/2464/5 4944/2465/6 4943/2466/6 4941/473/5
f 4944/2465/6 4946/2467/7 4945/2468/7 4943/2466/6
f 4946/2467/7 4948/2469/8 4947/2470/8 4945/2468/7
f 4948/2469/8 4950/2471/9 4949/2472/9 4947/2470/8
f 4950/2471/9 4952/2473/10 4951/2474/10 4949/2472/9
f 4952/2473/10 4954/2475/11 4953/2476/11 4951/2474/10
f 4954/2475/11 4956/2477/12 4955/2478/12 4953/2476/11
f 4956/2477/12 4958/2479/13 4957/2480/13 4955/2478/12
f 4958/2479/13 4960/2481/14 4959/2482/14 4957/2480/13
f 4960/2481/14 4962/2483/15 4961/2484/15 4959/2482/14
f 4962/2483/15 4964/2485/16 4963/2486/16 4961/2484/15
f 4964/2485/16 4966/2487/17 4965/2488/17 4963/2486/16
f 4966/2487/17 4968/2489/18 4967/2490/18 4965/2488/17
f 4968/2489/18 4970/2491/19 4969/2492/19 4967/2490/18
f 4970/2491/19 4972/2493/20 4971/2494/20 4969/2492/19
f 4972/2493/20 4974/2495/21 4973/2496/21 4971/2494/20
f 4974/2495/21 4976/2497/22 4975/2498/22 4973/2496/21
f 4976/2497/22 4978/2499/23 4977/2500/23 4975/2498/22
f 4978/2499/23 4980/2501/24 4979/2502/24 4977/2500/23
f 4980/2501/24 4982/2503/25 4981/2504/25 4979/2502/24
f 4982/2503/25 4984/2505/26 4983/2506/26 4981/2504/25
f 4984/2505/26 4986/2507/27 4985/2508/27 4983/2506/26
f 4986/2507/27 4988/2509/28 4987/2510/28 4985/2508/27
f 4988/2509/28 4990/2511/29 4989/2512/29 4987/2510/28
f 4990/2511/29 4992/2513/30 4991/2514/30 4989/2512/29
f 4992/2513/30 4994/2515/31 4993/2516/31 4991/2514/30
f 4994/2515/31 4996/2517/32 4995/2518/32 4993/2516/31
f 4996/2517/32 4998/2519/33 4997/2520/33 4995/2518/32
f 4998/2519/33 5000/2521/34 4999/2522/34 4997/2520/33
f 5000/2521/34 5002/2523/35 5001/2524/35 4999/2522/34
f 5002/2523/35 5004/2525/36 5003/2526/36 5001/2524/35
f 5004/2525/36 5006/2527/37 5005/2528/37 5003/2526/36
f 5006/2527/37 5008/2529/38 5007/2530/38 5005/2528/37
f 5008/2529/38 5010/2531/39 5009/2532/39 5007/2530/38
f 5010/2531/39 5012/2533/40 5011/2534/40 5009/2532/39
f 5012/2533/40 5014/2535/41 5013/2536/41 5011/2534/40
f 5014/2535/41 5016/2537/42 5015/2538/42 5013/2536/41
f 5016/2537/42 5018/2539/43 5017/2540/43 5015/2538/42
f 5018/2539/43 5020/2541/44 5019/2542/44 5017/2540/43
f 5020/2541/44 5022/2543/45 5021/2544/45 5019/2542/44
f 5022/2543/45 5024/2545/46 5023/2546/46 5021/2544/45
f 5024/2545/46 5026/2547/47 5025/2548/47 5023/2546/46
f 5026/2547/47 5028/2549/48 5027/2550/48 5025/2548/47
f 5028/2549/48 5030/2551/49 5029/2552/49 5027/2550/48
f 5030/2551/49 5032/2553/50 5031/2554/50 5029/2552/49
f 5032/2553/50 5034/2555/51 5033/2556/51 5031/2554/50
f 5034/2555/51 5036/2557/52 5035/2558/52 5033/2556/51
f 5036/2557/52 5038/2559/53 5037/2560/53 5035/2558/52
f 5038/2559/53 5040/2561/54 5039/2562/54 5037/2560/53
f 5040/2561/54 5042/2563/55 5041/2564/55 5039/2562/54
f 5042/2563/55 5044/2565/56 5043/2566/56 5041/2564/55
f 5044/2565/56 5046/2567/57 5045/2568/57 5043/2566/56
f 5046/2567/57 5048/2569/58 5047/2570/58 5045/2568/57
f 5048/2569/58 5050/2571/59 5049/2572/59 5047/2570/58
f 5050/2571/59 5052/2573/60 5051/2574/60 5049/2572/59
f 5052/2573/60 5054/2575/61 5053/2576/61 5051/2574/60
f 5054/2575/61 5056/2577/62 5055/2578/62 5053/2576/61
f 5056/2577/62 5058/2579/63 5057/2580/63 5055/2578/62
f 5058/2579/63 5060/2581/64 5059/2582/64 5057/2580/63
f 5060/2581/64 5062/2583/65 5061/2584/65 5059/2582/64
f 5062/2583/65 5064/2585/66 5063/2586/66 5061/2584/65
f 5064/2585/66 5066/2587/67 5065/2588/67 5063/2586/66
f 5066/2587/67 5068/2589/68 5067/2590/68 5065/2588/67
f 5068/2589/68 5070/2591/69 5069/2592/69 5067/2590/68
f 5070/2591/69 5072/2593/70 5071/2594/70 5069/2592/69
f 5072/2593/70 5074/2595/71 5073/2596/71 5071/2594/70
f 5074/2595/71 5076/2597/72 5075/2598/72 5073/2596/71
f 5076/2597/72 5078/2599/73 5077/2600/73 5075/2598/72
f 5078/2599/73 5080/2601/74 5079/2602/74 5077/2600/73
f 5080/2601/74 5082/2603/75 5081/2604/75 5079/2602/74
f 5082/2603/75 5084/2605/76 5083/2606/76 5081/2604/75
f 5084/2605/76 5086/2607/77 5085/2608/77 5083/2606/76
f 5086/2607/77 5088/2609/78 5087/2610/78 5085/2608/77
f 5088/2609/78 5090/2611/79 5089/2612/79 5087/2610/78
f 5090/2611/79 5092/2613/80 5091/2614/80 5089/2612/79
f 5092/2613/80 5094/2615/81 5093/2616/81 5091/2614/80
f 5094/2615/81 5096/2617/82 5095/2618/82 5093/2616/81
f 5096/2617/82 5098/2619/83 5097/2620/83 5095/2618/82
f 5098/2619/83 5100/2621/84 5099/2622/84 5097/2620/83
f 5100/2621/84 5102/2623/85 5101/2624/85 5099/2622/84
f 5102/2623/85 5104/2625/86 5103/2626/86 5101/2624/85
f 5104/2625/86 5106/2627/87 5105/2628/87 5103/2626/86
f 5106/2627/87 5108/2629/88 5107/2630/88 5105/2628/87
f 5108/2629/88 5110/2631/89 5109/2632/89 5107/2630/88
f 5110/2631/89 5112/2633/90 5111/2634/90 5109/2632/89
f 5112/2633/90 5114/2635/91 5113/2636/91 5111/2634/90
f 5114/2635/91 5116/2637/92 5115/2638/92 5113/2636/91
f 5116/2637/92 5118/2639/93 5117/2640/93 5115/2638/92
f 5118/2639/93 5120/2641/94 5119/2642/94 5117/2640/93
f 5120/2641/94 5122/2643/95 5121/2644/95 5119/2642/94
f 5122/2643/95 5124/2645/96 5123/2646/96 5121/2644/95
f 5124/2645/96 5126/2647/97 5125/2648/97 5123/2646/96
f 5126/2647/97 5128/2649/98 5127/2650/98 5125/2648/97
f 5128/2649/98 5130/2651/99 5129/2652/99 5127/2650/98
f 5130/2651/99 5132/2653/100 5131/2654/100 5129/2652/99
f 5132/2653/100 5134/2655/101 5133/2656/101 5131/2654/100
f 5134/2655/101 5136/2657/102 5135/2658/102 5133/2656/101
f 5136/2657/102 5138/2659/103 5137/2660/103 5135/2658/102
f 5138/2659/103 5140/2661/104 5139/2662/104 5137/2660/103
f 5140/2661/104 5142/2663/105 5141/2664/105 5139/2662/104
f 5142/2663/105 5144/2665/106 5143/2666/106 5141/2664/105
f 5144/2665/106 5146/2667/107 5145/2668/107 5143/2666/106
f 5146/2667/107 5148/2669/108 5147/2670/108 5145/2668/107
f 5148/2669/108 5150/2671/109 5149/2672/109 5147/2670/108
f 5150/2671/109 5152/2673/110 5151/2674/110 5149/2672/109
f 5152/2673/110 5154/2675/111 5153/2676/111 5151/2674/110
f 5154/2675/111 5156/2677/112 5155/2678/112 5153/2676/111
f 5156/2677/112 5158/2679/113 5157/2680/113 5155/2678/112
f 5158/2679/113 5160/2681/114 5159/2682/114 5157/2680/113
f 5160/2681/114 5162/2683/115 5161/2684/115 5159/2682/114
f 5162/2683/115 5164/2685/116 5163/2686/116 5161/2684/115
f 5164/2685/116 5166/2687/117 5165/2688/117 5163/2686/116
f 5166/2687/117 5168/2689/118 5167/2690/118 5165/2688/117
f 5168/2689/118 5170/2691/119 5169/2692/119 5167/2690/118
f 5170/2691/119 5172/2693/120 5171/2694/120 5169/2692/119
f 5172/2693/120 5174/2695/121 5173/2696/121 5171/2694/120
f 5174/2695/121 5176/2697/122 5175/2698/122 5173/2696/121
f 5176/2697/122 5178/2699/123 5177/2700/123 5175/2698/122
f 5178/2699/123 5180/2701/124 5179/2702/124 5177/2700/123
f 5180/2701/124 5182/2703/125 5181/2704/125 5179/2702/124
f 5182/2703/125 5184/2705/126 5183/2706/126 5181/2704/125
f 5184/2705/126 5186/2707/127 5185/2708/127 5183/2706/126
f 5186/2707/127 5188/2709/128 5187/2710/128 5185/2708/127
f 5188/2709/128 5190/2711/129 5189/2712/129 5187/2710/128
f 5190/2711/129 5192/2713/130 5191/2714/130 5189/2712/129
f 5192/2713/130 5194/2715/131 5193/2716/131 5191/2714/130
f 5194/2715/131 5196/2717/132 5195/2718/132 5193/2716/131
f 5196/2717/132 5198/2719/133 5197/2720/133 5195/2718/132
f 5198/2719/133 5200/2721/134 5199/2722/134 5197/2720/133
f 5200/2721/134 5202/2723/135 5201/2724/135 5199/2722/134
f 5202/2723/135 5204/2725/136 5203/2726/136 5201/2724/135
f 5204/2725/136 5206/2727/137 5205/2728/137 5203/2726/136
f 5206/2727/137 5208/2729/138 5207/2730/138 5205/2728/137
f 5208/2729/138 5210/2731/139 5209/2732/139 5207/2730/138
f 5210/2731/139 5212/2733/140 5211/2734/140 5209/2732/139
f 5212/2733/140 5214/2735/141 5213/2736/141 5211/2734/140
f 5214/2735/141 5216/2737/142 5215/2738/142 5213/2736/141
f 5216/2737/142 5218/2739/143 5217/2740/143 5215/2738/142
f 5218/2739/143 5220/2741/144 5219/2742/144 5217/2740/143
f 5220/2741/144 5222/2743/145 5221/2744/145 5219/2742/144
f 5222/2743/145 5224/2745/146 5223/2746/146 5221/2744/145
f 5224/2745/146 5226/2747/147 5225/2748/147 5223/2746/146
f 5226/2747/147 5228/2749/148 5227/2750/148 5225/2748/147
f 5228/2749/148 5230/2751/149 5229/2752/149 5227/2750/148
f 5230/2751/149 5232/2753/150 5231/2754/150 5229/2752/149
f 5232/2753/150 5234/2755/151 5233/2756/151 5231/2754/150
f 5234/2755/151 5236/2757/150 5235/2758/150 5233/2756/151
f 5236/2757/150 5238/2759/149 5237/2760/149 5235/2758/150
f 5238/2759/149 5240/2761/148 5239/2762/148 5237/2760/149
f 5240/2761/148 5242/2763/152 5241/2764/152 5239/2762/148
f 5242/2763/152 5244/2765/153 5243/2766/153 5241/2764/152
f 5244/2765/153 5246/2767/154 5245/2768/154 5243/2766/153
f 5246/2767/154 5248/2769/155 5247/2770/155 5245/2768/154
f 5248/2769/155 5250/2771/156 5249/2772/156 5247/2770/155
f 5250/2771/156 5252/2773/157 5251/2774/157 5249/2772/156
f 5252/2773/157 5254/2775/158 5253/2776/158 5251/2774/157
f 5254/2775/158 5256/2777/159 5255/2778/159 5253/2776/158
f 5256/2777/159 5258/2779/160 5257/2780/160 5255/2778/159
f 5258/2779/160 5260/2781/161 5259/2782/161 5257/2780/160
f 5260/2781/161 5262/2783/162 5261/2784/162 5259/2782/161
f 5262/2783/162 5264/2785/163 5263/2786/163 5261/2784/162
f 5264/2785/163 5266/2787/164 5265/2788/164 5263/2786/163
f 5266/2787/164 5268/2789/165 5267/2790/165 5265/2788/164
f 5268/2789/165 5270/2791/166 5269/2792/166 5267/2790/165
f 5270/2791/166 5272/2793/167 5271/2794/167 5269/2792/166
f 5272/2793/167 5274/2795/168 5273/2796/168 5271/2794/167
f 5274/2795/168 5276/2797/169 5275/2798/169 5273/2796/168
f 5276/2797/169 5278/2799/170 5277/2800/170 5275/2798/169
f 5278/2799/170 5280/2801/171 5279/2802/171 5277/2800/170
f 5280/2801/171 5282/2803/172 5281/2804/172 5279/2802/171
f 5282/2803/172 5284/2805/173 5283/2806/173 5281/2804/172
f 5284/2805/173 5286/2807/174 5285/2808/174 5283/2806/173
f 5286/2807/174 5288/2809/175 5287/2810/175 5285/2808/174
f 5288/2809/175 5290/2811/176 5289/2812/176 5287/2810/175
f 5290/2811/176 5292/2813/177 5291/2814/177 5289/2812/176
f 5292/2813/177 5294/2815/178 5293/2816/178 5291/2814/177
f 5294/2815/178 5296/2817/179 5295/2818/179 5293/2816/178
f 5296/2817/179 5298/2819/180 5297/2820/180 5295/2818/179
f 5298/2819/180 5300/2821/181 5299/2822/181 5297/2820/180
f 5300/2821/181 5302/2823/182 5301/2824/182 5299/2822/181
f 5302/2823/182 5304/2825/183 5303/2826/183 5301/2824/182
f 5304/2825/183 5306/2827/184 5305/2828/184 5303/2826/183
f 5306/2827/184 5308/2829/185 5307/2830/185 5305/2828/184
f 5308/2829/185 5310/2831/186 5309/2832/186 5307/2830/185
f 5310/2831/186 5312/2833/187 5311/2834/187 5309/2832/186
f 5312/2833/187 5314/2835/188 5313/2836/188 5311/2834/187
f 5314/2835/188 5316/2837/189 5315/2838/189 5313/2836/188
f 5316/2837/189 5318/2839/190 5317/2840/190 5315/2838/189
f 5318/2839/190 5320/2841/191 5319/2842/191 5317/2840/190
f 5320/2841/191 5322/2843/192 5321/2844/192 5319/2842/191
f 5322/2843/192 5324/2845/193 5323/2846/193 5321/2844/192
f 5324/2845/193 5326/2847/194 5325/2848/194 5323/2846/193
f 5326/2847/194 5328/2849/195 5327/2850/195 5325/2848/194
f 5328/2849/195 5330/2851/196 5329/2852/196 5327/2850/195
f 5330/2851/196 5332/2853/197 5331/2854/197 5329/2852/196
f 5332/2853/197 5334/2855/198 5333/2856/198 5331/2854/197
f 5334/2855/198 5336/2857/199 5335/2858/199 5333/2856/198
f 5336/2857/199 5338/2859/200 5337/2860/200 5335/2858/199
f 5338/2859/200 5340/2861/201 5339/2862/201 5337/2860/200
f 5340/2861/201 5342/2863/202 5341/2864/202 5339/2862/201
f 5342/2863/202 5344/2865/203 5343/2866/203 5341/2864/202
f 5344/2865/203 5346/2867/204 5345/2868/204 5343/2866/203
f 5346/2867/204 5348/2869/205 5347/2870/205 5345/2868/204
f 5348/2869/205 5350/2871/206 5349/2872/206 5347/2870/205
f 5350/2871/206 5352/2873/207 5351/2874/207 5349/2872/206
f 5352/2873/207 5354/2875/208 5353/2876/208 5351/2874/207
f 5354/2875/208 5356/2877/209 5355/2878/209 5353/2876/208
f 5356/2877/209 5358/2879/210 5357/2880/210 5355/2878/209
f 5358/2879/210 5360/2881/211 5359/2882/211 5357/2880/210
f 5360/2881/211 5362/2883/212 5361/2884/212 5359/2882/211
f 5362/2883/212 5364/2885/213 5363/2886/213 5361/2884/212
f 5364/2885/213 5366/2887/214 5365/2888/214 5363/2886/213
f 5366/2887/214 5368/2889/215 5367/2890/215 5365/2888/214
f 5368/2889/215 5370/2891/216 5369/2892/216 5367/2890/215
f 5370/2891/216 5372/2893/217 5371/2894/217 5369/2892/216
f 5372/2893/217 5374/2895/218 5373/2896/218 5371/2894/217
f 5374/2895/218 5376/2897/219 5375/2898/219 5373/2896/218
f 5376/2897/219 5378/2899/220 5377/2900/220 5375/2898/219
f 5378/2899/220 5380/2901/221 5379/2902/221 5377/2900/220
f 5380/2901/221 5382/2903/222 5381/2904/222 5379/2902/221
f 5382/2903/222 5384/2905/223 5383/2906/223 5381/2904/222
f 5384/2905/223 5386/2907/224 5385/2908/224 5383/2906/223
f 5386/2907/224 5388/2909/225 5387/2910/225 5385/2908/224
f 5388/2909/225 5390/2911/226 5389/2912/226 5387/2910/225
f 5390/2911/226 5392/2913/227 5391/2914/227 5389/2912/226
f 5392/2913/227 5394/2915/228 5393/2916/228 5391/2914/227
f 5394/2915/228 5396/2917/229 5395/2918/229 5393/2916/228
f 5396/2917/229 5398/2919/230 5397/2920/230 5395/2918/229
f 5398/2919/230 5400/2921/231 5399/2922/231 5397/2920/230
f 5400/2921/231 5402/2923/232 5401/2924/232 5399/2922/231
f 5402/2923/232 5404/2925/233 5403/2926/233 5401/2924/232
f 5404/2925/233 5406/2927/234 5405/2928/234 5403/2926/233
f 5406/2927/234 5408/2929/235 5407/2930/235 5405/2928/234
f 5408/2929/235 5410/2931/236 5409/2932/236 5407/2930/235
f 5410/2931/236 5412/2933/237 5411/2934/237 5409/2932/236
f 5412/2933/237 5414/2935/238 5413/2936/238 5411/2934/237
f 5414/2935/238 5416/2937/239 5415/2938/239 5413/2936/238
f 5416/2937/239 5418/2939/240 5417/2940/240 5415/2938/239
f 5418/2939/240 5420/2941/241 5419/2942/241 5417/2940/240
f 5420/2941/241 5422/2943/242 5421/2944/242 5419/2942/241
f 5422/2943/242 5424/2945/243 5423/2946/243 5421/2944/242
f 5424/2945/243 5426/2947/244 5425/2948/244 5423/2946/243
f 5426/2947/244 5428/2949/245 5427/2950/245 5425/2948/244
f 5428/2949/245 5430/2951/246 5429/2952/246 5427/2950/245
f 5430/2951/246 5432/2953/247 5431/2954/247 5429/2952/246
f 5432/2953/247 5434/2955/248 5433/2956/248 5431/2954/247
f 5434/2955/248 5436/2957/249 5435/2958/249 5433/2956/248
f 5436/2957/249 5438/2959/250 5437/2960/250 5435/2958/249
f 5438/2959/250 5440/2961/251 5439/2962/251 5437/2960/250
f 5440/2961/251 5442/2963/252 5441/2964/252 5439/2962/251
f 5442/2963/252 5444/2965/253 5443/2966/253 5441/2964/252
f 5444/2965/253 5446/2967/254 5445/2968/254 5443/2966/253
f 5446/2967/254 5448/2969/255 5447/2970/255 5445/2968/254
f 5448/2969/255 5450/2971/256 5449/2972/256 5447/2970/255
f 5450/2971/256 5452/2973/257 5451/2974/257 5449/2972/256
f 5452/2973/257 5454/2975/258 5453/2976/258 5451/2974/257
f 5454/2975/258 5456/2977/259 5455/2978/259 5453/2976/258
f 5456/2977/259 5458/2979/260 5457/2980/260 5455/2978/259
f 5458/2979/260 5460/2981/261 5459/2982/261 5457/2980/260
f 5460/2981/261 5462/2983/262 5461/2984/262 5459/2982/261
f 5462/2983/262 5464/2985/263 5463/2986/263 5461/2984/262
f 5464/2985/263 5466/2987/264 5465/2988/264 5463/2986/263
f 5466/2987/264 5468/2989/265 5467/2990/265 5465/2988/264
f 5468/2989/265 5470/2991/266 5469/2992/266 5467/2990/265
f 5470/2991/266 5472/2993/267 5471/2994/267 5469/2992/266
f 5472/2993/267 5474/2995/268 5473/2996/268 5471/2994/267
f 5474/2995/268 5476/2997/269 5475/2998/269 5473/2996/268
f 5476/2997/269 5478/2999/270 5477/3000/270 5475/2998/269
f 5478/2999/270 5480/3001/271 5479/3002/271 5477/3000/270
f 5480/3001/271 5482/3003/272 5481/3004/272 5479/3002/271
f 5482/3003/272 5484/3005/273 5483/3006/273 5481/3004/272
f 5484/3005/273 5486/3007/274 5485/3008/274 5483/3006/273
f 5486/3007/274 5488/3009/275 5487/3010/275 5485/3008/274
f 5488/3009/275 5490/3011/276 5489/3012/276 5487/3010/275
f 5490/3011/276 5492/3013/277 5491/3014/277 5489/3012/276
f 5492/3013/277 5494/3015/278 5493/3016/278 5491/3014/277
f 5494/3015/278 5496/3017/279 5495/3018/279 5493/3016/278
f 5496/3017/279 5498/3019/280 5497/3020/280 5495/3018/279
f 5498/3019/280 5500/3021/281 5499/3022/281 5497/3020/280
f 5500/3021/281 5502/3023/282 5501/3024/282 5499/3022/281
f 5502/3023/282 5504/3025/283 5503/3026/283 5501/3024/282
f 5504/3025/283 5506/3027/284 5505/3028/284 5503/3026/283
f 5506/3027/284 5508/3029/285 5507/3030/285 5505/3028/284
f 5508/3029/285 5510/3031/286 5509/3032/286 5507/3030/285
f 5510/3031/286 5512/3033/287 5511/3034/287 5509/3032/286
f 5512/3033/287 5514/3035/288 5513/3036/288 5511/3034/287
f 5514/3035/288 5516/3037/289 5515/3038/289 5513/3036/288
f 5516/3037/289 5518/3039/290 5517/3040/290 5515/3038/289
f 5518/3039/290 5520/3041/291 5519/3042/291 5517/3040/290
f 5520/3041/291 5522/3043/292 5521/3044/292 5519/3042/291
f 5522/3043/292 5524/3045/293 5523/3046/293 5521/3044/292
f 5524/3045/293 5526/3047/294 5525/3048/294 5523/3046/293
f 5526/3047/294 5528/3049/295 5527/3050/295 5525/3048/294
f 5528/3049/295 5530/3051/296 5529/3052/296 5527/3050/295
f 5530/3051/296 5532/3053/297 5531/3054/297 5529/3052/296
f 5532/3053/297 5534/3055/298 5533/3056/298 5531/3054/297
f 5534/3055/298 5536/3057/299 5535/3058/299 5533/3056/298
f 5536/3057/299 5538/3059/300 5537/3060/300 5535/3058/299
f 5538/3059/300 5540/3061/301 5539/3062/301 5537/3060/300
f 5540/3061/301 5542/3063/302 5541/3064/302 5539/3062/301
f 5542/3063/302 5544/3065/303 5543/3066/303 5541/3064/302
f 5544/3065/303 5546/3067/304 5545/3068/304 5543/3066/303
f 5546/3067/304 5548/3069/305 5547/3070/305 5545/3068/304
f 5548/3069/305 5550/3071/306 5549/3072/306 5547/3070/305
f 5550/3071/306 5552/3073/307 5551/3074/307 5549/3072/306
f 5552/3073/307 5554/3075/308 5553/3076/308 5551/3074/307
f 5554/3075/308 5556/3077/309 5555/3078/309 5553/3076/308
f 5556/3077/309 5558/3079/310 5557/3080/310 5555/3078/309
f 5558/3079/310 5560/3081/311 5559/3082/311 5557/3080/310
f 5560/3081/311 5562/3083/312 5561/3084/312 5559/3082/311
f 5562/3083/312 5564/3085/313 5563/3086/313 5561/3084/312
f 5564/3085/313 5566/3087/314 5565/3088/314 5563/3086/313
f 5566/3087/314 5568/3089/315 5567/3090/315 5565/3088/314
f 5568/3089/315 5570/3091/316 5569/3092/316 5567/3090/315
f 5570/3091/316 5572/3093/317 5571/3094/317 5569/3092/316
f 5572/3093/317 5574/3095/318 5573/3096/318 5571/3094/317
f 5574/3095/318 5576/3097/319 5575/3098/319 5573/3096/318
f 5576/3097/319 5578/3099/320 5577/3100/320 5575/3098/319
f 5578/3099/320 5580/3101/321 5579/3102/321 5577/3100/320
f 5580/3101/321 5582/3103/322 5581/3104/322 5579/3102/321
f 5582/3103/322 5584/3105/323 5583/3106/323 5581/3104/322
f 5584/3105/323 5586/3107/324 5585/3108/324 5583/3106/323
f 5586/3107/324 5588/3109/325 5587/3110/325 5585/3108/324
f 5588/3109/325 5590/3111/326 5589/3112/326 5587/3110/325
f 5590/3111/326 5592/3113/327 5591/3114/327 5589/3112/326
f 5592/3113/327 5594/3115/328 5593/3116/328 5591/3114/327
f 5594/3115/328 5596/3117/329 5595/3118/329 5593/3116/328
f 5596/3117/329 5598/3119/330 5597/3120/330 5595/3118/329
f 5598/3119/330 5600/3121/331 5599/3122/331 5597/3120/330
f 5600/3121/331 5602/3123/332 5601/3124/332 5599/3122/331
f 5602/3123/332 5604/3125/333 5603/3126/333 5601/3124/332
f 5604/3125/333 5606/3127/334 5605/3128/334 5603/3126/333
f 5606/3127/334 5608/3129/335 5607/3130/335 5605/3128/334
f 5608/3129/335 5610/3131/336 5609/3132/336 5607/3130/335
f 5610/3131/336 5612/3133/337 5611/3134/337 5609/3132/336
f 5612/3133/337 5614/3135/338 5613/3136/338 5611/3134/337
f 5614/3135/338 5616/3137/339 5615/3138/339 5613/3136/338
f 5616/3137/339 5618/3139/340 5617/3140/340 5615/3138/339
f 5618/3139/340 5620/3141/341 5619/3142/341 5617/3140/340
f 5620/3141/341 5622/3143/342 5621/3144/342 5619/3142/341
f 5622/3143/342 5624/3145/343 5623/3146/343 5621/3144/342
f 5624/3145/343 5626/3147/344 5625/3148/344 5623/3146/343
f 5626/3147/344 5628/3149/345 5627/3150/345 5625/3148/344
f 5628/3149/345 5630/3151/346 5629/3152/346 5627/3150/345
f 5630/3151/346 5632/3153/347 5631/3154/347 5629/3152/346
f 5632/3153/347 5634/3155/348 5633/3156/348 5631/3154/347
f 5634/3155/348 5636/3157/349 5635/3158/349 5633/3156/348
f 5636/3157/349 5638/3159/350 5637/3160/350 5635/3158/349
f 5638/3159/350 5640/3161/351 5639/3162/351 5637/3160/350
f 5640/3161/351 5642/3163/352 5641/3164/352 5639/3162/351
f 5642/3163/352 5644/3165/353 5643/3166/353 5641/3164/352
f 5644/3165/353 5646/3167/354 5645/3168/354 5643/3166/353
f 5646/3167/354 5648/3169/355 5647/3170/355 5645/3168/354
f 5648/3169/355 5650/3171/356 5649/3172/356 5647/3170/355
f 5650/3171/356 5652/3173/357 5651/3174/357 5649/3172/356
f 5652/3173/357 5654/3175/358 5653/3176/358 5651/3174/357
f 5654/3175/358 5656/3177/359 5655/3178/359 5653/3176/358
f 5656/3177/359 5658/3179/360 5657/3180/360 5655/3178/359
f 5658/3179/360 5660/3181/361 5659/3182/361 5657/3180/360
f 5660/3181/361 5662/3183/362 5661/3184/362 5659/3182/361
f 5662/3183/362 5664/3185/363 5663/3186/363 5661/3184/362
f 5664/3185/363 5666/3187/364 5665/3188/364 5663/3186/363
f 5666/3187/364 5668/3189/365 5667/3190/365 5665/3188/364
f 5668/3189/365 5670/3191/366 5669/3192/366 5667/3190/365
f 5670/3191/366 5672/3193/367 5671/3194/367 5669/3192/366
f 5672/3193/367 5674/3195/368 5673/3196/368 5671/3194/367
f 5674/3195/368 5676/3197/369 5675/3198/369 5673/3196/368
f 5676/3197/369 5678/3199/370 5677/3200/370 5675/3198/369
f 5678/3199/370 5680/3201/371 5679/3202/371 5677/3200/370
f 5680/3201/371 5682/3203/372 5681/3204/372 5679/3202/371
f 5682/3203/372 5684/3205/373 5683/3206/373 5681/3204/372
f 5684/3205/373 5686/3207/374 5685/3208/374 5683/3206/373
f 5686/3207/374 5688/3209/375 5687/3210/375 5685/3208/374
f 5688/3209/375 5690/3211/376 5689/3212/376 5687/3210/375
f 5690/3211/376 5692/3213/377 5691/3214/377 5689/3212/376
f 5692/3213/377 5694/3215/378 5693/3216/378 5691/3214/377
f 5694/3215/378 5696/3217/379 5695/3218/379 5693/3216/378
f 5696/3217/379 5698/3219/380 5697/3220/380 5695/3218/379
f 5698/3219/380 5700/3221/381 5699/3222/381 5697/3220/380
f 5700/3221/381 5702/3223/382 5701/3224/382 5699/3222/381
f 5702/3223/382 5704/3225/383 5703/3226/383 5701/3224/382
f 5704/3225/383 5706/3227/384 5705/3228/384 5703/3226/383
f 5706/3227/384 5708/3229/385 5707/3230/385 5705/3228/384
f 5708/3229/385 5710/3231/386 5709/3232/386 5707/3230/385
f 5710/3231/386 5712/3233/387 5711/3234/387 5709/3232/386
f 5712/3233/387 5714/3235/388 5713/3236/388 5711/3234/387
f 5714/3235/388 5716/3237/389 5715/3238/389 5713/3236/388
f 5716/3237/389 5718/3239/390 5717/3240/390 5715/3238/389
f 5718/3239/390 5720/3241/391 5719/3242/391 5717/3240/390
f 5720/3241/391 5722/3243/392 5721/3244/392 5719/3242/391
f 5722/3243/392 5724/3245/393 5723/3246/393 5721/3244/392
f 5724/3245/393 5726/3247/394 5725/3248/394 5723/3246/393
f 5726/3247/394 5728/3249/395 5727/3250/395 5725/3248/394
f 5728/3249/395 5730/3251/396 5729/3252/396 5727/3250/395
f 5730/3251/396 5732/3253/397 5731/3254/397 5729/3252/396
f 5732/3253/397 5734/3255/398 5733/3256/398 5731/3254/397
f 5734/3255/398 5736/3257/399 5735/3258/399 5733/3256/398
f 5736/3257/399 5738/3259/400 5737/3260/400 5735/3258/399
f 5738/3259/400 5740/3261/401 5739/3262/401 5737/3260/400
f 5740/3261/401 5742/3263/402 5741/3264/402 5739/3262/401
f 5742/3263/402 5744/3265/403 5743/3266/403 5741/3264/402
f 5744/3265/403 5746/3267/404 5745/3268/404 5743/3266/403
f 5746/3267/404 5748/3269/405 5747/3270/405 5745/3268/404
f 5748/3269/405 5750/3271/406 5749/3272/406 5747/3270/405
f 5750/3271/406 5752/3273/407 5751/3274/407 5749/3272/406
f 5752/3273/407 5754/3275/408 5753/3276/408 5751/3274/407
f 5754/3275/408 5756/3277/409 5755/3278/409 5753/3276/408
f 5756/3277/409 5758/3279/410 5757/3280/410 5755/3278/409
f 5758/3279/410 5760/3281/411 5759/3282/411 5757/3280/410
f 5760/3281/411 5762/3283/412 5761/3284/412 5759/3282/411
f 5762/3283/412 5764/3285/413 5763/3286/413 5761/3284/412
f 5764/3285/413 5766/3287/414 5765/3288/414 5763/3286/413
f 5766/3287/414 5768/3289/415 5767/3290/415 5765/3288/414
f 5768/3289/415 5770/3291/416 5769/3292/416 5767/3290/415
f 5770/3291/416 5772/3293/417 5771/3294/417 5769/3292/416
f 5772/3293/417 5774/3295/418 5773/3296/418 5771/3294/417
f 5774/3295/418 5776/3297/419 5775/3298/419 5773/3296/418
f 5776/3297/419 5778/3299/420 5777/3300/420 5775/3298/419
f 5778/3299/420 5780/3301/421 5779/3302/421 5777/3300/420
f 5780/3301/421 5782/3303/422 5781/3304/422 5779/3302/421
f 5782/3303/422 5784/3305/423 5783/3306/423 5781/3304/422
f 5784/3305/423 5786/3307/424 5785/3308/424 5783/3306/423
f 5786/3307/424 5788/3309/425 5787/3310/425 5785/3308/424
f 5788/3309/425 5790/3311/426 5789/3312/426 5787/3310/425
f 5790/3311/426 5792/3313/427 5791/3314/427 5789/3312/426
f 5792/3313/427 5794/3315/428 5793/3316/428 5791/3314/427
f 5794/3315/428 5796/3317/429 5795/3318/429 5793/3316/428
f 5796/3317/429 5798/3319/430 5797/3320/430 5795/3318/429
f 5798/3319/430 5800/3321/431 5799/3322/431 5797/3320/430
f 5800/3321/431 5802/3323/432 5801/3324/432 5799/3322/431
f 5802/3323/432 5804/3325/433 5803/3326/433 5801/3324/432
f 5804/3325/433 5806/3327/434 5805/3328/434 5803/3326/433
f 5806/3327/434 5808/3329/435 5807/3330/435 5805/3328/434
f 5808/3329/435 5810/3331/436 5809/3332/436 5807/3330/435
f 5810/3331/436 5812/3333/437 5811/3334/437 5809/3332/436
f 5812/3333/437 5814/3335/438 5813/3336/438 5811/3334/437
f 5814/3335/438 5816/3337/439 5815/3338/439 5813/3336/438
f 5816/3337/439 5818/3339/440 5817/3340/440 5815/3338/439
f 5818/3339/440 5820/3341/441 5819/3342/441 5817/3340/440
f 5820/3341/441 5822/3343/442 5821/3344/442 5819/3342/441
f 5822/3343/442 5824/3345/443 5823/3346/443 5821/3344/442
f 5824/3345/443 5826/3347/444 5825/3348/444 5823/3346/443
f 5826/3347/444 5828/3349/445 5827/3350/445 5825/3348/444
f 5828/3349/445 5830/3351/446 5829/3352/446 5827/3350/445
f 5830/3351/446 5832/3353/447 5831/3354/447 5829/3352/446
f 5832/3353/447 5834/3355/448 5833/3356/448 5831/3354/447
f 5834/3355/448 5836/3357/449 5835/3358/449 5833/3356/448
f 5836/3357/449 5838/3359/450 5837/3360/450 5835/3358/449
f 5838/3359/450 5840/3361/451 5839/3362/451 5837/3360/450
f 5840/3361/451 5842/3363/452 5841/3364/452 5839/3362/451
f 5842/3363/452 5844/3365/453 5843/3366/453 5841/3364/452
f 5844/3365/453 5846/3367/454 5845/3368/454 5843/3366/453
f 5846/3367/454 5848/3369/455 5847/3370/455 5845/3368/454
f 5848/3369/455 5850/3371/456 5849/3372/456 5847/3370/455
f 5850/3371/456 5852/3373/457 5851/3374/457 5849/3372/456
f 5852/3373/457 5854/3375/458 5853/3376/458 5851/3374/457
f 5854/3375/458 5856/3377/459 5855/3378/459 5853/3376/458
f 5856/3377/459 5858/3379/460 5857/3380/460 5855/3378/459
f 5858/3379/460 5860/3381/461 5859/3382/461 5857/3380/460
f 5860/3381/461 5862/3383/462 5861/3384/462 5859/3382/461
f 5862/3383/462 5864/3385/463 5863/3386/463 5861/3384/462
f 5864/3385/463 5866/3387/464 5865/3388/464 5863/3386/463
f 5866/3387/464 5868/3389/465 5867/3390/465 5865/3388/464
f 5868/3389/465 5870/3391/466 5869/3392/466 5867/3390/465
f 5870/3391/466 5872/3393/467 5871/3394/467 5869/3392/466
f 5872/3393/467 5874/3395/468 5873/3396/468 5871/3394/467
f 5874/3395/468 5876/3397/469 5875/3398/469 5873/3396/468
f 5876/3397/469 5878/3399/470 5877/3400/470 5875/3398/469
f 5878/3399/470 5880/3401/471 5879/3402/471 5877/3400/470
f 5880/3401/471 5882/3403/472 5881/3404/472 5879/3402/471
f 5882/3403/472 5884/3405/473 5883/3406/473 5881/3404/472
f 5884/3405/473 5886/3407/474 5885/3408/474 5883/3406/473
f 5886/3407/474 5888/3409/475 5887/3410/475 5885/3408/474
f 5888/3409/475 5890/3411/476 5889/3412/476 5887/3410/475
f 5890/3411/476 5892/3413/477 5891/3414/477 5889/3412/476
f 5892/3413/477 5894/3415/478 5893/3416/478 5891/3414/477
f 5894/3415/478 5896/3417/479 5895/3418/479 5893/3416/478
f 5896/3417/479 5898/3419/480 5897/3420/480 5895/3418/479
f 5898/3419/480 5900/3421/481 5899/3422/481 5897/3420/480
f 5900/3421/481 5902/3423/482 5901/3424/482 5899/3422/481
f 5902/3423/482 5904/3425/483 5903/3426/483 5901/3424/482
f 5904/3425/483 5906/3427/484 5905/3428/484 5903/3426/483
f 5906/3427/484 5908/3429/485 5907/3430/485 5905/3428/484
f 5908/3429/485 5910/3431/486 5909/3432/486 5907/3430/485
f 5910/3431/486 5912/3433/487 5911/3434/487 5909/3432/486
f 5912/3433/487 5914/3435/488 5913/3436/488 5911/3434/487
f 5914/3435/488 5916/3437/489 5915/3438/489 5913/3436/488
f 5916/3437/489 5918/3439/490 5917/3440/490 5915/3438/489
f 5918/3439/490 5920/3441/491 5919/3442/491 5917/3440/490
f 5920/3441/491 5922/3443/492 5921/3444/492 5919/3442/491
f 5922/3443/492 5924/3445/493 5923/3446/493 5921/3444/492
f 5924/3445/493 5926/3447/494 5925/3448/494 5923/3446/493
f 5926/3447/494 5928/3449/495 5927/3450/495 5925/3448/494
f 5928/3449/495 5930/3451/496 5929/3452/496 5927/3450/495
f 5930/3451/496 5932/3453/497 5931/3454/497 5929/3452/496
f 5932/3453/497 5934/3455/498 5933/3456/498 5931/3454/497
f 5934/3455/498 5936/3457/499 5935/3458/499 5933/3456/498
f 5936/3457/499 5938/3459/500 5937/3460/500 5935/3458/499
f 5938/3459/500 5940/3461/501 5939/3462/501 5937/3460/500
f 5940/3461/501 5942/3463/502 5941/3464/502 5939/3462/501
f 5942/3463/502 5944/3465/503 5943/3466/503 5941/3464/502
f 5944/3465/503 5946/3467/504 5945/3468/504 5943/3466/503
f 5946/3467/504 5948/3469/505 5947/3470/505 5945/3468/504
f 5948/3469/505 5950/3471/506 5949/3472/506 5947/3470/505
f 5950/3471/506 5952/3473/507 5951/3474/507 5949/3472/506
f 5952/3473/507 5954/3475/508 5953/3476/508 5951/3474/507
f 5954/3475/508 5956/3477/509 5955/3478/509 5953/3476/508
f 5956/3477/509 5958/3479/510 5957/3480/510 5955/3478/509
f 5958/3479/510 5960/3481/511 5959/3482/511 5957/3480/510
f 5960/3481/511 5962/3483/512 5961/3484/512 5959/3482/511
f 5962/3483/512 5964/3485/513 5963/3486/513 5961/3484/512
f 5964/3485/513 5966/3487/514 5965/3488/514 5963/3486/513
f 5966/3487/514 5968/3489/515 5967/3490/515 5965/3488/514
f 5968/3489/515 5970/3491/516 5969/3492/516 5967/3490/515
f 5970/3491/516 5972/3493/517 5971/3494/517 5969/3492/516
f 5972/3493/517 5974/3495/518 5973/3496/518 5971/3494/517
f 5974/3495/518 5976/3497/519 5975/3498/519 5973/3496/518
f 5976/3497/519 5978/3499/520 5977/3500/520 5975/3498/519
f 5978/3499/520 5980/3501/521 5979/3502/521 5977/3500/520
f 5980/3501/521 5982/3503/522 5981/3504/522 5979/3502/521
f 5982/3503/522 5984/3505/523 5983/3506/523 5981/3504/522
f 5984/3505/523 5986/3507/524 5985/3508/524 5983/3506/523
f 5986/3507/524 5988/3509/525 5987/3510/525 5985/3508/524
f 5988/3509/525 5990/3511/526 5989/3512/526 5987/3510/525
f 5990/3511/526 5992/3513/527 5991/3514/527 5989/3512/526
f 5992/3513/527 5994/3515/528 5993/3516/528 5991/3514/527
f 5994/3515/528 5996/3517/529 5995/3518/529 5993/3516/528
f 5996/3517/529 5998/3519/530 5997/3520/530 5995/3518/529
f 5998/3519/530 6000/3521/531 5999/3522/531 5997/3520/530
f 6000/3521/531 6002/3523/532 6001/3524/532 5999/3522/531
f 6002/3523/532 6004/3525/533 6003/3526/533 6001/3524/532
f 6004/3525/533 6006/3527/534 6005/3528/534 6003/3526/533
f 6006/3527/534 6008/3529/535 6007/3530/535 6005/3528/534
f 6008/3529/535 6010/3531/536 6009/3532/536 6007/3530/535
f 6010/3531/536 6012/3533/537 6011/3534/537 6009/3532/536
f 6012/3533/537 6014/3535/538 6013/3536/538 6011/3534/537
f 6014/3535/538 6016/3537/539 6015/3538/539 6013/3536/538
f 6016/3537/539 6018/3539/540 6017/3540/540 6015/3538/539
f 6018/3539/540 6020/3541/541 6019/3542/541 6017/3540/540
f 6020/3541/541 6022/3543/542 6021/3544/542 6019/3542/541
f 6022/3543/542 6024/3545/543 6023/3546/543 6021/3544/542
f 6024/3545/543 6026/3547/544 6025/3548/544 6023/3546/543
f 6026/3547/544 6028/3549/545 6027/3550/545 6025/3548/544
f 6028/3549/545 6030/3551/546 6029/3552/546 6027/3550/545
f 6030/3551/546 6032/3553/547 6031/3554/547 6029/3552/546
f 6032/3553/547 6034/3555/548 6033/3556/548 6031/3554/547
f 6034/3555/548 6036/3557/549 6035/3558/549 6033/3556/548
f 6036/3557/549 6038/3559/550 6037/3560/550 6035/3558/549
f 6038/3559/550 6040/3561/551 6039/3562/551 6037/3560/550
f 6040/3561/551 6042/3563/552 6041/3564/552 6039/3562/551
f 6042/3563/552 6044/3565/553 6043/3566/553 6041/3564/552
f 6044/3565/553 6046/3567/554 6045/3568/554 6043/3566/553
f 6046/3567/554 6048/3569/555 6047/3570/555 6045/3568/554
f 6048/3569/555 6050/3571/556 6049/3572/556 6047/3570/555
f 6050/3571/556 6052/3573/557 6051/3574/557 6049/3572/556
f 6052/3573/557 6054/3575/558 6053/3576/558 6051/3574/557
f 6054/3575/558 6056/3577/559 6055/3578/559 6053/3576/558
f 6056/3577/559 6058/3579/560 6057/3580/560 6055/3578/559
f 6058/3579/560 6060/3581/561 6059/3582/561 6057/3580/560
f 6060/3581/561 6062/3583/562 6061/3584/562 6059/3582/561
f 6062/3583/562 6064/3585/563 6063/3586/563 6061/3584/562
f 6064/3585/563 6066/3587/564 6065/3588/564 6063/3586/563
f 6066/3587/564 6068/3589/565 6067/3590/565 6065/3588/564
f 6068/3589/565 6070/3591/566 6069/3592/566 6067/3590/565
f 6070/3591/566 6072/3593/567 6071/3594/567 6069/3592/566
f 6072/3593/567 6074/3595/568 6073/3596/568 6071/3594/567
f 6074/3595/568 6076/3597/569 6075/3598/569 6073/3596/568
f 6076/3597/569 6078/3599/570 6077/3600/570 6075/3598/569
f 6078/3599/570 6080/3601/571 6079/3602/571 6077/3600/570
f 6080/3601/571 6082/3603/572 6081/3604/572 6079/3602/571
f 6082/3603/572 6084/3605/573 6083/3606/573 6081/3604/572
f 6084/3605/573 6086/3607/574 6085/3608/574 6083/3606/573
f 6086/3607/574 6088/3609/575 6087/3610/575 6085/3608/574
f 6088/3609/575 6090/3611/576 6089/3612/576 6087/3610/575
f 6090/3611/576 6092/3613/577 6091/3614/577 6089/3612/576
f 6092/3613/577 6094/3615/578 6093/3616/578 6091/3614/577
f 6094/3615/578 6096/3617/579 6095/3618/579 6093/3616/578
f 6096/3617/579 6098/3619/580 6097/3620/580 6095/3618/579
f 6098/3619/580 6100/3621/581 6099/3622/581 6097/3620/580
f 6100/3621/581 6102/3623/582 6101/3624/582 6099/3622/581
f 6102/3623/582 6104/3625/583 6103/3626/583 6101/3624/582
f 6104/3625/583 6106/3627/584 6105/3628/584 6103/3626/583
f 6106/3627/584 6108/3629/585 6107/3630/585 6105/3628/584
f 6108/3629/585 6110/3631/586 6109/3632/586 6107/3630/585
f 6110/3631/586 6112/3633/587 6111/3634/587 6109/3632/586
f 6112/3633/587 6114/3635/588 6113/3636/588 6111/3634/587
f 6114/3635/588 6116/3637/589 6115/3638/589 6113/3636/588
f 6116/3637/589 6118/3639/590 6117/3640/590 6115/3638/589
f 6118/3639/590 6120/3641/591 6119/3642/591 6117/3640/590
f 6120/3641/591 6122/3643/592 6121/3644/592 6119/3642/591
f 6122/3643/592 6124/3645/593 6123/3646/593 6121/3644/592
f 6124/3645/593 6126/3647/594 6125/3648/594 6123/3646/593
f 6126/3647/594 6128/3649/595 6127/3650/595 6125/3648/594
f 6128/3649/595 6130/3651/596 6129/3652/596 6127/3650/595
f 6130/3651/596 6132/3653/597 6131/3654/597 6129/3652/596
f 6132/3653/597 6134/3655/598 6133/3656/598 6131/3654/597
f 6134/3655/598 6136/3657/599 6135/3658/599 6133/3656/598
f 6136/3657/599 6138/3659/600 6137/3660/600 6135/3658/599
f 6138/3659/600 6140/3661/601 6139/3662/601 6137/3660/600
f 6140/3661/601 6142/3663/602 6141/3664/602 6139/3662/601
f 6142/3663/602 6144/3665/603 6143/3666/603 6141/3664/602
f 6144/3665/603 6146/3667/604 6145/3668/604 6143/3666/603
f 6146/3667/604 6148/3669/605 6147/3670/605 6145/3668/604
f 6148/3669/605 6150/3671/606 6149/3672/606 6147/3670/605
f 6150/3671/606 6152/3673/607 6151/3674/607 6149/3672/606
f 6152/3673/607 6154/3675/608 6153/3676/608 6151/3674/607
f 6154/3675/608 6156/3677/609 6155/3678/609 6153/3676/608
f 6156/3677/609 6158/3679/610 6157/3680/610 6155/3678/609
f 6158/3679/610 6160/3681/611 6159/3682/611 6157/3680/610
f 6160/3681/611 6162/3683/612 6161/3684/612 6159/3682/611
f 6162/3683/612 6164/3685/613 6163/3686/613 6161/3684/612
f 6164/3685/613 6166/3687/614 6165/3688/614 6163/3686/613
f 6166/3687/614 6168/3689/615 6167/3690/615 6165/3688/614
f 6168/3689/615 6170/3691/616 6169/3692/616 6167/3690/615
f 6170/3691/616 6172/3693/617 6171/3694/617 6169/3692/616
f 6172/3693/617 6174/3695/618 6173/3696/618 6171/3694/617
f 6174/3695/618 6176/3697/619 6175/3698/619 6173/3696/618
f 6176/3697/619 6178/3699/620 6177/3700/620 6175/3698/619
f 6178/3699/620 6180/3701/621 6179/3702/621 6177/3700/620
f 6180/3701/621 6182/3703/519 6181/3704/519 6179/3702/621
f 6182/3703/519 6184/3705/622 6183/3706/622 6181/3704/519
f 6184/3705/622 6186/3707/623 6185/3708/623 6183/3706/622
f 6186/3707/623 6188/3709/624 6187/3710/624 6185/3708/623
f 6188/3709/624 6190/3711/625 6189/3712/625 6187/3710/624
f 6190/3711/625 6192/3713/626 6191/3714/626 6189/3712/625
f 6192/3713/626 6194/3715/627 6193/3716/627 6191/3714/626
f 6194/3715/627 6196/3717/628 6195/3718/628 6193/3716/627
f 6196/3717/628 6198/3719/629 6197/3720/629 6195/3718/628
f 6198/3719/629 6200/3721/630 6199/3722/630 6197/3720/629
f 6200/3721/630 6202/3723/631 6201/3724/631 6199/3722/630
f 6202/3723/631 6204/3725/632 6203/3726/632 6201/3724/631
f 6204/3725/632 6206/3727/633 6205/3728/633 6203/3726/632
f 6206/3727/633 6208/3729/634 6207/3730/634 6205/3728/633
f 6208/3729/634 6210/3731/635 6209/3732/635 6207/3730/634
f 6210/3731/635 6212/3733/636 6211/3734/636 6209/3732/635
f 6212/3733/636 6214/3735/637 6213/3736/637 6211/3734/636
f 6214/3735/637 6216/3737/638 6215/3738/638 6213/3736/637
f 6216/3737/638 6218/3739/639 6217/3740/639 6215/3738/638
f 6218/3739/639 6220/3741/640 6219/3742/640 6217/3740/639
f 6220/3741/640 6222/3743/641 6221/3744/641 6219/3742/640
f 6222/3743/641 6224/3745/642 6223/3746/642 6221/3744/641
f 6224/3745/642 6226/3747/643 6225/3748/643 6223/3746/642
f 6226/3747/643 6228/3749/644 6227/3750/644 6225/3748/643
f 6228/3749/644 6230/3751/645 6229/3752/645 6227/3750/644
f 6230/3751/645 6232/3753/646 6231/3754/646 6229/3752/645
f 6232/3753/646 6234/3755/647 6233/3756/647 6231/3754/646
f 6234/3755/647 6236/3757/648 6235/3758/648 6233/3756/647
f 6236/3757/648 6238/3759/649 6237/3760/649 6235/3758/648
f 6238/3759/649 6240/3761/650 6239/3762/650 6237/3760/649
f 6240/3761/650 6242/3763/521 6241/3764/521 6239/3762/650
f 6242/3763/521 6244/3765/651 6243/3766/651 6241/3764/521
f 6244/3765/651 6246/3767/652 6245/3768/652 6243/3766/651
f 6246/3767/652 6248/3769/653 6247/3770/653 6245/3768/652
f 6248/3769/653 6250/3771/654 6249/3772/654 6247/3770/653
f 6250/3771/654 6252/3773/655 6251/3774/655 6249/3772/654
f 6252/3773/655 6254/3775/656 6253/3776/656 6251/3774/655
f 6254/3775/656 6256/3777/657 6255/3778/657 6253/3776/656
f 6256/3777/657 6258/3779/658 6257/3780/658 6255/3778/657
f 6258/3779/658 6260/3781/659 6259/3782/659 6257/3780/658
f 6260/3781/659 6262/3783/660 6261/3784/660 6259/3782/659
f 6262/3783/660 6264/3785/661 6263/3786/661 6261/3784/660
f 6264/3785/661 6266/3787/662 6265/3788/662 6263/3786/661
f 6266/3787/662 6268/3789/663 6267/3790/663 6265/3788/662
f 6268/3789/663 6270/3791/664 6269/3792/664 6267/3790/663
f 6270/3791/664 6272/3793/665 6271/3794/665 6269/3792/664
f 6272/3793/665 6274/3795/666 6273/3796/666 6271/3794/665
f 6274/3795/666 6276/3797/566 6275/3798/566 6273/3796/666
f 6276/3797/566 6278/3799/667 6277/3800/667 6275/3798/566
f 6278/3799/667 6280/3801/668 6279/3802/668 6277/3800/667
f 6280/3801/668 6282/3803/669 6281/3804/669 6279/3802/668
f 6282/3803/669 6284/3805/670 6283/3806/670 6281/3804/669
f 6284/3805/670 6286/3807/671 6285/3808/671 6283/3806/670
f 6286/3807/671 6288/3809/672 6287/3810/672 6285/3808/671
f 6288/3809/672 6290/3811/673 6289/3812/673 6287/3810/672
f 6290/3811/673 6292/3813/674 6291/3814/674 6289/3812/673
f 6292/3813/674 6294/3815/675 6293/3816/675 6291/3814/674
f 6294/3815/675 6296/3817/676 6295/3818/676 6293/3816/675
f 6296/3817/676 6298/3819/677 6297/3820/677 6295/3818/676
f 6298/3819/677 6300/3821/678 6299/3822/678 6297/3820/677
f 6300/3821/678 6302/3823/679 6301/3824/679 6299/3822/678
f 6302/3823/679 6304/3825/680 6303/3826/680 6301/3824/679
f 6304/3825/680 6306/3827/681 6305/3828/681 6303/3826/680
f 6306/3827/681 6308/3829/682 6307/3830/682 6305/3828/681
f 6308/3829/682 6310/3831/683 6309/3832/683 6307/3830/682
f 6310/3831/683 6312/3833/684 6311/3834/684 6309/3832/683
f 6312/3833/684 6314/3835/685 6313/3836/685 6311/3834/684
f 6314/3835/685 6316/3837/686 6315/3838/686 6313/3836/685
f 6316/3837/686 6318/3839/687 6317/3840/687 6315/3838/686
f 6318/3839/687 6320/3841/688 6319/3842/688 6317/3840/687
f 6320/3841/688 6322/3843/689 6321/3844/689 6319/3842/688
f 6322/3843/689 6324/3845/690 6323/3846/690 6321/3844/689
f 6324/3845/690 6326/3847/691 6325/3848/691 6323/3846/690
f 6326/3847/691 6328/3849/692 6327/3850/692 6325/3848/691
f 6328/3849/692 6330/3851/693 6329/3852/693 6327/3850/692
f 6330/3851/693 6332/3853/694 6331/3854/694 6329/3852/693
f 6332/3853/694 6334/3855/695 6333/3856/695 6331/3854/694
f 6334/3855/695 6336/3857/696 6335/3858/696 6333/3856/695
f 6336/3857/696 6338/3859/697 6337/3860/697 6335/3858/696
f 6338/3859/697 6340/3861/698 6339/3862/698 6337/3860/697
f 6340/3861/698 6342/3863/699 6341/3864/699 6339/3862/698
f 6342/3863/699 6344/3865/700 6343/3866/700 6341/3864/699
f 6344/3865/700 6346/3867/701 6345/3868/701 6343/3866/700
f 6346/3867/701 6348/3869/702 6347/3870/702 6345/3868/701
f 6348/3869/702 6350/3871/703 6349/3872/703 6347/3870/702
f 6350/3871/703 6352/3873/704 6351/3874/704 6349/3872/703
f 6352/3873/704 6354/3875/705 6353/3876/705 6351/3874/704
f 6354/3875/705 6356/3877/706 6355/3878/706 6353/3876/705
f 6356/3877/706 6358/3879/707 6357/3880/707 6355/3878/706
f 6358/3879/707 6360/3881/708 6359/3882/708 6357/3880/707
f 6360/3881/708 6362/3883/709 6361/3884/709 6359/3882/708
f 6362/3883/709 6364/3885/710 6363/3886/710 6361/3884/709
f 6364/3885/710 6366/3887/711 6365/3888/711 6363/3886/710
f 6366/3887/711 6368/3889/712 6367/3890/712 6365/3888/711
f 6368/3889/712 6370/3891/713 6369/3892/713 6367/3890/712
f 6370/3891/713 6372/3893/714 6371/3894/714 6369/3892/713
f 6372/3893/714 6374/3895/715 6373/3896/715 6371/3894/714
f 6374/3895/715 6376/3897/716 6375/3898/716 6373/3896/715
f 6376/3897/716 6378/3899/717 6377/3900/717 6375/3898/716
f 6378/3899/717 6380/3901/718 6379/3902/718 6377/3900/717
f 6380/3901/718 6382/3903/719 6381/3904/719 6379/3902/718
f 6382/3903/719 6384/3905/720 6383/3906/720 6381/3904/719
f 6384/3905/720 6386/3907/721 6385/3908/721 6383/3906/720
f 6386/3907/721 6388/3909/722 6387/3910/722 6385/3908/721
f 6388/3909/722 6390/3911/723 6389/3912/723 6387/3910/722
f 6390/3911/723 6392/3913/724 6391/3914/724 6389/3912/723
f 6392/3913/724 6394/3915/725 6393/3916/725 6391/3914/724
f 6394/3915/725 6396/3917/726 6395/3918/726 6393/3916/725
f 6396/3917/726 6398/3919/727 6397/3920/727 6395/3918/726
f 6398/3919/727 6400/3921/728 6399/3922/728 6397/3920/727
f 6400/3921/728 6402/3923/729 6401/3924/729 6399/3922/728
f 6402/3923/729 6404/3925/730 6403/3926/730 6401/3924/729
f 6404/3925/730 6406/3927/731 6405/3928/731 6403/3926/730
f 6406/3927/731 6408/3929/732 6407/3930/732 6405/3928/731
f 6408/3929/732 6410/3931/733 6409/3932/733 6407/3930/732
f 6410/3931/733 6412/3933/734 6411/3934/734 6409/3932/733
f 6412/3933/734 6414/3935/735 6413/3936/735 6411/3934/734
f 6414/3935/735 6416/3937/736 6415/3938/736 6413/3936/735
f 6416/3937/736 6418/3939/737 6417/3940/737 6415/3938/736
f 6418/3939/737 6420/3941/738 6419/3942/738 6417/3940/737
f 6420/3941/738 6422/3943/739 6421/3944/739 6419/3942/738
f 6422/3943/739 6424/3945/740 6423/3946/740 6421/3944/739
f 6424/3945/740 6426/3947/741 6425/3948/741 6423/3946/740
f 6426/3947/741 6428/3949/742 6427/3950/742 6425/3948/741
f 6428/3949/742 6430/3951/743 6429/3952/743 6427/3950/742
f 6430/3951/743 6432/3953/744 6431/3954/744 6429/3952/743
f 6432/3953/744 6434/3955/745 6433/3956/745 6431/3954/744
f 6434/3955/745 6436/3957/746 6435/3958/746 6433/3956/745
f 6436/3957/746 6438/3959/747 6437/3960/747 6435/3958/746
f 6438/3959/747 6440/3961/748 6439/3962/748 6437/3960/747
f 6440/3961/748 6442/3963/749 6441/3964/749 6439/3962/748
f 6442/3963/749 6444/3965/750 6443/3966/750 6441/3964/749
f 6444/3965/750 6446/3967/751 6445/3968/751 6443/3966/750
f 6446/3967/751 6448/3969/752 6447/3970/752 6445/3968/751
f 6448/3969/752 6450/3971/753 6449/3972/753 6447/3970/752
f 6450/3971/753 6452/3973/754 6451/3974/754 6449/3972/753
f 6452/3973/754 6454/3975/755 6453/3976/755 6451/3974/754
f 6454/3975/755 6456/3977/756 6455/3978/756 6453/3976/755
f 6456/3977/756 6458/3979/757 6457/3980/757 6455/3978/756
f 6458/3979/757 6460/3981/758 6459/3982/758 6457/3980/757
f 6460/3981/758 6462/3983/759 6461/3984/759 6459/3982/758
f 6462/3983/759 6464/3985/760 6463/3986/760 6461/3984/759
f 6464/3985/760 6466/3987/761 6465/3988/761 6463/3986/760
f 6466/3987/761 6468/3989/762 6467/3990/762 6465/3988/761
f 6468/3989/762 6470/3991/763 6469/3992/763 6467/3990/762
f 6470/3991/763 6472/3993/764 6471/3994/764 6469/3992/763
f 6472/3993/764 6474/3995/765 6473/3996/765 6471/3994/764
f 6474/3995/765 6476/3997/766 6475/3998/766 6473/3996/765
f 6476/3997/766 6478/3999/767 6477/4000/767 6475/3998/766
f 6478/3999/767 6480/4001/768 6479/4002/768 6477/4000/767
f 6480/4001/768 6482/4003/769 6481/4004/769 6479/4002/768
f 6482/4003/769 6484/4005/770 6483/4006/770 6481/4004/769
f 6484/4005/770 6486/4007/771 6485/4008/771 6483/4006/770
f 6486/4007/771 6488/4009/772 6487/4010/772 6485/4008/771
f 6488/4009/772 6490/4011/773 6489/4012/773 6487/4010/772
f 6490/4011/773 6492/4013/774 6491/4014/774 6489/4012/773
f 6492/4013/774 6494/4015/775 6493/4016/775 6491/4014/774
f 6494/4015/775 6496/4017/776 6495/4018/776 6493/4016/775
f 6496/4017/776 6498/4019/777 6497/4020/777 6495/4018/776
f 6498/4019/777 6500/4021/778 6499/4022/778 6497/4020/777
f 6500/4021/778 6502/4023/779 6501/4024/779 6499/4022/778
f 6502/4023/779 6504/4025/780 6503/4026/780 6501/4024/779
f 6504/4025/780 6506/4027/781 6505/4028/781 6503/4026/780
f 6506/4027/781 6508/4029/782 6507/4030/782 6505/4028/781
f 6508/4029/782 6510/4031/783 6509/4032/783 6507/4030/782
f 6510/4031/783 6512/4033/784 6511/4034/784 6509/4032/783
f 6512/4033/784 6514/4035/785 6513/4036/785 6511/4034/784
f 6514/4035/785 6516/4037/786 6515/4038/786 6513/4036/785
f 6516/4037/786 6518/4039/787 6517/4040/787 6515/4038/786
f 6518/4039/787 6520/4041/788 6519/4042/788 6517/4040/787
f 6520/4041/788 6522/4043/789 6521/4044/789 6519/4042/788
f 6522/4043/789 6524/4045/790 6523/4046/790 6521/4044/789
f 6524/4045/790 6526/4047/791 6525/4048/791 6523/4046/790
f 6526/4047/791 6528/4049/792 6527/4050/792 6525/4048/791
f 6528/4049/792 6530/4051/793 6529/4052/793 6527/4050/792
f 6530/4051/793 6532/4053/794 6531/4054/794 6529/4052/793
f 6532/4053/794 6534/4055/795 6533/4056/795 6531/4054/794
f 6534/4055/795 6536/4057/796 6535/4058/796 6533/4056/795
f 6536/4057/796 6538/4059/797 6537/4060/797 6535/4058/796
f 6538/4059/797 6540/4061/798 6539/4062/798 6537/4060/797
f 6540/4061/798 6542/4063/799 6541/4064/799 6539/4062/798
f 6542/4063/799 6544/4065/800 6543/4066/800 6541/4064/799
f 6544/4065/800 6546/4067/801 6545/4068/801 6543/4066/800
f 6546/4067/801 6548/4069/802 6547/4070/802 6545/4068/801
f 6548/4069/802 6550/4071/803 6549/4072/803 6547/4070/802
f 6550/4071/803 6552/4073/804 6551/4074/804 6549/4072/803
f 6552/4073/804 6554/4075/805 6553/4076/805 6551/4074/804
f 6554/4075/805 6556/4077/806 6555/4078/806 6553/4076/805
f 6556/4077/806 6558/4079/807 6557/4080/807 6555/4078/806
f 6558/4079/807 6560/4081/808 6559/4082/808 6557/4080/807
f 6560/4081/808 6562/4083/809 6561/4084/809 6559/4082/808
f 6562/4083/809 6564/4085/810 6563/4086/810 6561/4084/809
f 6564/4085/810 6566/4087/811 6565/4088/811 6563/4086/810
f 6566/4087/811 6568/4089/812 6567/4090/812 6565/4088/811
f 6568/4089/812 6570/4091/813 6569/4092/813 6567/4090/812
f 6570/4091/813 6572/4093/814 6571/4094/814 6569/4092/813
f 6572/4093/814 6574/4095/815 6573/4096/815 6571/4094/814
f 6574/4095/815 6576/4097/816 6575/4098/816 6573/4096/815
f 6576/4097/816 6578/4099/817 6577/4100/817 6575/4098/816
f 6578/4099/817 6580/4101/818 6579/4102/818 6577/4100/817
f 6580/4101/818 6582/4103/819 6581/4104/819 6579/4102/818
f 6582/4103/819 6584/4105/820 6583/4106/820 6581/4104/819
f 6584/4105/820 6586/4107/821 6585/4108/821 6583/4106/820
f 6586/4107/821 6588/4109/822 6587/4110/822 6585/4108/821
f 6588/4109/822 6590/4111/823 6589/4112/823 6587/4110/822
f 6590/4111/823 6592/4113/824 6591/4114/824 6589/4112/823
f 6592/4113/824 6594/4115/825 6593/4116/825 6591/4114/824
f 6594/4115/825 6596/4117/826 6595/4118/826 6593/4116/825
f 6596/4117/826 6598/4119/827 6597/4120/827 6595/4118/826
f 6598/4119/827 6600/4121/828 6599/4122/828 6597/4120/827
f 6600/4121/828 6602/4123/829 6601/4124/829 6599/4122/828
f 6602/4123/829 6604/4125/830 6603/4126/830 6601/4124/829
f 6604/4125/830 6606/4127/831 6605/4128/831 6603/4126/830
f 6606/4127/831 6608/4129/832 6607/4130/832 6605/4128/831
f 6608/4129/832 6610/4131/833 6609/4132/833 6607/4130/832
f 6610/4131/833 6612/4133/834 6611/4134/834 6609/4132/833
f 6612/4133/834 6614/4135/835 6613/4136/835 6611/4134/834
f 6614/4135/835 6616/4137/836 6615/4138/836 6613/4136/835
f 6616/4137/836 6618/4139/837 6617/4140/837 6615/4138/836
f 6618/4139/837 6620/4141/838 6619/4142/838 6617/4140/837
f 6620/4141/838 6622/4143/839 6621/4144/839 6619/4142/838
f 6622/4143/839 6624/4145/840 6623/4146/840 6621/4144/839
f 6624/4145/840 6626/4147/841 6625/4148/841 6623/4146/840
f 6626/4147/841 4942/4149/5 4941/69/5 6625/4148/841
f 6628/2464/842 6630/4150/843 6629/4151/843 6627/473/842
f 6630/4150/843 6632/4152/844 6631/4153/844 6629/4151/843
f 6632/4152/844 6634/4154/845 6633/4155/845 6631/4153/844
f 6634/4154/845 6636/4156/846 6635/4157/846 6633/4155/845
f 6636/4156/846 6638/4158/847 6637/4159/847 6635/4157/846
f 6638/4158/847 6640/4160/848 6639/4161/848 6637/4159/847
f 6640/4160/848 6642/4162/849 6641/4163/849 6639/4161/848
f 6642/4162/849 6644/4164/850 6643/4165/850 6641/4163/849
f 6644/4164/850 6646/4166/851 6645/4167/851 6643/4165/850
f 6646/4166/851 6648/4168/852 6647/4169/852 6645/4167/851
f 6648/4168/852 6650/4170/853 6649/4171/853 6647/4169/852
f 6650/4170/853 6652/4172/854 6651/4173/854 6649/4171/853
f 6652/4172/854 6654/4174/855 6653/173/855 6651/4173/854
f 6654/4174/855 6656/4175/856 6655/4176/856 6653/173/855
f 6656/4175/856 6658/4177/857 6657/4178/857 6655/4176/856
f 6658/4177/857 6660/4179/858 6659/4180/858 6657/4178/857
f 6660/4179/858 6662/4181/859 6661/4182/859 6659/4180/858
f 6662/4181/859 6664/4183/860 6663/4184/860 6661/4182/859
f 6664/4183/860 6666/4185/861 6665/4186/861 6663/4184/860
f 6666/4185/861 6668/4187/862 6667/4188/862 6665/4186/861
f 6668/4187/862 6670/4189/863 6669/4190/863 6667/4188/862
f 6670/4189/863 6672/4191/864 6671/4192/864 6669/4190/863
f 6672/4191/864 6674/4193/865 6673/4194/865 6671/4192/864
f 6674/4193/865 6676/4195/866 6675/4196/866 6673/4194/865
f 6676/4195/866 6678/4197/867 6677/4198/867 6675/4196/866
f 6678/4197/867 6628/4149/842 6627/69/842 6677/4198/867
f 6680/2464/868 6682/4199/869 6681/4200/869 6679/473/868
f 6682/4199/869 6684/4201/870 6683/4202/870 6681/4200/869
f 6684/4201/870 6686/4203/871 6685/4204/871 6683/4202/870
f 6686/4203/871 6688/4150/872 6687/4151/872 6685/4204/871
f 6688/4150/872 6690/4205/873 6689/4206/873 6687/4151/872
f 6690/4205/873 6692/4207/874 6691/4208/874 6689/4206/873
f 6692/4207/874 6694/4209/875 6693/4210/875 6691/4208/874
f 6694/4209/875 6696/4152/876 6695/4153/876 6693/4210/875
f 6696/4152/876 6698/4211/877 6697/4212/877 6695/4153/876
f 6698/4211/877 6700/4213/878 6699/4214/878 6697/4212/877
f 6700/4213/878 6702/4215/879 6701/4216/879 6699/4214/878
f 6702/4215/879 6704/4154/880 6703/4155/880 6701/4216/879
f 6704/4154/880 6706/4217/881 6705/1625/881 6703/4155/880
f 6706/4217/881 6708/4218/882 6707/4219/882 6705/1625/881
f 6708/4218/882 6710/4220/883 6709/4221/883 6707/4219/882
f 6710/4220/883 6712/4156/884 6711/4157/884 6709/4221/883
f 6712/4156/884 6714/4222/885 6713/4223/885 6711/4157/884
f 6714/4222/885 6716/4224/886 6715/4225/886 6713/4223/885
f 6716/4224/886 6718/4226/887 6717/4227/887 6715/4225/886
f 6718/4226/887 6720/4158/888 6719/4159/888 6717/4227/887
f 6720/4158/888 6722/4228/889 6721/4229/889 6719/4159/888
f 6722/4228/889 6724/4230/890 6723/4231/890 6721/4229/889
f 6724/4230/890 6726/4232/891 6725/4233/891 6723/4231/890
f 6726/4232/891 6728/4160/892 6727/4161/892 6725/4233/891
f 6728/4160/892 6730/4234/893 6729/4235/893 6727/4161/892
f 6730/4234/893 6732/4236/269 6731/452/269 6729/4235/893
f 6732/4236/269 6734/4237/894 6733/4238/894 6731/452/269
f 6734/4237/894 6736/4162/895 6735/4163/895 6733/4238/894
f 6736/4162/895 6738/4239/896 6737/4240/896 6735/4163/895
f 6738/4239/896 6740/4241/897 6739/4242/897 6737/4240/896
f 6740/4241/897 6742/4243/898 6741/4244/898 6739/4242/897
f 6742/4243/898 6744/4164/899 6743/4165/899 6741/4244/898
f 6744/4164/899 6746/4245/900 6745/4246/900 6743/4165/899
f 6746/4245/900 6748/4247/901 6747/4248/901 6745/4246/900
f 6748/4247/901 6750/4249/902 6749/4250/902 6747/4248/901
f 6750/4249/902 6752/4166/903 6751/4167/903 6749/4250/902
f 6752/4166/903 6754/4251/904 6753/4252/904 6751/4167/903
f 6754/4251/904 6756/4253/905 6755/4254/905 6753/4252/904
f 6756/4253/905 6758/4255/906 6757/2365/906 6755/4254/905
f 6758/4255/906 6760/4168/907 6759/4169/907 6757/2365/906
f 6760/4168/907 6762/4256/908 6761/4257/908 6759/4169/907
f 6762/4256/908 6764/4258/909 6763/4259/909 6761/4257/908
f 6764/4258/909 6766/4260/910 6765/4261/910 6763/4259/909
f 6766/4260/910 6768/4170/911 6767/4171/911 6765/4261/910
f 6768/4170/911 6770/4262/912 6769/4263/912 6767/4171/911
f 6770/4262/912 6772/4264/913 6771/4265/913 6769/4263/912
f 6772/4264/913 6774/4266/914 6773/4267/914 6771/4265/913
f 6774/4266/914 6776/4172/915 6775/4173/915 6773/4267/914
f 6776/4172/915 6778/4268/916 6777/4269/916 6775/4173/915
f 6778/4268/916 6780/4270/917 6779/4271/917 6777/4269/916
f 6780/4270/917 6782/4272/918 6781/4273/918 6779/4271/917
f 6782/4272/918 6784/4174/919 6783/173/919 6781/4273/918
f 6784/4174/919 6786/4274/462 6785/4275/462 6783/173/919
f 6786/4274/462 6788/4276/920 6787/4277/920 6785/4275/462
f 6788/4276/920 6790/4278/921 6789/4279/921 6787/4277/920
f 6790/4278/921 6792/4175/922 6791/4176/922 6789/4279/921
f 6792/4175/922 6794/4280/923 6793/4281/923 6791/4176/922
f 6794/4280/923 6796/4282/924 6795/4283/924 6793/4281/923
f 6796/4282/924 6798/4284/925 6797/4285/925 6795/4283/924
f 6798/4284/925 6800/4177/926 6799/4178/926 6797/4285/925
f 6800/4177/926 6802/4286/927 6801/4287/927 6799/4178/926
f 6802/4286/927 6804/4288/928 6803/4289/928 6801/4287/927
f 6804/4288/928 6806/4290/929 6805/4291/929 6803/4289/928
f 6806/4290/929 6808/4179/930 6807/4180/930 6805/4291/929
f 6808/4179/930 6810/4292/931 6809/1606/931 6807/4180/930
f 6810/4292/931 6812/4293/932 6811/4294/932 6809/1606/931
f 6812/4293/932 6814/4295/933 6813/4296/933 6811/4294/932
f 6814/4295/933 6816/4181/934 6815/4182/934 6813/4296/933
f 6816/4181/934 6818/4297/935 6817/4298/935 6815/4182/934
f 6818/4297/935 6820/4299/936 6819/4300/936 6817/4298/935
f 6820/4299/936 6822/4301/937 6821/4302/937 6819/4300/936
f 6822/4301/937 6824/4183/938 6823/4184/938 6821/4302/937
f 6824/4183/938 6826/4303/939 6825/4304/939 6823/4184/938
f 6826/4303/939 6828/4305/940 6827/4306/940 6825/4304/939
f 6828/4305/940 6830/4307/941 6829/4308/941 6827/4306/940
f 6830/4307/941 6832/4185/679 6831/4186/679 6829/4308/941
f 6832/4185/679 6834/4309/866 6833/4310/866 6831/4186/679
f 6834/4309/866 6836/4311/942 6835/156/942 6833/4310/866
f 6836/4311/942 6838/4312/943 6837/4313/943 6835/156/942
f 6838/4312/943 6840/4187/944 6839/4188/944 6837/4313/943
f 6840/4187/944 6842/4314/945 6841/4315/945 6839/4188/944
f 6842/4314/945 6844/4316/946 6843/4317/946 6841/4315/945
f 6844/4316/946 6846/4318/947 6845/4319/947 6843/4317/946
f 6846/4318/947 6848/4189/948 6847/4190/948 6845/4319/947
f 6848/4189/948 6850/4320/949 6849/4321/949 6847/4190/948
f 6850/4320/949 6852/4322/950 6851/4323/950 6849/4321/949
f 6852/4322/950 6854/4324/951 6853/4325/951 6851/4323/950
f 6854/4324/951 6856/4191/952 6855/4192/952 6853/4325/951
f 6856/4191/952 6858/4326/953 6857/4327/953 6855/4192/952
f 6858/4326/953 6860/4328/954 6859/4329/954 6857/4327/953
f 6860/4328/954 6862/4330/955 6861/1808/955 6859/4329/954
f 6862/4330/955 6864/4193/956 6863/4194/956 6861/1808/955
f 6864/4193/956 6866/4331/957 6865/4332/957 6863/4194/956
f 6866/4331/957 6868/4333/958 6867/4334/958 6865/4332/957
f 6868/4333/958 6870/4335/959 6869/4336/959 6867/4334/958
f 6870/4335/959 6872/4195/960 6871/4196/960 6869/4336/959
f 6872/4195/960 6874/4337/961 6873/4338/961 6871/4196/960
f 6874/4337/961 6876/4339/962 6875/4340/962 6873/4338/961
f 6876/4339/962 6878/4341/963 6877/4342/963 6875/4340/962
f 6878/4341/963 6880/4197/964 6879/4198/964 6877/4342/963
f 6880/4197/964 6882/4343/965 6881/4344/965 6879/4198/964
f 6882/4343/965 6884/4345/966 6883/4346/966 6881/4344/965
f 6884/4345/966 6886/4347/967 6885/4348/967 6883/4346/966
f 6886/4347/967 6680/4149/868 6679/69/868 6885/4348/967
f 6888/2464/968 6890/4349/969 6889/4350/969 6887/473/968
f 6890/4349/969 6892/4351/970 6891/4352/970 6889/4350/969
f 6892/4351/970 6894/4353/971 6893/4354/971 6891/4352/970
f 6894/4353/971 6896/4355/972 6895/4356/972 6893/4354/971
f 6896/4355/972 6898/4357/973 6897/4358/973 6895/4356/972
f 6898/4357/973 6900/4359/974 6899/4360/974 6897/4358/973
f 6900/4359/974 6902/4361/975 6901/4362/975 6899/4360/974
f 6902/4361/975 6904/4363/976 6903/4364/976 6901/4362/975
f 6904/4363/976 6906/4365/977 6905/4366/977 6903/4364/976
f 6906/4365/977 6908/4367/978 6907/4368/978 6905/4366/977
f 6908/4367/978 6910/4369/979 6909/4370/979 6907/4368/978
f 6910/4369/979 6912/4371/805 6911/4372/805 6909/4370/979
f 6912/4371/805 6914/4373/806 6913/4374/806 6911/4372/805
f 6914/4373/806 6916/4375/807 6915/4376/807 6913/4374/806
f 6916/4375/807 6918/4377/808 6917/4378/808 6915/4376/807
f 6918/4377/808 6920/4379/809 6919/4380/809 6917/4378/808
f 6920/4379/809 6922/4381/810 6921/4382/810 6919/4380/809
f 6922/4381/810 6924/4383/811 6923/4384/811 6921/4382/810
f 6924/4383/811 6926/4385/812 6925/4386/812 6923/4384/811
f 6926/4385/812 6928/4387/813 6927/4388/813 6925/4386/812
f 6928/4387/813 6930/4389/814 6929/4390/814 6927/4388/813
f 6930/4389/814 6932/4391/815 6931/4392/815 6929/4390/814
f 6932/4391/815 6934/4393/816 6933/4394/816 6931/4392/815
f 6934/4393/816 6936/4395/980 6935/4396/980 6933/4394/816
f 6936/4395/980 6938/4397/981 6937/4398/981 6935/4396/980
f 6938/4397/981 6940/4399/982 6939/4400/982 6937/4398/981
f 6940/4399/982 6942/4401/983 6941/4402/983 6939/4400/982
f 6942/4401/983 6944/4403/984 6943/4404/984 6941/4402/983
f 6944/4403/984 6946/4405/985 6945/4406/985 6943/4404/984
f 6946/4405/985 6948/4407/986 6947/4408/986 6945/4406/985
f 6948/4407/986 6950/4236/987 6949/452/987 6947/4408/986
f 6950/4236/987 6952/4409/988 6951/4410/988 6949/452/987
f 6952/4409/988 6954/4411/989 6953/4412/989 6951/4410/988
f 6954/4411/989 6956/4413/990 6955/4414/990 6953/4412/989
f 6956/4413/990 6958/4415/991 6957/4416/991 6955/4414/990
f 6958/4415/991 6960/4417/992 6959/4418/992 6957/4416/991
f 6960/4417/992 6962/4419/993 6961/4420/993 6959/4418/992
f 6962/4419/993 6964/4421/994 6963/4422/994 6961/4420/993
f 6964/4421/994 6966/4423/722 6965/4424/722 6963/4422/994
f 6966/4423/722 6968/4425/995 6967/4426/995 6965/4424/722
f 6968/4425/995 6970/4427/996 6969/4428/996 6967/4426/995
f 6970/4427/996 6972/4429/997 6971/4430/997 6969/4428/996
f 6972/4429/997 6974/4431/998 6973/4432/998 6971/4430/997
f 6974/4431/998 6976/4433/999 6975/4434/999 6973/4432/998
f 6976/4433/999 6978/4435/1000 6977/4436/1000 6975/4434/999
f 6978/4435/1000 6980/4437/1001 6979/4438/1001 6977/4436/1000
f 6980/4437/1001 6982/4439/1002 6981/4440/1002 6979/4438/1001
f 6982/4439/1002 6984/4441/1003 6983/4442/1003 6981/4440/1002
f 6984/4441/1003 6986/4443/1004 6985/4444/1004 6983/4442/1003
f 6986/4443/1004 6988/4445/1005 6987/4446/1005 6985/4444/1004
f 6988/4445/1005 6990/4447/1006 6989/4448/1006 6987/4446/1005
f 6990/4447/1006 6992/4449/1007 6991/4450/1007 6989/4448/1006
f 6992/4449/1007 6994/4451/1008 6993/4452/1008 6991/4450/1007
f 6994/4451/1008 6996/4453/1009 6995/4454/1009 6993/4452/1008
f 6996/4453/1009 6998/4455/1010 6997/4456/1010 6995/4454/1009
f 6998/4455/1010 7000/4457/1011 6999/4458/1011 6997/4456/1010
f 7000/4457/1011 7002/4459/1012 7001/4460/1012 6999/4458/1011
f 7002/4459/1012 7004/4461/1013 7003/4462/1013 7001/4460/1012
f 7004/4461/1013 7006/4463/1014 7005/4464/1014 7003/4462/1013
f 7006/4463/1014 7008/4465/1015 7007/4466/1015 7005/4464/1014
f 7008/4465/1015 7010/4467/17 7009/4468/17 7007/4466/1015
f 7010/4467/17 7012/4174/18 7011/173/18 7009/4468/17
f 7012/4174/18 7014/4469/19 7013/4470/19 7011/173/18
f 7014/4469/19 7016/4471/20 7015/4472/20 7013/4470/19
f 7016/4471/20 7018/4473/21 7017/4474/21 7015/4472/20
f 7018/4473/21 7020/4475/22 7019/4476/22 7017/4474/21
f 7020/4475/22 7022/4477/23 7021/4478/23 7019/4476/22
f 7022/4477/23 7024/4479/1016 7023/4480/1016 7021/4478/23
f 7024/4479/1016 7026/4481/25 7025/4482/25 7023/4480/1016
f 7026/4481/25 7028/4483/26 7027/4484/26 7025/4482/25
f 7028/4483/26 7030/4485/27 7029/4486/27 7027/4484/26
f 7030/4485/27 7032/4487/28 7031/4488/28 7029/4486/27
f 7032/4487/28 7034/4489/1017 7033/4490/1017 7031/4488/28
f 7034/4489/1017 7036/4491/1018 7035/4492/1018 7033/4490/1017
f 7036/4491/1018 7038/4493/1019 7037/4494/1019 7035/4492/1018
f 7038/4493/1019 7040/4495/1020 7039/4496/1020 7037/4494/1019
f 7040/4495/1020 7042/4497/1021 7041/4498/1021 7039/4496/1020
f 7042/4497/1021 7044/4499/1022 7043/4500/1022 7041/4498/1021
f 7044/4499/1022 7046/4501/1023 7045/4502/1023 7043/4500/1022
f 7046/4501/1023 7048/4503/1024 7047/4504/1024 7045/4502/1023
f 7048/4503/1024 7050/4505/1025 7049/4506/1025 7047/4504/1024
f 7050/4505/1025 7052/4507/1026 7051/4508/1026 7049/4506/1025
f 7052/4507/1026 7054/4509/1027 7053/4510/1027 7051/4508/1026
f 7054/4509/1027 7056/4511/1028 7055/4512/1028 7053/4510/1027
f 7056/4511/1028 7058/4513/1029 7057/4514/1029 7055/4512/1028
f 7058/4513/1029 7060/4515/1030 7059/4516/1030 7057/4514/1029
f 7060/4515/1030 7062/4517/1031 7061/4518/1031 7059/4516/1030
f 7062/4517/1031 7064/4519/336 7063/4520/336 7061/4518/1031
f 7064/4519/336 7066/4521/1032 7065/4522/1032 7063/4520/336
f 7066/4521/1032 7068/4523/1033 7067/4524/1033 7065/4522/1032
f 7068/4523/1033 7070/4525/1034 7069/4526/1034 7067/4524/1033
f 7070/4525/1034 7072/4527/1035 7071/4528/1035 7069/4526/1034
f 7072/4527/1035 7074/4311/1036 7073/156/1036 7071/4528/1035
f 7074/4311/1036 7076/4529/1037 7075/4530/1037 7073/156/1036
f 7076/4529/1037 7078/4531/1038 7077/4532/1038 7075/4530/1037
f 7078/4531/1038 7080/4533/1039 7079/4534/1039 7077/4532/1038
f 7080/4533/1039 7082/4535/1040 7081/4536/1040 7079/4534/1039
f 7082/4535/1040 7084/4537/1041 7083/4538/1041 7081/4536/1040
f 7084/4537/1041 7086/4539/1042 7085/4540/1042 7083/4538/1041
f 7086/4539/1042 7088/4541/1043 7087/4542/1043 7085/4540/1042
f 7088/4541/1043 7090/4543/1044 7089/4544/1044 7087/4542/1043
f 7090/4543/1044 7092/4545/1045 7091/4546/1045 7089/4544/1044
f 7092/4545/1045 7094/4547/1046 7093/4548/1046 7091/4546/1045
f 7094/4547/1046 7096/4549/66 7095/4550/66 7093/4548/1046
f 7096/4549/66 7098/4551/1047 7097/4552/1047 7095/4550/66
f 7098/4551/1047 7100/4553/1048 7099/4554/1048 7097/4552/1047
f 7100/4553/1048 7102/4555/1049 7101/4556/1049 7099/4554/1048
f 7102/4555/1049 7104/4557/1050 7103/4558/1050 7101/4556/1049
f 7104/4557/1050 7106/4559/1051 7105/4560/1051 7103/4558/1050
f 7106/4559/1051 7108/4561/1052 7107/4562/1052 7105/4560/1051
f 7108/4561/1052 7110/4563/1053 7109/4564/1053 7107/4562/1052
f 7110/4563/1053 7112/4565/1054 7111/4566/1054 7109/4564/1053
f 7112/4565/1054 7114/4567/1055 7113/4568/1055 7111/4566/1054
f 7114/4567/1055 7116/4569/1056 7115/4570/1056 7113/4568/1055
f 7116/4569/1056 7118/4571/1057 7117/4572/1057 7115/4570/1056
f 7118/4571/1057 7120/4573/1058 7119/4574/1058 7117/4572/1057
f 7120/4573/1058 7122/4575/1059 7121/4576/1059 7119/4574/1058
f 7122/4575/1059 7124/4577/1060 7123/4578/1060 7121/4576/1059
f 7124/4577/1060 7126/4579/1061 7125/4580/1061 7123/4578/1060
f 7126/4579/1061 7128/4581/1062 7127/4582/1062 7125/4580/1061
f 7128/4581/1062 7130/4583/1063 7129/4584/1063 7127/4582/1062
f 7130/4583/1063 7132/4585/1064 7131/4586/1064 7129/4584/1063
f 7132/4585/1064 7134/4587/1065 7133/4588/1065 7131/4586/1064
f 7134/4587/1065 6888/4149/968 6887/69/968 7133/4588/1065
f 7136/2464/1066 7138/4589/1067 7137/4590/1067 7135/473/1066
f 7138/4589/1067 7140/4591/1068 7139/4592/1068 7137/4590/1067
f 7140/4591/1068 7142/4593/1069 7141/4594/1069 7139/4592/1068
f 7142/4593/1069 7144/4595/1070 7143/4596/1070 7141/4594/1069
f 7144/4595/1070 7146/4597/1071 7145/4598/1071 7143/4596/1070
f 7146/4597/1071 7148/4599/1072 7147/4600/1072 7145/4598/1071
f 7148/4599/1072 7150/4601/1073 7149/4602/1073 7147/4600/1072
f 7150/4601/1073 7152/4603/1074 7151/4604/1074 7149/4602/1073
f 7152/4603/1074 7154/4605/1075 7153/4606/1075 7151/4604/1074
f 7154/4605/1075 7156/4607/1076 7155/4608/1076 7153/4606/1075
f 7156/4607/1076 7158/4609/1077 7157/4610/1077 7155/4608/1076
f 7158/4609/1077 7160/4611/1078 7159/4612/1078 7157/4610/1077
f 7160/4611/1078 7162/4613/1079 7161/4614/1079 7159/4612/1078
f 7162/4613/1079 7164/4615/1080 7163/4616/1080 7161/4614/1079
f 7164/4615/1080 7166/4617/1081 7165/4618/1081 7163/4616/1080
f 7166/4617/1081 7168/4619/1082 7167/4620/1082 7165/4618/1081
f 7168/4619/1082 7170/4621/1083 7169/4622/1083 7167/4620/1082
f 7170/4621/1083 7172/4623/1084 7171/4624/1084 7169/4622/1083
f 7172/4623/1084 7174/4625/1085 7173/4626/1085 7171/4624/1084
f 7174/4625/1085 7176/4627/1086 7175/4628/1086 7173/4626/1085
f 7176/4627/1086 7178/4629/1087 7177/4630/1087 7175/4628/1086
f 7178/4629/1087 7180/4631/1088 7179/4632/1088 7177/4630/1087
f 7180/4631/1088 7182/4633/1089 7181/4634/1089 7179/4632/1088
f 7182/4633/1089 7184/4635/1090 7183/4636/1090 7181/4634/1089
f 7184/4635/1090 7186/4637/1091 7185/4638/1091 7183/4636/1090
f 7186/4637/1091 7188/4639/1092 7187/4640/1092 7185/4638/1091
f 7188/4639/1092 7190/4641/1093 7189/4642/1093 7187/4640/1092
f 7190/4641/1093 7192/4643/1094 7191/4644/1094 7189/4642/1093
f 7192/4643/1094 7194/4645/1095 7193/4646/1095 7191/4644/1094
f 7194/4645/1095 7196/4647/1096 7195/4648/1096 7193/4646/1095
f 7196/4647/1096 7198/4649/1097 7197/4650/1097 7195/4648/1096
f 7198/4649/1097 7200/4651/1098 7199/4652/1098 7197/4650/1097
f 7200/4651/1098 7202/4653/1099 7201/4654/1099 7199/4652/1098
f 7202/4653/1099 7204/4655/1100 7203/4656/1100 7201/4654/1099
f 7204/4655/1100 7206/4657/1101 7205/4658/1101 7203/4656/1100
f 7206/4657/1101 7208/4659/1102 7207/4660/1102 7205/4658/1101
f 7208/4659/1102 7210/4661/1103 7209/4662/1103 7207/4660/1102
f 7210/4661/1103 7212/4663/1104 7211/4664/1104 7209/4662/1103
f 7212/4663/1104 7214/4665/1105 7213/4666/1105 7211/4664/1104
f 7214/4665/1105 7216/4667/1106 7215/4668/1106 7213/4666/1105
f 7216/4667/1106 7218/4669/1107 7217/4670/1107 7215/4668/1106
f 7218/4669/1107 7220/4671/1108 7219/4672/1108 7217/4670/1107
f 7220/4671/1108 7222/4673/1109 7221/4674/1109 7219/4672/1108
f 7222/4673/1109 7224/4675/1110 7223/4676/1110 7221/4674/1109
f 7224/4675/1110 7226/4677/1111 7225/4678/1111 7223/4676/1110
f 7226/4677/1111 7228/4679/1112 7227/4680/1112 7225/4678/1111
f 7228/4679/1112 7230/4681/1113 7229/4682/1113 7227/4680/1112
f 7230/4681/1113 7232/4683/1114 7231/4684/1114 7229/4682/1113
f 7232/4683/1114 7234/4685/1115 7233/4686/1115 7231/4684/1114
f 7234/4685/1115 7236/4687/1116 7235/4688/1116 7233/4686/1115
f 7236/4687/1116 7238/4689/1117 7237/4690/1117 7235/4688/1116
f 7238/4689/1117 7240/4691/1118 7239/4692/1118 7237/4690/1117
f 7240/4691/1118 7242/4693/569 7241/4694/569 7239/4692/1118
f 7242/4693/569 7244/4695/1119 7243/4696/1119 7241/4694/569
f 7244/4695/1119 7246/4697/1120 7245/4698/1120 7243/4696/1119
f 7246/4697/1120 7248/4699/1121 7247/4700/1121 7245/4698/1120
f 7248/4699/1121 7250/4701/1122 7249/4702/1122 7247/4700/1121
f 7250/4701/1122 7252/4703/1123 7251/4704/1123 7249/4702/1122
f 7252/4703/1123 7254/4705/1124 7253/4706/1124 7251/4704/1123
f 7254/4705/1124 7256/4707/1125 7255/4708/1125 7253/4706/1124
f 7256/4707/1125 7258/4709/1126 7257/4710/1126 7255/4708/1125
f 7258/4709/1126 7260/4711/791 7259/4712/791 7257/4710/1126
f 7260/4711/791 7262/4713/1127 7261/4714/1127 7259/4712/791
f 7262/4713/1127 7264/4715/1128 7263/4716/1128 7261/4714/1127
f 7264/4715/1128 7266/4717/1129 7265/4718/1129 7263/4716/1128
f 7266/4717/1129 7268/4719/1130 7267/4720/1130 7265/4718/1129
f 7268/4719/1130 7270/4721/1131 7269/4722/1131 7267/4720/1130
f 7270/4721/1131 7272/4723/1132 7271/4724/1132 7269/4722/1131
f 7272/4723/1132 7274/4725/1133 7273/4726/1133 7271/4724/1132
f 7274/4725/1133 7276/4727/1134 7275/4728/1134 7273/4726/1133
f 7276/4727/1134 7278/4729/1135 7277/4730/1135 7275/4728/1134
f 7278/4729/1135 7280/4731/1136 7279/4732/1136 7277/4730/1135
f 7280/4731/1136 7282/4733/1137 7281/4734/1137 7279/4732/1136
f 7282/4733/1137 7284/4735/1138 7283/4736/1138 7281/4734/1137
f 7284/4735/1138 7286/4737/1139 7285/4738/1139 7283/4736/1138
f 7286/4737/1139 7288/4739/1140 7287/4740/1140 7285/4738/1139
f 7288/4739/1140 7290/4741/1141 7289/4742/1141 7287/4740/1140
f 7290/4741/1141 7292/4743/1142 7291/4744/1142 7289/4742/1141
f 7292/4743/1142 7294/4745/1143 7293/4746/1143 7291/4744/1142
f 7294/4745/1143 7296/4747/1144 7295/4748/1144 7293/4746/1143
f 7296/4747/1144 7298/4749/1145 7297/4750/1145 7295/4748/1144
f 7298/4749/1145 7300/4751/1146 7299/4752/1146 7297/4750/1145
f 7300/4751/1146 7302/4753/1147 7301/4754/1147 7299/4752/1146
f 7302/4753/1147 7304/4755/1148 7303/4756/1148 7301/4754/1147
f 7304/4755/1148 7306/4757/1149 7305/4758/1149 7303/4756/1148
f 7306/4757/1149 7308/4759/1150 7307/4760/1150 7305/4758/1149
f 7308/4759/1150 7310/4761/1151 7309/4762/1151 7307/4760/1150
f 7310/4761/1151 7312/4763/1152 7311/4764/1152 7309/4762/1151
f 7312/4763/1152 7314/4765/1153 7313/4766/1153 7311/4764/1152
f 7314/4765/1153 7316/4767/1154 7315/4768/1154 7313/4766/1153
f 7316/4767/1154 7318/4769/1155 7317/4770/1155 7315/4768/1154
f 7318/4769/1155 7320/4771/1156 7319/4772/1156 7317/4770/1155
f 7320/4771/1156 7322/4773/1157 7321/4774/1157 7319/4772/1156
f 7322/4773/1157 7324/4775/1158 7323/4776/1158 7321/4774/1157
f 7324/4775/1158 7326/4777/1159 7325/4778/1159 7323/4776/1158
f 7326/4777/1159 7328/4779/1160 7327/4780/1160 7325/4778/1159
f 7328/4779/1160 7330/4781/1161 7329/4782/1161 7327/4780/1160
f 7330/4781/1161 7332/4783/1162 7331/4784/1162 7329/4782/1161
f 7332/4783/1162 7334/4785/872 7333/4786/872 7331/4784/1162
f 7334/4785/872 7336/4787/1163 7335/4788/1163 7333/4786/872
f 7336/4787/1163 7338/4789/1164 7337/4790/1164 7335/4788/1163
f 7338/4789/1164 7340/4791/1165 7339/4792/1165 7337/4790/1164
f 7340/4791/1165 7342/4793/1166 7341/4794/1166 7339/4792/1165
f 7342/4793/1166 7344/4795/1167 7343/4796/1167 7341/4794/1166
f 7344/4795/1167 7346/4797/1168 7345/4798/1168 7343/4796/1167
f 7346/4797/1168 7348/4799/1169 7347/4800/1169 7345/4798/1168
f 7348/4799/1169 7350/4801/1170 7349/4802/1170 7347/4800/1169
f 7350/4801/1170 7352/4803/1171 7351/4804/1171 7349/4802/1170
f 7352/4803/1171 7354/4805/1172 7353/4806/1172 7351/4804/1171
f 7354/4805/1172 7356/4807/1173 7355/4808/1173 7353/4806/1172
f 7356/4807/1173 7358/4809/1174 7357/4810/1174 7355/4808/1173
f 7358/4809/1174 7360/4811/1175 7359/4812/1175 7357/4810/1174
f 7360/4811/1175 7362/4813/1176 7361/4814/1176 7359/4812/1175
f 7362/4813/1176 7364/4815/1177 7363/4816/1177 7361/4814/1176
f 7364/4815/1177 7366/4817/1178 7365/4818/1178 7363/4816/1177
f 7366/4817/1178 7368/4819/1179 7367/4820/1179 7365/4818/1178
f 7368/4819/1179 7370/4821/1180 7369/4822/1180 7367/4820/1179
f 7370/4821/1180 7372/4823/1181 7371/4824/1181 7369/4822/1180
f 7372/4823/1181 7374/4825/1182 7373/4826/1182 7371/4824/1181
f 7374/4825/1182 7376/4827/1183 7375/4828/1183 7373/4826/1182
f 7376/4827/1183 7378/4829/1184 7377/4830/1184 7375/4828/1183
f 7378/4829/1184 7380/4831/1185 7379/4832/1185 7377/4830/1184
f 7380/4831/1185 7382/4833/1186 7381/4834/1186 7379/4832/1185
f 7382/4833/1186 7384/4835/1187 7383/4836/1187 7381/4834/1186
f 7384/4835/1187 7386/4837/1188 7385/4838/1188 7383/4836/1187
f 7386/4837/1188 7388/4839/1189 7387/4840/1189 7385/4838/1188
f 7388/4839/1189 7390/4841/1190 7389/4842/1190 7387/4840/1189
f 7390/4841/1190 7392/4843/1191 7391/4844/1191 7389/4842/1190
f 7392/4843/1191 7394/4845/1192 7393/4846/1192 7391/4844/1191
f 7394/4845/1192 7396/4847/1193 7395/4848/1193 7393/4846/1192
f 7396/4847/1193 7398/4849/1194 7397/4850/1194 7395/4848/1193
f 7398/4849/1194 7400/4851/1195 7399/4852/1195 7397/4850/1194
f 7400/4851/1195 7402/4853/1196 7401/4854/1196 7399/4852/1195
f 7402/4853/1196 7404/4855/1197 7403/4856/1197 7401/4854/1196
f 7404/4855/1197 7406/4857/1198 7405/4858/1198 7403/4856/1197
f 7406/4857/1198 7408/4859/1199 7407/4860/1199 7405/4858/1198
f 7408/4859/1199 7410/4861/1200 7409/4862/1200 7407/4860/1199
f 7410/4861/1200 7412/4863/1201 7411/4864/1201 7409/4862/1200
f 7412/4863/1201 7414/4865/1202 7413/4866/1202 7411/4864/1201
f 7414/4865/1202 7416/4867/1203 7415/4868/1203 7413/4866/1202
f 7416/4867/1203 7418/4869/1204 7417/4870/1204 7415/4868/1203
f 7418/4869/1204 7420/4871/1205 7419/4872/1205 7417/4870/1204
f 7420/4871/1205 7422/4873/1206 7421/4874/1206 7419/4872/1205
f 7422/4873/1206 7424/4875/1207 7423/4876/1207 7421/4874/1206
f 7424/4875/1207 7426/4877/1208 7425/4878/1208 7423/4876/1207
f 7426/4877/1208 7428/4879/1209 7427/4880/1209 7425/4878/1208
f 7428/4879/1209 7430/4881/1210 7429/4882/1210 7427/4880/1209
f 7430/4881/1210 7432/4883/1211 7431/4884/1211 7429/4882/1210
f 7432/4883/1211 7434/4885/1212 7433/4886/1212 7431/4884/1211
f 7434/4885/1212 7436/4887/1213 7435/4888/1213 7433/4886/1212
f 7436/4887/1213 7438/4889/1214 7437/4890/1214 7435/4888/1213
f 7438/4889/1214 7440/4891/1215 7439/4892/1215 7437/4890/1214
f 7440/4891/1215 7442/4893/1216 7441/4894/1216 7439/4892/1215
f 7442/4893/1216 7444/4895/1217 7443/4896/1217 7441/4894/1216
f 7444/4895/1217 7446/4897/1218 7445/4898/1218 7443/4896/1217
f 7446/4897/1218 7448/4899/1219 7447/4900/1219 7445/4898/1218
f 7448/4899/1219 7450/4901/1220 7449/4902/1220 7447/4900/1219
f 7450/4901/1220 7452/4903/1221 7451/4904/1221 7449/4902/1220
f 7452/4903/1221 7454/4905/1222 7453/4906/1222 7451/4904/1221
f 7454/4905/1222 7456/4907/1223 7455/4908/1223 7453/4906/1222
f 7456/4907/1223 7458/4909/1224 7457/4910/1224 7455/4908/1223
f 7458/4909/1224 7460/4911/1225 7459/4912/1225 7457/4910/1224
f 7460/4911/1225 7462/4913/1226 7461/4914/1226 7459/4912/1225
f 7462/4913/1226 7464/4915/1227 7463/4916/1227 7461/4914/1226
f 7464/4915/1227 7466/4917/1228 7465/4918/1228 7463/4916/1227
f 7466/4917/1228 7468/4919/1229 7467/4920/1229 7465/4918/1228
f 7468/4919/1229 7470/4921/1230 7469/4922/1230 7467/4920/1229
f 7470/4921/1230 7472/4923/1231 7471/4924/1231 7469/4922/1230
f 7472/4923/1231 7474/4925/1232 7473/4926/1232 7471/4924/1231
f 7474/4925/1232 7476/4927/1233 7475/4928/1233 7473/4926/1232
f 7476/4927/1233 7478/4929/1234 7477/4930/1234 7475/4928/1233
f 7478/4929/1234 7480/4931/1235 7479/4932/1235 7477/4930/1234
f 7480/4931/1235 7482/4933/1236 7481/4934/1236 7479/4932/1235
f 7482/4933/1236 7484/4935/1237 7483/4936/1237 7481/4934/1236
f 7484/4935/1237 7486/4937/1238 7485/4938/1238 7483/4936/1237
f 7486/4937/1238 7488/4939/641 7487/4940/641 7485/4938/1238
f 7488/4939/641 7490/4941/679 7489/4942/679 7487/4940/641
f 7490/4941/679 7492/4943/1239 7491/4944/1239 7489/4942/679
f 7492/4943/1239 7494/4945/1240 7493/4946/1240 7491/4944/1239
f 7494/4945/1240 7496/4947/1241 7495/4948/1241 7493/4946/1240
f 7496/4947/1241 7498/4949/1242 7497/4950/1242 7495/4948/1241
f 7498/4949/1242 7500/4951/1243 7499/4952/1243 7497/4950/1242
f 7500/4951/1243 7502/4953/771 7501/4954/771 7499/4952/1243
f 7502/4953/771 7504/4955/1244 7503/4956/1244 7501/4954/771
f 7504/4955/1244 7506/4957/1245 7505/4958/1245 7503/4956/1244
f 7506/4957/1245 7508/4959/1246 7507/4960/1246 7505/4958/1245
f 7508/4959/1246 7510/4961/1247 7509/4962/1247 7507/4960/1246
f 7510/4961/1247 7512/4963/1248 7511/4964/1248 7509/4962/1247
f 7512/4963/1248 7514/4965/1249 7513/4966/1249 7511/4964/1248
f 7514/4965/1249 7516/4967/1250 7515/4968/1250 7513/4966/1249
f 7516/4967/1250 7518/4969/1251 7517/4970/1251 7515/4968/1250
f 7518/4969/1251 7520/4971/1252 7519/4972/1252 7517/4970/1251
f 7520/4971/1252 7522/4973/1253 7521/4974/1253 7519/4972/1252
f 7522/4973/1253 7524/4975/1254 7523/4976/1254 7521/4974/1253
f 7524/4975/1254 7526/4977/1255 7525/4978/1255 7523/4976/1254
f 7526/4977/1255 7528/4979/1256 7527/4980/1256 7525/4978/1255
f 7528/4979/1256 7530/4981/1257 7529/4982/1257 7527/4980/1256
f 7530/4981/1257 7532/4983/1258 7531/4984/1258 7529/4982/1257
f 7532/4983/1258 7534/4985/1259 7533/4986/1259 7531/4984/1258
f 7534/4985/1259 7536/4987/1260 7535/4988/1260 7533/4986/1259
f 7536/4987/1260 7538/4989/1261 7537/4990/1261 7535/4988/1260
f 7538/4989/1261 7540/4991/1262 7539/4992/1262 7537/4990/1261
f 7540/4991/1262 7542/4993/1263 7541/4994/1263 7539/4992/1262
f 7542/4993/1263 7544/4995/1264 7543/4996/1264 7541/4994/1263
f 7544/4995/1264 7546/4997/1265 7545/4998/1265 7543/4996/1264
f 7546/4997/1265 7548/4999/1266 7547/5000/1266 7545/4998/1265
f 7548/4999/1266 7550/5001/1267 7549/5002/1267 7547/5000/1266
f 7550/5001/1267 7552/5003/1268 7551/5004/1268 7549/5002/1267
f 7552/5003/1268 7554/5005/1269 7553/5006/1269 7551/5004/1268
f 7554/5005/1269 7556/5007/1270 7555/5008/1270 7553/5006/1269
f 7556/5007/1270 7558/5009/1271 7557/5010/1271 7555/5008/1270
f 7558/5009/1271 7560/5011/1272 7559/5012/1272 7557/5010/1271
f 7560/5011/1272 7562/5013/1273 7561/5014/1273 7559/5012/1272
f 7562/5013/1273 7564/5015/1274 7563/5016/1274 7561/5014/1273
f 7564/5015/1274 7566/5017/1275 7565/5018/1275 7563/5016/1274
f 7566/5017/1275 7568/5019/1276 7567/5020/1276 7565/5018/1275
f 7568/5019/1276 7570/5021/1277 7569/5022/1277 7567/5020/1276
f 7570/5021/1277 7572/5023/1278 7571/5024/1278 7569/5022/1277
f 7572/5023/1278 7574/5025/1279 7573/5026/1279 7571/5024/1278
f 7574/5025/1279 7576/5027/1280 7575/5028/1280 7573/5026/1279
f 7576/5027/1280 7578/5029/1281 7577/5030/1281 7575/5028/1280
f 7578/5029/1281 7580/5031/1282 7579/5032/1282 7577/5030/1281
f 7580/5031/1282 7582/5033/1283 7581/5034/1283 7579/5032/1282
f 7582/5033/1283 7584/5035/1284 7583/5036/1284 7581/5034/1283
f 7584/5035/1284 7586/5037/1285 7585/5038/1285 7583/5036/1284
f 7586/5037/1285 7588/5039/1286 7587/5040/1286 7585/5038/1285
f 7588/5039/1286 7590/5041/1287 7589/5042/1287 7587/5040/1286
f 7590/5041/1287 7592/5043/1288 7591/5044/1288 7589/5042/1287
f 7592/5043/1288 7594/5045/1289 7593/5046/1289 7591/5044/1288
f 7594/5045/1289 7596/5047/1290 7595/5048/1290 7593/5046/1289
f 7596/5047/1290 7598/5049/1291 7597/5050/1291 7595/5048/1290
f 7598/5049/1291 7600/5051/1292 7599/5052/1292 7597/5050/1291
f 7600/5051/1292 7602/5053/1293 7601/5054/1293 7599/5052/1292
f 7602/5053/1293 7604/5055/1294 7603/5056/1294 7601/5054/1293
f 7604/5055/1294 7606/5057/1295 7605/5058/1295 7603/5056/1294
f 7606/5057/1295 7608/5059/1296 7607/5060/1296 7605/5058/1295
f 7608/5059/1296 7610/5061/1297 7609/5062/1297 7607/5060/1296
f 7610/5061/1297 7612/5063/1298 7611/5064/1298 7609/5062/1297
f 7612/5063/1298 7614/5065/1299 7613/5066/1299 7611/5064/1298
f 7614/5065/1299 7616/5067/1300 7615/5068/1300 7613/5066/1299
f 7616/5067/1300 7618/5069/1301 7617/5070/1301 7615/5068/1300
f 7618/5069/1301 7620/5071/1302 7619/5072/1302 7617/5070/1301
f 7620/5071/1302 7622/5073/1303 7621/5074/1303 7619/5072/1302
f 7622/5073/1303 7624/5075/1304 7623/5076/1304 7621/5074/1303
f 7624/5075/1304 7626/5077/1305 7625/5078/1305 7623/5076/1304
f 7626/5077/1305 7628/5079/1306 7627/5080/1306 7625/5078/1305
f 7628/5079/1306 7630/5081/1307 7629/5082/1307 7627/5080/1306
f 7630/5081/1307 7632/5083/1308 7631/5084/1308 7629/5082/1307
f 7632/5083/1308 7634/5085/1309 7633/5086/1309 7631/5084/1308
f 7634/5085/1309 7636/5087/1310 7635/5088/1310 7633/5086/1309
f 7636/5087/1310 7638/5089/1311 7637/5090/1311 7635/5088/1310
f 7638/5089/1311 7640/5091/1312 7639/5092/1312 7637/5090/1311
f 7640/5091/1312 7642/5093/1313 7641/5094/1313 7639/5092/1312
f 7642/5093/1313 7644/5095/1314 7643/5096/1314 7641/5094/1313
f 7644/5095/1314 7646/5097/1315 7645/5098/1315 7643/5096/1314
f 7646/5097/1315 7648/5099/1316 7647/5100/1316 7645/5098/1315
f 7648/5099/1316 7650/5101/1317 7649/5102/1317 7647/5100/1316
f 7650/5101/1317 7652/5103/1318 7651/5104/1318 7649/5102/1317
f 7652/5103/1318 7654/5105/1319 7653/5106/1319 7651/5104/1318
f 7654/5105/1319 7656/5107/1320 7655/5108/1320 7653/5106/1319
f 7656/5107/1320 7658/5109/1321 7657/5110/1321 7655/5108/1320
f 7658/5109/1321 7660/5111/1322 7659/5112/1322 7657/5110/1321
f 7660/5111/1322 7662/5113/1323 7661/5114/1323 7659/5112/1322
f 7662/5113/1323 7664/5115/1324 7663/5116/1324 7661/5114/1323
f 7664/5115/1324 7666/5117/1325 7665/5118/1325 7663/5116/1324
f 7666/5117/1325 7668/5119/1326 7667/5120/1326 7665/5118/1325
f 7668/5119/1326 7670/5121/1327 7669/5122/1327 7667/5120/1326
f 7670/5121/1327 7672/5123/1328 7671/5124/1328 7669/5122/1327
f 7672/5123/1328 7674/5125/1329 7673/5126/1329 7671/5124/1328
f 7674/5125/1329 7676/5127/1330 7675/5128/1330 7673/5126/1329
f 7676/5127/1330 7678/5129/1331 7677/5130/1331 7675/5128/1330
f 7678/5129/1331 7680/5131/1332 7679/5132/1332 7677/5130/1331
f 7680/5131/1332 7682/5133/1333 7681/5134/1333 7679/5132/1332
f 7682/5133/1333 7684/5135/1334 7683/5136/1334 7681/5134/1333
f 7684/5135/1334 7686/5137/1335 7685/5138/1335 7683/5136/1334
f 7686/5137/1335 7688/5139/1336 7687/5140/1336 7685/5138/1335
f 7688/5139/1336 7690/5141/1337 7689/5142/1337 7687/5140/1336
f 7690/5141/1337 7692/5143/1338 7691/5144/1338 7689/5142/1337
f 7692/5143/1338 7694/5145/1339 7693/5146/1339 7691/5144/1338
f 7694/5145/1339 7696/5147/1340 7695/5148/1340 7693/5146/1339
f 7696/5147/1340 7698/5149/1341 7697/5150/1341 7695/5148/1340
f 7698/5149/1341 7700/5151/1342 7699/5152/1342 7697/5150/1341
f 7700/5151/1342 7702/5153/1343 7701/5154/1343 7699/5152/1342
f 7702/5153/1343 7704/5155/1344 7703/5156/1344 7701/5154/1343
f 7704/5155/1344 7706/5157/1345 7705/5158/1345 7703/5156/1344
f 7706/5157/1345 7708/5159/1346 7707/5160/1346 7705/5158/1345
f 7708/5159/1346 7710/5161/1347 7709/5162/1347 7707/5160/1346
f 7710/5161/1347 7712/5163/1348 7711/5164/1348 7709/5162/1347
f 7712/5163/1348 7714/5165/1349 7713/5166/1349 7711/5164/1348
f 7714/5165/1349 7716/5167/1350 7715/5168/1350 7713/5166/1349
f 7716/5167/1350 7718/5169/1351 7717/5170/1351 7715/5168/1350
f 7718/5169/1351 7720/5171/1352 7719/5172/1352 7717/5170/1351
f 7720/5171/1352 7722/5173/1353 7721/5174/1353 7719/5172/1352
f 7722/5173/1353 7724/5175/1354 7723/5176/1354 7721/5174/1353
f 7724/5175/1354 7726/5177/364 7725/5178/364 7723/5176/1354
f 7726/5177/364 7728/5179/1355 7727/5180/1355 7725/5178/364
f 7728/5179/1355 7730/5181/1356 7729/5182/1356 7727/5180/1355
f 7730/5181/1356 7732/5183/1357 7731/5184/1357 7729/5182/1356
f 7732/5183/1357 7734/5185/1358 7733/5186/1358 7731/5184/1357
f 7734/5185/1358 7736/5187/1359 7735/5188/1359 7733/5186/1358
f 7736/5187/1359 7738/5189/1360 7737/5190/1360 7735/5188/1359
f 7738/5189/1360 7740/5191/1361 7739/5192/1361 7737/5190/1360
f 7740/5191/1361 7742/5193/1362 7741/5194/1362 7739/5192/1361
f 7742/5193/1362 7744/5195/1363 7743/5196/1363 7741/5194/1362
f 7744/5195/1363 7746/5197/1364 7745/5198/1364 7743/5196/1363
f 7746/5197/1364 7748/5199/1365 7747/5200/1365 7745/5198/1364
f 7748/5199/1365 7750/5201/1366 7749/5202/1366 7747/5200/1365
f 7750/5201/1366 7752/5203/1367 7751/5204/1367 7749/5202/1366
f 7752/5203/1367 7754/5205/1368 7753/5206/1368 7751/5204/1367
f 7754/5205/1368 7756/5207/1369 7755/5208/1369 7753/5206/1368
f 7756/5207/1369 7758/5209/1370 7757/5210/1370 7755/5208/1369
f 7758/5209/1370 7760/5211/1371 7759/5212/1371 7757/5210/1370
f 7760/5211/1371 7762/5213/1372 7761/5214/1372 7759/5212/1371
f 7762/5213/1372 7764/5215/1373 7763/5216/1373 7761/5214/1372
f 7764/5215/1373 7766/5217/1374 7765/5218/1374 7763/5216/1373
f 7766/5217/1374 7768/5219/1375 7767/5220/1375 7765/5218/1374
f 7768/5219/1375 7770/5221/1376 7769/5222/1376 7767/5220/1375
f 7770/5221/1376 7772/5223/1377 7771/5224/1377 7769/5222/1376
f 7772/5223/1377 7774/5225/1378 7773/5226/1378 7771/5224/1377
f 7774/5225/1378 7776/5227/1379 7775/5228/1379 7773/5226/1378
f 7776/5227/1379 7778/5229/1380 7777/5230/1380 7775/5228/1379
f 7778/5229/1380 7780/5231/1381 7779/5232/1381 7777/5230/1380
f 7780/5231/1381 7782/5233/1382 7781/5234/1382 7779/5232/1381
f 7782/5233/1382 7784/5235/1383 7783/5236/1383 7781/5234/1382
f 7784/5235/1383 7786/5237/1384 7785/5238/1384 7783/5236/1383
f 7786/5237/1384 7788/5239/1385 7787/5240/1385 7785/5238/1384
f 7788/5239/1385 7790/5241/1386 7789/5242/1386 7787/5240/1385
f 7790/5241/1386 7792/5243/1387 7791/5244/1387 7789/5242/1386
f 7792/5243/1387 7794/5245/1388 7793/5246/1388 7791/5244/1387
f 7794/5245/1388 7796/5247/1389 7795/5248/1389 7793/5246/1388
f 7796/5247/1389 7798/5249/1390 7797/5250/1390 7795/5248/1389
f 7798/5249/1390 7800/5251/1391 7799/5252/1391 7797/5250/1390
f 7800/5251/1391 7802/5253/1392 7801/5254/1392 7799/5252/1391
f 7802/5253/1392 7804/5255/1393 7803/5256/1393 7801/5254/1392
f 7804/5255/1393 7806/5257/1394 7805/5258/1394 7803/5256/1393
f 7806/5257/1394 7808/5259/1395 7807/5260/1395 7805/5258/1394
f 7808/5259/1395 7810/5261/1396 7809/5262/1396 7807/5260/1395
f 7810/5261/1396 7812/5263/1397 7811/5264/1397 7809/5262/1396
f 7812/5263/1397 7814/5265/1398 7813/5266/1398 7811/5264/1397
f 7814/5265/1398 7816/5267/1399 7815/5268/1399 7813/5266/1398
f 7816/5267/1399 7818/5269/1400 7817/5270/1400 7815/5268/1399
f 7818/5269/1400 7820/5271/1401 7819/5272/1401 7817/5270/1400
f 7820/5271/1401 7822/5273/1402 7821/5274/1402 7819/5272/1401
f 7822/5273/1402 7824/5275/1403 7823/5276/1403 7821/5274/1402
f 7824/5275/1403 7826/5277/1404 7825/5278/1404 7823/5276/1403
f 7826/5277/1404 7828/5279/1405 7827/5280/1405 7825/5278/1404
f 7828/5279/1405 7830/5281/1406 7829/5282/1406 7827/5280/1405
f 7830/5281/1406 7832/5283/1407 7831/5284/1407 7829/5282/1406
f 7832/5283/1407 7834/5285/1408 7833/5286/1408 7831/5284/1407
f 7834/5285/1408 7836/5287/1409 7835/5288/1409 7833/5286/1408
f 7836/5287/1409 7838/5289/1410 7837/5290/1410 7835/5288/1409
f 7838/5289/1410 7840/5291/1411 7839/5292/1411 7837/5290/1410
f 7840/5291/1411 7842/5293/1412 7841/5294/1412 7839/5292/1411
f 7842/5293/1412 7844/5295/1413 7843/5296/1413 7841/5294/1412
f 7844/5295/1413 7846/5297/1414 7845/5298/1414 7843/5296/1413
f 7846/5297/1414 7848/5299/1415 7847/5300/1415 7845/5298/1414
f 7848/5299/1415 7850/5301/768 7849/5302/768 7847/5300/1415
f 7850/5301/768 7852/5303/769 7851/5304/769 7849/5302/768
f 7852/5303/769 7854/5305/770 7853/5306/770 7851/5304/769
f 7854/5305/770 7856/5307/771 7855/5308/771 7853/5306/770
f 7856/5307/771 7858/5309/772 7857/5310/772 7855/5308/771
f 7858/5309/772 7860/5311/773 7859/5312/773 7857/5310/772
f 7860/5311/773 7862/5313/774 7861/5314/774 7859/5312/773
f 7862/5313/774 7864/5315/775 7863/5316/775 7861/5314/774
f 7864/5315/775 7866/5317/776 7865/5318/776 7863/5316/775
f 7866/5317/776 7868/5319/777 7867/5320/777 7865/5318/776
f 7868/5319/777 7870/5321/778 7869/5322/778 7867/5320/777
f 7870/5321/778 7872/5323/779 7871/5324/779 7869/5322/778
f 7872/5323/779 7874/5325/1416 7873/5326/1416 7871/5324/779
f 7874/5325/1416 7876/5327/1417 7875/5328/1417 7873/5326/1416
f 7876/5327/1417 7878/5329/1418 7877/5330/1418 7875/5328/1417
f 7878/5329/1418 7880/5331/1419 7879/5332/1419 7877/5330/1418
f 7880/5331/1419 7882/5333/1420 7881/5334/1420 7879/5332/1419
f 7882/5333/1420 7884/5335/1421 7883/5336/1421 7881/5334/1420
f 7884/5335/1421 7886/5337/1422 7885/5338/1422 7883/5336/1421
f 7886/5337/1422 7888/5339/1423 7887/5340/1423 7885/5338/1422
f 7888/5339/1423 7890/5341/1424 7889/5342/1424 7887/5340/1423
f 7890/5341/1424 7892/5343/967 7891/5344/967 7889/5342/1424
f 7892/5343/967 7894/5345/1425 7893/5346/1425 7891/5344/967
f 7894/5345/1425 7896/5347/1426 7895/5348/1426 7893/5346/1425
f 7896/5347/1426 7898/5349/1427 7897/5350/1427 7895/5348/1426
f 7898/5349/1427 7900/5351/1428 7899/5352/1428 7897/5350/1427
f 7900/5351/1428 7902/5353/1429 7901/5354/1429 7899/5352/1428
f 7902/5353/1429 7904/5355/968 7903/5356/968 7901/5354/1429
f 7904/5355/968 7906/5357/1430 7905/5358/1430 7903/5356/968
f 7906/5357/1430 7908/5359/1431 7907/5360/1431 7905/5358/1430
f 7908/5359/1431 7910/5361/1432 7909/5362/1432 7907/5360/1431
f 7910/5361/1432 7912/5363/1433 7911/5364/1433 7909/5362/1432
f 7912/5363/1433 7914/5365/1434 7913/5366/1434 7911/5364/1433
f 7914/5365/1434 7916/5367/1435 7915/5368/1435 7913/5366/1434
f 7916/5367/1435 7918/5369/1436 7917/5370/1436 7915/5368/1435
f 7918/5369/1436 7920/5371/1437 7919/5372/1437 7917/5370/1436
f 7920/5371/1437 7922/5373/1438 7921/5374/1438 7919/5372/1437
f 7922/5373/1438 7924/5375/1439 7923/5376/1439 7921/5374/1438
f 7924/5375/1439 7926/5377/1440 7925/5378/1440 7923/5376/1439
f 7926/5377/1440 7928/5379/1441 7927/5380/1441 7925/5378/1440
f 7928/5379/1441 7930/5381/1442 7929/5382/1442 7927/5380/1441
f 7930/5381/1442 7932/5383/1443 7931/5384/1443 7929/5382/1442
f 7932/5383/1443 7934/5385/1444 7933/5386/1444 7931/5384/1443
f 7934/5385/1444 7936/5387/1121 7935/5388/1121 7933/5386/1444
f 7936/5387/1121 7938/5389/1445 7937/5390/1445 7935/5388/1121
f 7938/5389/1445 7940/5391/1446 7939/5392/1446 7937/5390/1445
f 7940/5391/1446 7942/5393/1447 7941/5394/1447 7939/5392/1446
f 7942/5393/1447 7944/5395/1448 7943/5396/1448 7941/5394/1447
f 7944/5395/1448 7946/5397/1449 7945/5398/1449 7943/5396/1448
f 7946/5397/1449 7948/5399/1450 7947/5400/1450 7945/5398/1449
f 7948/5399/1450 7950/5401/1451 7949/5402/1451 7947/5400/1450
f 7950/5401/1451 7952/5403/1452 7951/5404/1452 7949/5402/1451
f 7952/5403/1452 7954/5405/1453 7953/5406/1453 7951/5404/1452
f 7954/5405/1453 7956/5407/1454 7955/5408/1454 7953/5406/1453
f 7956/5407/1454 7958/5409/1455 7957/5410/1455 7955/5408/1454
f 7958/5409/1455 7960/5411/1456 7959/5412/1456 7957/5410/1455
f 7960/5411/1456 7962/5413/1457 7961/5414/1457 7959/5412/1456
f 7962/5413/1457 7964/5415/1458 7963/5416/1458 7961/5414/1457
f 7964/5415/1458 7966/5417/1459 7965/5418/1459 7963/5416/1458
f 7966/5417/1459 7968/5419/1460 7967/5420/1460 7965/5418/1459
f 7968/5419/1460 7970/5421/1461 7969/5422/1461 7967/5420/1460
f 7970/5421/1461 7972/5423/1462 7971/5424/1462 7969/5422/1461
f 7972/5423/1462 7974/5425/1463 7973/5426/1463 7971/5424/1462
f 7974/5425/1463 7976/5427/1464 7975/5428/1464 7973/5426/1463
f 7976/5427/1464 7978/5429/1465 7977/5430/1465 7975/5428/1464
f 7978/5429/1465 7980/5431/1466 7979/5432/1466 7977/5430/1465
f 7980/5431/1466 7982/5433/1467 7981/5434/1467 7979/5432/1466
f 7982/5433/1467 7984/5435/1468 7983/5436/1468 7981/5434/1467
f 7984/5435/1468 7986/5437/1469 7985/5438/1469 7983/5436/1468
f 7986/5437/1469 7988/5439/1470 7987/5440/1470 7985/5438/1469
f 7988/5439/1470 7990/5441/1471 7989/5442/1471 7987/5440/1470
f 7990/5441/1471 7992/5443/1472 7991/5444/1472 7989/5442/1471
f 7992/5443/1472 7994/5445/1473 7993/5446/1473 7991/5444/1472
f 7994/5445/1473 7996/5447/1474 7995/5448/1474 7993/5446/1473
f 7996/5447/1474 7998/5449/1475 7997/5450/1475 7995/5448/1474
f 7998/5449/1475 8000/5451/1476 7999/5452/1476 7997/5450/1475
f 8000/5451/1476 8002/5453/1477 8001/5454/1477 7999/5452/1476
f 8002/5453/1477 8004/5455/1478 8003/5456/1478 8001/5454/1477
f 8004/5455/1478 8006/5457/1479 8005/5458/1479 8003/5456/1478
f 8006/5457/1479 8008/5459/1480 8007/5460/1480 8005/5458/1479
f 8008/5459/1480 8010/5461/1481 8009/5462/1481 8007/5460/1480
f 8010/5461/1481 8012/5463/1482 8011/5464/1482 8009/5462/1481
f 8012/5463/1482 8014/5465/1483 8013/5466/1483 8011/5464/1482
f 8014/5465/1483 8016/5467/1484 8015/5468/1484 8013/5466/1483
f 8016/5467/1484 8018/5469/1485 8017/5470/1485 8015/5468/1484
f 8018/5469/1485 8020/5471/1486 8019/5472/1486 8017/5470/1485
f 8020/5471/1486 8022/5473/1487 8021/5474/1487 8019/5472/1486
f 8022/5473/1487 8024/5475/1488 8023/5476/1488 8021/5474/1487
f 8024/5475/1488 8026/5477/1489 8025/5478/1489 8023/5476/1488
f 8026/5477/1489 8028/5479/1490 8027/5480/1490 8025/5478/1489
f 8028/5479/1490 8030/5481/1491 8029/5482/1491 8027/5480/1490
f 8030/5481/1491 8032/5483/1492 8031/5484/1492 8029/5482/1491
f 8032/5483/1492 8034/5485/1493 8033/5486/1493 8031/5484/1492
f 8034/5485/1493 8036/5487/1494 8035/5488/1494 8033/5486/1493
f 8036/5487/1494 8038/5489/1495 8037/5490/1495 8035/5488/1494
f 8038/5489/1495 8040/5491/1496 8039/5492/1496 8037/5490/1495
f 8040/5491/1496 8042/5493/1497 8041/5494/1497 8039/5492/1496
f 8042/5493/1497 8044/5495/1498 8043/5496/1498 8041/5494/1497
f 8044/5495/1498 8046/5497/1499 8045/5498/1499 8043/5496/1498
f 8046/5497/1499 8048/5499/1500 8047/5500/1500 8045/5498/1499
f 8048/5499/1500 8050/5501/1330 8049/5502/1330 8047/5500/1500
f 8050/5501/1330 8052/5503/1501 8051/5504/1501 8049/5502/1330
f 8052/5503/1501 8054/5505/1502 8053/5506/1502 8051/5504/1501
f 8054/5505/1502 8056/5507/1503 8055/5508/1503 8053/5506/1502
f 8056/5507/1503 8058/5509/1504 8057/5510/1504 8055/5508/1503
f 8058/5509/1504 8060/5511/1505 8059/5512/1505 8057/5510/1504
f 8060/5511/1505 8062/5513/1506 8061/5514/1506 8059/5512/1505
f 8062/5513/1506 8064/5515/1507 8063/5516/1507 8061/5514/1506
f 8064/5515/1507 8066/5517/1508 8065/5518/1508 8063/5516/1507
f 8066/5517/1508 8068/5519/1509 8067/5520/1509 8065/5518/1508
f 8068/5519/1509 8070/5521/1510 8069/5522/1510 8067/5520/1509
f 8070/5521/1510 8072/5523/1511 8071/5524/1511 8069/5522/1510
f 8072/5523/1511 8074/5525/1512 8073/5526/1512 8071/5524/1511
f 8074/5525/1512 8076/5527/1513 8075/5528/1513 8073/5526/1512
f 8076/5527/1513 8078/5529/1514 8077/5530/1514 8075/5528/1513
f 8078/5529/1514 8080/5531/1515 8079/5532/1515 8077/5530/1514
f 8080/5531/1515 8082/5533/1516 8081/5534/1516 8079/5532/1515
f 8082/5533/1516 8084/5535/1517 8083/5536/1517 8081/5534/1516
f 8084/5535/1517 8086/5537/1518 8085/5538/1518 8083/5536/1517
f 8086/5537/1518 8088/5539/1519 8087/5540/1519 8085/5538/1518
f 8088/5539/1519 8090/5541/1520 8089/5542/1520 8087/5540/1519
f 8090/5541/1520 8092/5543/1521 8091/5544/1521 8089/5542/1520
f 8092/5543/1521 8094/5545/1522 8093/5546/1522 8091/5544/1521
f 8094/5545/1522 8096/5547/1523 8095/5548/1523 8093/5546/1522
f 8096/5547/1523 8098/5549/1524 8097/5550/1524 8095/5548/1523
f 8098/5549/1524 8100/5551/1525 8099/5552/1525 8097/5550/1524
f 8100/5551/1525 8102/5553/1526 8101/5554/1526 8099/5552/1525
f 8102/5553/1526 8104/5555/1527 8103/5556/1527 8101/5554/1526
f 8104/5555/1527 8106/5557/1528 8105/5558/1528 8103/5556/1527
f 8106/5557/1528 8108/5559/1529 8107/5560/1529 8105/5558/1528
f 8108/5559/1529 8110/5561/1530 8109/5562/1530 8107/5560/1529
f 8110/5561/1530 8112/5563/1531 8111/5564/1531 8109/5562/1530
f 8112/5563/1531 8114/5565/1532 8113/5566/1532 8111/5564/1531
f 8114/5565/1532 8116/5567/1533 8115/5568/1533 8113/5566/1532
f 8116/5567/1533 8118/5569/1534 8117/5570/1534 8115/5568/1533
f 8118/5569/1534 8120/5571/1535 8119/5572/1535 8117/5570/1534
f 8120/5571/1535 8122/5573/1536 8121/5574/1536 8119/5572/1535
f 8122/5573/1536 8124/5575/1537 8123/5576/1537 8121/5574/1536
f 8124/5575/1537 8126/5577/1538 8125/5578/1538 8123/5576/1537
f 8126/5577/1538 8128/5579/1539 8127/5580/1539 8125/5578/1538
f 8128/5579/1539 8130/5581/1540 8129/5582/1540 8127/5580/1539
f 8130/5581/1540 8132/5583/1541 8131/5584/1541 8129/5582/1540
f 8132/5583/1541 8134/5585/1542 8133/5586/1542 8131/5584/1541
f 8134/5585/1542 8136/5587/1543 8135/5588/1543 8133/5586/1542
f 8136/5587/1543 8138/5589/1544 8137/5590/1544 8135/5588/1543
f 8138/5589/1544 8140/5591/1545 8139/5592/1545 8137/5590/1544
f 8140/5591/1545 8142/5593/1546 8141/5594/1546 8139/5592/1545
f 8142/5593/1546 8144/5595/1547 8143/5596/1547 8141/5594/1546
f 8144/5595/1547 8146/5597/1548 8145/5598/1548 8143/5596/1547
f 8146/5597/1548 8148/5599/1549 8147/5600/1549 8145/5598/1548
f 8148/5599/1549 8150/5601/1550 8149/5602/1550 8147/5600/1549
f 8150/5601/1550 8152/5603/1551 8151/5604/1551 8149/5602/1550
f 8152/5603/1551 8154/5605/1552 8153/5606/1552 8151/5604/1551
f 8154/5605/1552 8156/5607/1553 8155/5608/1553 8153/5606/1552
f 8156/5607/1553 8158/5609/1554 8157/5610/1554 8155/5608/1553
f 8158/5609/1554 8160/5611/1555 8159/5612/1555 8157/5610/1554
f 8160/5611/1555 8162/5613/1556 8161/5614/1556 8159/5612/1555
f 8162/5613/1556 8164/5615/1557 8163/5616/1557 8161/5614/1556
f 8164/5615/1557 8166/5617/1558 8165/5618/1558 8163/5616/1557
f 8166/5617/1558 8168/5619/1559 8167/5620/1559 8165/5618/1558
f 8168/5619/1559 8170/5621/1560 8169/5622/1560 8167/5620/1559
f 8170/5621/1560 8172/5623/1561 8171/5624/1561 8169/5622/1560
f 8172/5623/1561 8174/5625/1562 8173/5626/1562 8171/5624/1561
f 8174/5625/1562 8176/5627/1563 8175/5628/1563 8173/5626/1562
f 8176/5627/1563 8178/5629/1564 8177/5630/1564 8175/5628/1563
f 8178/5629/1564 8180/5631/1565 8179/5632/1565 8177/5630/1564
f 8180/5631/1565 8182/5633/1566 8181/5634/1566 8179/5632/1565
f 8182/5633/1566 8184/5635/1567 8183/5636/1567 8181/5634/1566
f 8184/5635/1567 8186/5637/1568 8185/5638/1568 8183/5636/1567
f 8186/5637/1568 8188/5639/1569 8187/5640/1569 8185/5638/1568
f 8188/5639/1569 8190/5641/1570 8189/5642/1570 8187/5640/1569
f 8190/5641/1570 8192/5643/1571 8191/5644/1571 8189/5642/1570
f 8192/5643/1571 8194/5645/53 8193/5646/53 8191/5644/1571
f 8194/5645/53 8196/5647/1572 8195/5648/1572 8193/5646/53
f 8196/5647/1572 8198/5649/1573 8197/5650/1573 8195/5648/1572
f 8198/5649/1573 8200/5651/1574 8199/5652/1574 8197/5650/1573
f 8200/5651/1574 8202/5653/1575 8201/5654/1575 8199/5652/1574
f 8202/5653/1575 8204/5655/1576 8203/5656/1576 8201/5654/1575
f 8204/5655/1576 8206/5657/1577 8205/5658/1577 8203/5656/1576
f 8206/5657/1577 8208/5659/1578 8207/5660/1578 8205/5658/1577
f 8208/5659/1578 8210/5661/1579 8209/5662/1579 8207/5660/1578
f 8210/5661/1579 8212/5663/1580 8211/5664/1580 8209/5662/1579
f 8212/5663/1580 8214/5665/1581 8213/5666/1581 8211/5664/1580
f 8214/5665/1581 8216/5667/1582 8215/5668/1582 8213/5666/1581
f 8216/5667/1582 8218/5669/1583 8217/5670/1583 8215/5668/1582
f 8218/5669/1583 8220/5671/1584 8219/5672/1584 8217/5670/1583
f 8220/5671/1584 8222/5673/1585 8221/5674/1585 8219/5672/1584
f 8222/5673/1585 8224/5675/1586 8223/5676/1586 8221/5674/1585
f 8224/5675/1586 8226/5677/1587 8225/5678/1587 8223/5676/1586
f 8226/5677/1587 8228/5679/1588 8227/5680/1588 8225/5678/1587
f 8228/5679/1588 8230/5681/1589 8229/5682/1589 8227/5680/1588
f 8230/5681/1589 8232/5683/1590 8231/5684/1590 8229/5682/1589
f 8232/5683/1590 8234/5685/1591 8233/5686/1591 8231/5684/1590
f 8234/5685/1591 8236/5687/1592 8235/5688/1592 8233/5686/1591
f 8236/5687/1592 8238/5689/1593 8237/5690/1593 8235/5688/1592
f 8238/5689/1593 8240/5691/1594 8239/5692/1594 8237/5690/1593
f 8240/5691/1594 8242/5693/1595 8241/5694/1595 8239/5692/1594
f 8242/5693/1595 8244/5695/1596 8243/5696/1596 8241/5694/1595
f 8244/5695/1596 8246/5697/1597 8245/5698/1597 8243/5696/1596
f 8246/5697/1597 8248/5699/1598 8247/5700/1598 8245/5698/1597
f 8248/5699/1598 8250/5701/1599 8249/5702/1599 8247/5700/1598
f 8250/5701/1599 8252/5703/1600 8251/5704/1600 8249/5702/1599
f 8252/5703/1600 8254/5705/1601 8253/5706/1601 8251/5704/1600
f 8254/5705/1601 8256/5707/1602 8255/5708/1602 8253/5706/1601
f 8256/5707/1602 8258/5709/1603 8257/5710/1603 8255/5708/1602
f 8258/5709/1603 8260/5711/1604 8259/5712/1604 8257/5710/1603
f 8260/5711/1604 8262/5713/1605 8261/5714/1605 8259/5712/1604
f 8262/5713/1605 8264/5715/1606 8263/5716/1606 8261/5714/1605
f 8264/5715/1606 8266/5717/1607 8265/5718/1607 8263/5716/1606
f 8266/5717/1607 8268/5719/1608 8267/5720/1608 8265/5718/1607
f 8268/5719/1608 8270/5721/1609 8269/5722/1609 8267/5720/1608
f 8270/5721/1609 8272/5723/1610 8271/5724/1610 8269/5722/1609
f 8272/5723/1610 8274/5725/1611 8273/5726/1611 8271/5724/1610
f 8274/5725/1611 8276/5727/1612 8275/5728/1612 8273/5726/1611
f 8276/5727/1612 8278/5729/1613 8277/5730/1613 8275/5728/1612
f 8278/5729/1613 8280/5731/1614 8279/5732/1614 8277/5730/1613
f 8280/5731/1614 8282/5733/1615 8281/5734/1615 8279/5732/1614
f 8282/5733/1615 8284/5735/1616 8283/5736/1616 8281/5734/1615
f 8284/5735/1616 8286/5737/1617 8285/5738/1617 8283/5736/1616
f 8286/5737/1617 8288/5739/1618 8287/5740/1618 8285/5738/1617
f 8288/5739/1618 8290/5741/1619 8289/5742/1619 8287/5740/1618
f 8290/5741/1619 8292/5743/1620 8291/5744/1620 8289/5742/1619
f 8292/5743/1620 8294/5745/243 8293/5746/243 8291/5744/1620
f 8294/5745/243 8296/5747/1621 8295/5748/1621 8293/5746/243
f 8296/5747/1621 8298/5749/1622 8297/5750/1622 8295/5748/1621
f 8298/5749/1622 8300/5751/1623 8299/5752/1623 8297/5750/1622
f 8300/5751/1623 8302/5753/1624 8301/5754/1624 8299/5752/1623
f 8302/5753/1624 8304/5755/1625 8303/5756/1625 8301/5754/1624
f 8304/5755/1625 8306/5757/1626 8305/5758/1626 8303/5756/1625
f 8306/5757/1626 8308/5759/1627 8307/5760/1627 8305/5758/1626
f 8308/5759/1627 8310/5761/1628 8309/5762/1628 8307/5760/1627
f 8310/5761/1628 8312/5763/1515 8311/5764/1515 8309/5762/1628
f 8312/5763/1515 8314/5765/1629 8313/5766/1629 8311/5764/1515
f 8314/5765/1629 8316/5767/1630 8315/5768/1630 8313/5766/1629
f 8316/5767/1630 8318/5769/1631 8317/5770/1631 8315/5768/1630
f 8318/5769/1631 8320/5771/1632 8319/5772/1632 8317/5770/1631
f 8320/5771/1632 8322/5773/1633 8321/5774/1633 8319/5772/1632
f 8322/5773/1633 8324/5775/1634 8323/5776/1634 8321/5774/1633
f 8324/5775/1634 8326/5777/1635 8325/5778/1635 8323/5776/1634
f 8326/5777/1635 8328/5779/1636 8327/5780/1636 8325/5778/1635
f 8328/5779/1636 8330/5781/1637 8329/5782/1637 8327/5780/1636
f 8330/5781/1637 8332/5783/1638 8331/5784/1638 8329/5782/1637
f 8332/5783/1638 8334/5785/1639 8333/5786/1639 8331/5784/1638
f 8334/5785/1639 8336/5787/1640 8335/5788/1640 8333/5786/1639
f 8336/5787/1640 8338/5789/1641 8337/5790/1641 8335/5788/1640
f 8338/5789/1641 8340/5791/1642 8339/5792/1642 8337/5790/1641
f 8340/5791/1642 8342/5793/1643 8341/5794/1643 8339/5792/1642
f 8342/5793/1643 8344/5795/1644 8343/5796/1644 8341/5794/1643
f 8344/5795/1644 8346/5797/1645 8345/5798/1645 8343/5796/1644
f 8346/5797/1645 8348/5799/1646 8347/5800/1646 8345/5798/1645
f 8348/5799/1646 8350/5801/1647 8349/5802/1647 8347/5800/1646
f 8350/5801/1647 8352/5803/1648 8351/5804/1648 8349/5802/1647
f 8352/5803/1648 8354/5805/1649 8353/5806/1649 8351/5804/1648
f 8354/5805/1649 8356/5807/1650 8355/5808/1650 8353/5806/1649
f 8356/5807/1650 8358/5809/1651 8357/5810/1651 8355/5808/1650
f 8358/5809/1651 8360/5811/1652 8359/5812/1652 8357/5810/1651
f 8360/5811/1652 8362/5813/1653 8361/5814/1653 8359/5812/1652
f 8362/5813/1653 8364/5815/1654 8363/5816/1654 8361/5814/1653
f 8364/5815/1654 8366/5817/1655 8365/5818/1655 8363/5816/1654
f 8366/5817/1655 8368/5819/1656 8367/5820/1656 8365/5818/1655
f 8368/5819/1656 8370/5821/1657 8369/5822/1657 8367/5820/1656
f 8370/5821/1657 8372/5823/1658 8371/5824/1658 8369/5822/1657
f 8372/5823/1658 8374/5825/1659 8373/5826/1659 8371/5824/1658
f 8374/5825/1659 8376/5827/1660 8375/5828/1660 8373/5826/1659
f 8376/5827/1660 8378/5829/1661 8377/5830/1661 8375/5828/1660
f 8378/5829/1661 8380/5831/1662 8379/5832/1662 8377/5830/1661
f 8380/5831/1662 8382/5833/1663 8381/5834/1663 8379/5832/1662
f 8382/5833/1663 8384/5835/1664 8383/5836/1664 8381/5834/1663
f 8384/5835/1664 8386/5837/1665 8385/5838/1665 8383/5836/1664
f 8386/5837/1665 8388/5839/1666 8387/5840/1666 8385/5838/1665
f 8388/5839/1666 8390/5841/1667 8389/5842/1667 8387/5840/1666
f 8390/5841/1667 8392/5843/1668 8391/5844/1668 8389/5842/1667
f 8392/5843/1668 8394/5845/38 8393/5846/38 8391/5844/1668
f 8394/5845/38 8396/5847/1669 8395/5848/1669 8393/5846/38
f 8396/5847/1669 8398/5849/1670 8397/5850/1670 8395/5848/1669
f 8398/5849/1670 8400/5851/1671 8399/5852/1671 8397/5850/1670
f 8400/5851/1671 8402/5853/1672 8401/5854/1672 8399/5852/1671
f 8402/5853/1672 8404/5855/1673 8403/5856/1673 8401/5854/1672
f 8404/5855/1673 8406/5857/1674 8405/5858/1674 8403/5856/1673
f 8406/5857/1674 8408/5859/1675 8407/5860/1675 8405/5858/1674
f 8408/5859/1675 8410/5861/1676 8409/5862/1676 8407/5860/1675
f 8410/5861/1676 8412/5863/1677 8411/5864/1677 8409/5862/1676
f 8412/5863/1677 8414/5865/1678 8413/5866/1678 8411/5864/1677
f 8414/5865/1678 8416/5867/1679 8415/5868/1679 8413/5866/1678
f 8416/5867/1679 8418/5869/1680 8417/5870/1680 8415/5868/1679
f 8418/5869/1680 8420/5871/1681 8419/5872/1681 8417/5870/1680
f 8420/5871/1681 8422/5873/1682 8421/5874/1682 8419/5872/1681
f 8422/5873/1682 8424/5875/1683 8423/5876/1683 8421/5874/1682
f 8424/5875/1683 8426/5877/1684 8425/5878/1684 8423/5876/1683
f 8426/5877/1684 8428/5879/1685 8427/5880/1685 8425/5878/1684
f 8428/5879/1685 8430/5881/1686 8429/5882/1686 8427/5880/1685
f 8430/5881/1686 8432/5883/1687 8431/5884/1687 8429/5882/1686
f 8432/5883/1687 8434/5885/1688 8433/5886/1688 8431/5884/1687
f 8434/5885/1688 8436/5887/1689 8435/5888/1689 8433/5886/1688
f 8436/5887/1689 8438/5889/1690 8437/5890/1690 8435/5888/1689
f 8438/5889/1690 8440/5891/1691 8439/5892/1691 8437/5890/1690
f 8440/5891/1691 8442/5893/1692 8441/5894/1692 8439/5892/1691
f 8442/5893/1692 8444/5895/1693 8443/5896/1693 8441/5894/1692
f 8444/5895/1693 8446/5897/1694 8445/5898/1694 8443/5896/1693
f 8446/5897/1694 8448/5899/1695 8447/5900/1695 8445/5898/1694
f 8448/5899/1695 8450/5901/1696 8449/5902/1696 8447/5900/1695
f 8450/5901/1696 8452/5903/1697 8451/5904/1697 8449/5902/1696
f 8452/5903/1697 8454/5905/666 8453/5906/666 8451/5904/1697
f 8454/5905/666 8456/5907/1698 8455/5908/1698 8453/5906/666
f 8456/5907/1698 8458/5909/1699 8457/5910/1699 8455/5908/1698
f 8458/5909/1699 8460/5911/1700 8459/5912/1700 8457/5910/1699
f 8460/5911/1700 8462/5913/1701 8461/5914/1701 8459/5912/1700
f 8462/5913/1701 8464/5915/1702 8463/5916/1702 8461/5914/1701
f 8464/5915/1702 8466/5917/1703 8465/5918/1703 8463/5916/1702
f 8466/5917/1703 8468/5919/1704 8467/5920/1704 8465/5918/1703
f 8468/5919/1704 8470/5921/1705 8469/5922/1705 8467/5920/1704
f 8470/5921/1705 8472/5923/1706 8471/5924/1706 8469/5922/1705
f 8472/5923/1706 8474/5925/1707 8473/5926/1707 8471/5924/1706
f 8474/5925/1707 8476/5927/1708 8475/5928/1708 8473/5926/1707
f 8476/5927/1708 8478/5929/1709 8477/5930/1709 8475/5928/1708
f 8478/5929/1709 8480/5931/1710 8479/5932/1710 8477/5930/1709
f 8480/5931/1710 8482/5933/1711 8481/5934/1711 8479/5932/1710
f 8482/5933/1711 8484/5935/1066 8483/5936/1066 8481/5934/1711
f 8484/5935/1066 8486/5937/1067 8485/5938/1067 8483/5936/1066
f 8486/5937/1067 8488/5939/1068 8487/5940/1068 8485/5938/1067
f 8488/5939/1068 8490/5941/1069 8489/5942/1069 8487/5940/1068
f 8490/5941/1069 8492/5943/1070 8491/5944/1070 8489/5942/1069
f 8492/5943/1070 8494/5945/1071 8493/5946/1071 8491/5944/1070
f 8494/5945/1071 8496/5947/1072 8495/5948/1072 8493/5946/1071
f 8496/5947/1072 8498/5949/1073 8497/5950/1073 8495/5948/1072
f 8498/5949/1073 8500/5951/1074 8499/5952/1074 8497/5950/1073
f 8500/5951/1074 8502/5953/1075 8501/5954/1075 8499/5952/1074
f 8502/5953/1075 8504/5955/1076 8503/5956/1076 8501/5954/1075
f 8504/5955/1076 8506/5957/1077 8505/5958/1077 8503/5956/1076
f 8506/5957/1077 8508/5959/1078 8507/5960/1078 8505/5958/1077
f 8508/5959/1078 8510/5961/1079 8509/5962/1079 8507/5960/1078
f 8510/5961/1079 8512/5963/1080 8511/5964/1080 8509/5962/1079
f 8512/5963/1080 8514/5965/1081 8513/5966/1081 8511/5964/1080
f 8514/5965/1081 8516/5967/1712 8515/5968/1712 8513/5966/1081
f 8516/5967/1712 8518/5969/1083 8517/5970/1083 8515/5968/1712
f 8518/5969/1083 8520/5971/1084 8519/5972/1084 8517/5970/1083
f 8520/5971/1084 8522/5973/1085 8521/5974/1085 8519/5972/1084
f 8522/5973/1085 8524/5975/1086 8523/5976/1086 8521/5974/1085
f 8524/5975/1086 8526/5977/1087 8525/5978/1087 8523/5976/1086
f 8526/5977/1087 8528/5979/1088 8527/5980/1088 8525/5978/1087
f 8528/5979/1088 8530/5981/1713 8529/5982/1713 8527/5980/1088
f 8530/5981/1713 8532/5983/1090 8531/5984/1090 8529/5982/1713
f 8532/5983/1090 8534/5985/1714 8533/5986/1714 8531/5984/1090
f 8534/5985/1714 8536/5987/1092 8535/5988/1092 8533/5986/1714
f 8536/5987/1092 8538/5989/1093 8537/5990/1093 8535/5988/1092
f 8538/5989/1093 8540/5991/1715 8539/5992/1715 8537/5990/1093
f 8540/5991/1715 8542/5993/1095 8541/5994/1095 8539/5992/1715
f 8542/5993/1095 8544/5995/1096 8543/5996/1096 8541/5994/1095
f 8544/5995/1096 8546/5997/1097 8545/5998/1097 8543/5996/1096
f 8546/5997/1097 8548/5999/1098 8547/6000/1098 8545/5998/1097
f 8548/5999/1098 8550/6001/1099 8549/6002/1099 8547/6000/1098
f 8550/6001/1099 8552/6003/1100 8551/6004/1100 8549/6002/1099
f 8552/6003/1100 8554/6005/1101 8553/6006/1101 8551/6004/1100
f 8554/6005/1101 8556/6007/1102 8555/6008/1102 8553/6006/1101
f 8556/6007/1102 8558/6009/866 8557/6010/866 8555/6008/1102
f 8558/6009/866 8560/6011/191 8559/6012/191 8557/6010/866
f 8560/6011/191 8562/6013/1698 8561/6014/1698 8559/6012/191
f 8562/6013/1698 8564/6015/1699 8563/6016/1699 8561/6014/1698
f 8564/6015/1699 8566/6017/1700 8565/6018/1700 8563/6016/1699
f 8566/6017/1700 8568/6019/1701 8567/6020/1701 8565/6018/1700
f 8568/6019/1701 8570/6021/1702 8569/6022/1702 8567/6020/1701
f 8570/6021/1702 8572/6023/1703 8571/6024/1703 8569/6022/1702
f 8572/6023/1703 8574/6025/1704 8573/6026/1704 8571/6024/1703
f 8574/6025/1704 8576/6027/1705 8575/6028/1705 8573/6026/1704
f 8576/6027/1705 8578/6029/1706 8577/6030/1706 8575/6028/1705
f 8578/6029/1706 8580/6031/1707 8579/6032/1707 8577/6030/1706
f 8580/6031/1707 8582/6033/1708 8581/6034/1708 8579/6032/1707
f 8582/6033/1708 8584/6035/1709 8583/6036/1709 8581/6034/1708
f 8584/6035/1709 8586/6037/1710 8585/6038/1710 8583/6036/1709
f 8586/6037/1710 8588/6039/1711 8587/6040/1711 8585/6038/1710
f 8588/6039/1711 7136/4149/1066 7135/69/1066 8587/6040/1711
f 8590/2464/1716 8592/6041/1717 8591/6042/1717 8589/473/1716
f 8592/6041/1717 8594/6043/1718 8593/6044/1718 8591/6042/1717
f 8594/6043/1718 8596/6045/1719 8595/6046/1719 8593/6044/1718
f 8596/6045/1719 8598/6047/1720 8597/6048/1720 8595/6046/1719
f 8598/6047/1720 8600/6049/1721 8599/6050/1721 8597/6048/1720
f 8600/6049/1721 8602/6051/1722 8601/6052/1722 8599/6050/1721
f 8602/6051/1722 8604/6053/1723 8603/6054/1723 8601/6052/1722
f 8604/6053/1723 8606/6055/1724 8605/6056/1724 8603/6054/1723
f 8606/6055/1724 8608/6057/1725 8607/6058/1725 8605/6056/1724
f 8608/6057/1725 8610/6059/1726 8609/6060/1726 8607/6058/1725
f 8610/6059/1726 8612/6061/1727 8611/6062/1727 8609/6060/1726
f 8612/6061/1727 8614/6063/1728 8613/6064/1728 8611/6062/1727
f 8614/6063/1728 8616/6065/1729 8615/6066/1729 8613/6064/1728
f 8616/6065/1729 8618/6067/1730 8617/6068/1730 8615/6066/1729
f 8618/6067/1730 8620/6069/1731 8619/6070/1731 8617/6068/1730
f 8620/6069/1731 8622/6071/1732 8621/6072/1732 8619/6070/1731
f 8622/6071/1732 8624/6073/1733 8623/6074/1733 8621/6072/1732
f 8624/6073/1733 8626/6075/1734 8625/6076/1734 8623/6074/1733
f 8626/6075/1734 8628/6077/1735 8627/6078/1735 8625/6076/1734
f 8628/6077/1735 8630/6079/1736 8629/6080/1736 8627/6078/1735
f 8630/6079/1736 8632/6081/1737 8631/6082/1737 8629/6080/1736
f 8632/6081/1737 8634/6083/1738 8633/6084/1738 8631/6082/1737
f 8634/6083/1738 8636/6085/1739 8635/6086/1739 8633/6084/1738
f 8636/6085/1739 8638/6087/1740 8637/6088/1740 8635/6086/1739
f 8638/6087/1740 8590/4149/1716 8589/69/1716 8637/6088/1740
f 8640/2464/1741 8642/6089/1742 8641/6090/1742 8639/473/1741
f 8642/6089/1742 8644/6091/1743 8643/6092/1743 8641/6090/1742
f 8644/6091/1743 8646/6093/1744 8645/6094/1744 8643/6092/1743
f 8646/6093/1744 8648/6095/1745 8647/6096/1745 8645/6094/1744
f 8648/6095/1745 8650/6097/1746 8649/6098/1746 8647/6096/1745
f 8650/6097/1746 8652/6099/1747 8651/6100/1747 8649/6098/1746
f 8652/6099/1747 8654/6101/1748 8653/6102/1748 8651/6100/1747
f 8654/6101/1748 8656/6103/1749 8655/6104/1749 8653/6102/1748
f 8656/6103/1749 8658/6105/1750 8657/6106/1750 8655/6104/1749
f 8658/6105/1750 8660/6107/1751 8659/6108/1751 8657/6106/1750
f 8660/6107/1751 8662/6109/1752 8661/6110/1752 8659/6108/1751
f 8662/6109/1752 8664/6111/1753 8663/6112/1753 8661/6110/1752
f 8664/6111/1753 8666/6113/1754 8665/6114/1754 8663/6112/1753
f 8666/6113/1754 8668/6115/1755 8667/6116/1755 8665/6114/1754
f 8668/6115/1755 8670/6117/1756 8669/6118/1756 8667/6116/1755
f 8670/6117/1756 8672/6119/1757 8671/6120/1757 8669/6118/1756
f 8672/6119/1757 8674/4217/1758 8673/1625/1758 8671/6120/1757
f 8674/4217/1758 8676/6121/1759 8675/6122/1759 8673/1625/1758
f 8676/6121/1759 8678/6123/1760 8677/6124/1760 8675/6122/1759
f 8678/6123/1760 8680/6125/1761 8679/6126/1761 8677/6124/1760
f 8680/6125/1761 8682/6127/1762 8681/6128/1762 8679/6126/1761
f 8682/6127/1762 8684/6129/1763 8683/6130/1763 8681/6128/1762
f 8684/6129/1763 8686/6131/1764 8685/6132/1764 8683/6130/1763
f 8686/6131/1764 8688/6133/1765 8687/6134/1765 8685/6132/1764
f 8688/6133/1765 8690/6135/1766 8689/6136/1766 8687/6134/1765
f 8690/6135/1766 8692/6137/1767 8691/6138/1767 8689/6136/1766
f 8692/6137/1767 8694/6139/1768 8693/6140/1768 8691/6138/1767
f 8694/6139/1768 8696/6141/1769 8695/6142/1769 8693/6140/1768
f 8696/6141/1769 8698/6143/1770 8697/6144/1770 8695/6142/1769
f 8698/6143/1770 8700/6145/1771 8699/6146/1771 8697/6144/1770
f 8700/6145/1771 8702/6147/1772 8701/6148/1772 8699/6146/1771
f 8702/6147/1772 8704/6149/1773 8703/6150/1773 8701/6148/1772
f 8704/6149/1773 8706/6151/1774 8705/6152/1774 8703/6150/1773
f 8706/6151/1774 8708/4236/1775 8707/452/1775 8705/6152/1774
f 8708/4236/1775 8710/6153/1776 8709/6154/1776 8707/452/1775
f 8710/6153/1776 8712/6155/1777 8711/6156/1777 8709/6154/1776
f 8712/6155/1777 8714/6157/1778 8713/6158/1778 8711/6156/1777
f 8714/6157/1778 8716/6159/1779 8715/6160/1779 8713/6158/1778
f 8716/6159/1779 8718/6161/1780 8717/6162/1780 8715/6160/1779
f 8718/6161/1780 8720/6163/1781 8719/6164/1781 8717/6162/1780
f 8720/6163/1781 8722/6165/1782 8721/6166/1782 8719/6164/1781
f 8722/6165/1782 8724/6167/1783 8723/6168/1783 8721/6166/1782
f 8724/6167/1783 8726/6169/1784 8725/6170/1784 8723/6168/1783
f 8726/6169/1784 8728/6171/1785 8727/6172/1785 8725/6170/1784
f 8728/6171/1785 8730/6173/1786 8729/6174/1786 8727/6172/1785
f 8730/6173/1786 8732/6175/1787 8731/6176/1787 8729/6174/1786
f 8732/6175/1787 8734/6177/1788 8733/6178/1788 8731/6176/1787
f 8734/6177/1788 8736/6179/1789 8735/6180/1789 8733/6178/1788
f 8736/6179/1789 8738/6181/1790 8737/6182/1790 8735/6180/1789
f 8738/6181/1790 8740/6183/1791 8739/6184/1791 8737/6182/1790
f 8740/6183/1791 8742/4255/1792 8741/2365/1792 8739/6184/1791
f 8742/4255/1792 8744/6185/1793 8743/6186/1793 8741/2365/1792
f 8744/6185/1793 8746/6187/1794 8745/6188/1794 8743/6186/1793
f 8746/6187/1794 8748/6189/1795 8747/6190/1795 8745/6188/1794
f 8748/6189/1795 8750/6191/1796 8749/6192/1796 8747/6190/1795
f 8750/6191/1796 8752/6193/1797 8751/6194/1797 8749/6192/1796
f 8752/6193/1797 8754/6195/1798 8753/6196/1798 8751/6194/1797
f 8754/6195/1798 8756/6197/1799 8755/6198/1799 8753/6196/1798
f 8756/6197/1799 8758/6199/1800 8757/6200/1800 8755/6198/1799
f 8758/6199/1800 8760/6201/1801 8759/6202/1801 8757/6200/1800
f 8760/6201/1801 8762/6203/1802 8761/6204/1802 8759/6202/1801
f 8762/6203/1802 8764/6205/1803 8763/6206/1803 8761/6204/1802
f 8764/6205/1803 8766/6207/1804 8765/6208/1804 8763/6206/1803
f 8766/6207/1804 8768/6209/1805 8767/6210/1805 8765/6208/1804
f 8768/6209/1805 8770/6211/1806 8769/6212/1806 8767/6210/1805
f 8770/6211/1806 8772/6213/1807 8771/6214/1807 8769/6212/1806
f 8772/6213/1807 8774/6215/1808 8773/6216/1808 8771/6214/1807
f 8774/6215/1808 8776/4174/1809 8775/173/1809 8773/6216/1808
f 8776/4174/1809 8778/6217/1810 8777/6218/1810 8775/173/1809
f 8778/6217/1810 8780/6219/1811 8779/6220/1811 8777/6218/1810
f 8780/6219/1811 8782/6221/1525 8781/6222/1525 8779/6220/1811
f 8782/6221/1525 8784/6223/1812 8783/6224/1812 8781/6222/1525
f 8784/6223/1812 8786/6225/1813 8785/6226/1813 8783/6224/1812
f 8786/6225/1813 8788/6227/1814 8787/6228/1814 8785/6226/1813
f 8788/6227/1814 8790/6229/1815 8789/6230/1815 8787/6228/1814
f 8790/6229/1815 8792/6231/1816 8791/6232/1816 8789/6230/1815
f 8792/6231/1816 8794/6233/1817 8793/6234/1817 8791/6232/1816
f 8794/6233/1817 8796/6235/1818 8795/6236/1818 8793/6234/1817
f 8796/6235/1818 8798/6237/1819 8797/6238/1819 8795/6236/1818
f 8798/6237/1819 8800/6239/1820 8799/6240/1820 8797/6238/1819
f 8800/6239/1820 8802/6241/1821 8801/6242/1821 8799/6240/1820
f 8802/6241/1821 8804/6243/1822 8803/6244/1822 8801/6242/1821
f 8804/6243/1822 8806/6245/1823 8805/6246/1823 8803/6244/1822
f 8806/6245/1823 8808/6247/1824 8807/6248/1824 8805/6246/1823
f 8808/6247/1824 8810/4292/1825 8809/1606/1825 8807/6248/1824
f 8810/4292/1825 8812/6249/1826 8811/6250/1826 8809/1606/1825
f 8812/6249/1826 8814/6251/1827 8813/6252/1827 8811/6250/1826
f 8814/6251/1827 8816/6253/1828 8815/6254/1828 8813/6252/1827
f 8816/6253/1828 8818/6255/1829 8817/6256/1829 8815/6254/1828
f 8818/6255/1829 8820/6257/1830 8819/6258/1830 8817/6256/1829
f 8820/6257/1830 8822/6259/1831 8821/6260/1831 8819/6258/1830
f 8822/6259/1831 8824/6261/1832 8823/6262/1832 8821/6260/1831
f 8824/6261/1832 8826/6263/1833 8825/6264/1833 8823/6262/1832
f 8826/6263/1833 8828/6265/1834 8827/6266/1834 8825/6264/1833
f 8828/6265/1834 8830/6267/1182 8829/6268/1182 8827/6266/1834
f 8830/6267/1182 8832/6269/1835 8831/6270/1835 8829/6268/1182
f 8832/6269/1835 8834/6271/1836 8833/6272/1836 8831/6270/1835
f 8834/6271/1836 8836/6273/1837 8835/6274/1837 8833/6272/1836
f 8836/6273/1837 8838/6275/1838 8837/6276/1838 8835/6274/1837
f 8838/6275/1838 8840/6277/1839 8839/6278/1839 8837/6276/1838
f 8840/6277/1839 8842/6279/1840 8841/6280/1840 8839/6278/1839
f 8842/6279/1840 8844/4311/1841 8843/156/1841 8841/6280/1840
f 8844/4311/1841 8846/6281/1842 8845/6282/1842 8843/156/1841
f 8846/6281/1842 8848/6283/1843 8847/6284/1843 8845/6282/1842
f 8848/6283/1843 8850/6285/1844 8849/6286/1844 8847/6284/1843
f 8850/6285/1844 8852/6287/1845 8851/6288/1845 8849/6286/1844
f 8852/6287/1845 8854/6289/1846 8853/6290/1846 8851/6288/1845
f 8854/6289/1846 8856/6291/1847 8855/6292/1847 8853/6290/1846
f 8856/6291/1847 8858/6293/1848 8857/6294/1848 8855/6292/1847
f 8858/6293/1848 8860/6295/1849 8859/6296/1849 8857/6294/1848
f 8860/6295/1849 8862/6297/1850 8861/6298/1850 8859/6296/1849
f 8862/6297/1850 8864/6299/1851 8863/6300/1851 8861/6298/1850
f 8864/6299/1851 8866/6301/1852 8865/6302/1852 8863/6300/1851
f 8866/6301/1852 8868/6303/1853 8867/6304/1853 8865/6302/1852
f 8868/6303/1853 8870/6305/1854 8869/6306/1854 8867/6304/1853
f 8870/6305/1854 8872/6307/1855 8871/6308/1855 8869/6306/1854
f 8872/6307/1855 8874/6309/1856 8873/6310/1856 8871/6308/1855
f 8874/6309/1856 8876/6311/1857 8875/6312/1857 8873/6310/1856
f 8876/6311/1857 8878/4330/1858 8877/1808/1858 8875/6312/1857
f 8878/4330/1858 8880/6313/1859 8879/6314/1859 8877/1808/1858
f 8880/6313/1859 8882/6315/1860 8881/6316/1860 8879/6314/1859
f 8882/6315/1860 8884/6317/1861 8883/6318/1861 8881/6316/1860
f 8884/6317/1861 8886/6319/1862 8885/6320/1862 8883/6318/1861
f 8886/6319/1862 8888/6321/1863 8887/6322/1863 8885/6320/1862
f 8888/6321/1863 8890/6323/1864 8889/6324/1864 8887/6322/1863
f 8890/6323/1864 8892/6325/1865 8891/6326/1865 8889/6324/1864
f 8892/6325/1865 8894/6327/1866 8893/6328/1866 8891/6326/1865
f 8894/6327/1866 8896/6329/1867 8895/6330/1867 8893/6328/1866
f 8896/6329/1867 8898/6331/1868 8897/6332/1868 8895/6330/1867
f 8898/6331/1868 8900/6333/1869 8899/6334/1869 8897/6332/1868
f 8900/6333/1869 8902/6335/1870 8901/6336/1870 8899/6334/1869
f 8902/6335/1870 8904/6337/1871 8903/6338/1871 8901/6336/1870
f 8904/6337/1871 8906/6339/1872 8905/6340/1872 8903/6338/1871
f 8906/6339/1872 8908/6341/1873 8907/6342/1873 8905/6340/1872
f 8908/6341/1873 8910/6343/1874 8909/6344/1874 8907/6342/1873
f 8910/6343/1874 8640/4149/1741 8639/69/1741 8909/6344/1874
f 8912/2464/368 8914/6345/369 8913/6346/369 8911/473/368
f 8914/6345/369 8916/6347/370 8915/6348/370 8913/6346/369
f 8916/6347/370 8918/6349/371 8917/6350/371 8915/6348/370
f 8918/6349/371 8920/6351/372 8919/6352/372 8917/6350/371
f 8920/6351/372 8922/6353/373 8921/6354/373 8919/6352/372
f 8922/6353/373 8924/6355/374 8923/6356/374 8921/6354/373
f 8924/6355/374 8926/6357/375 8925/6358/375 8923/6356/374
f 8926/6357/375 8928/6359/376 8927/6360/376 8925/6358/375
f 8928/6359/376 8930/6361/377 8929/6362/377 8927/6360/376
f 8930/6361/377 8932/6363/378 8931/6364/378 8929/6362/377
f 8932/6363/378 8934/6365/379 8933/6366/379 8931/6364/378
f 8934/6365/379 8936/6367/380 8935/6368/380 8933/6366/379
f 8936/6367/380 8938/6369/1875 8937/6370/1875 8935/6368/380
f 8938/6369/1875 8940/6371/1876 8939/6372/1876 8937/6370/1875
f 8940/6371/1876 8942/6373/1877 8941/6374/1877 8939/6372/1876
f 8942/6373/1877 8944/6375/1878 8943/6376/1878 8941/6374/1877
f 8944/6375/1878 8946/6377/1879 8945/6378/1879 8943/6376/1878
f 8946/6377/1879 8948/6379/1880 8947/6380/1880 8945/6378/1879
f 8948/6379/1880 8950/6381/1881 8949/6382/1881 8947/6380/1880
f 8950/6381/1881 8952/6383/1882 8951/6384/1882 8949/6382/1881
f 8952/6383/1882 8954/6385/1883 8953/6386/1883 8951/6384/1882
f 8954/6385/1883 8956/6387/1884 8955/6388/1884 8953/6386/1883
f 8956/6387/1884 8958/6389/1885 8957/6390/1885 8955/6388/1884
f 8958/6389/1885 8960/6391/1886 8959/6392/1886 8957/6390/1885
f 8960/6391/1886 8962/6393/1887 8961/6394/1887 8959/6392/1886
f 8962/6393/1887 8964/6395/1888 8963/6396/1888 8961/6394/1887
f 8964/6395/1888 8966/6397/1889 8965/6398/1889 8963/6396/1888
f 8966/6397/1889 8968/6399/1890 8967/6400/1890 8965/6398/1889
f 8968/6399/1890 8970/6401/1891 8969/6402/1891 8967/6400/1890
f 8970/6401/1891 8972/6403/1892 8971/6404/1892 8969/6402/1891
f 8972/6403/1892 8974/6405/1893 8973/6406/1893 8971/6404/1892
f 8974/6405/1893 8976/6407/1894 8975/6408/1894 8973/6406/1893
f 8976/6407/1894 8978/6409/1895 8977/6410/1895 8975/6408/1894
f 8978/6409/1895 8980/6411/1470 8979/6412/1470 8977/6410/1895
f 8980/6411/1470 8982/6413/1896 8981/6414/1896 8979/6412/1470
f 8982/6413/1896 8984/6415/1897 8983/6416/1897 8981/6414/1896
f 8984/6415/1897 8986/6417/1898 8985/6418/1898 8983/6416/1897
f 8986/6417/1898 8988/6419/1899 8987/6420/1899 8985/6418/1898
f 8988/6419/1899 8990/6421/1900 8989/6422/1900 8987/6420/1899
f 8990/6421/1900 8992/6423/1901 8991/6424/1901 8989/6422/1900
f 8992/6423/1901 8994/6425/1902 8993/6426/1902 8991/6424/1901
f 8994/6425/1902 8996/6427/1903 8995/6428/1903 8993/6426/1902
f 8996/6427/1903 8998/6429/1904 8997/6430/1904 8995/6428/1903
f 8998/6429/1904 9000/6431/1905 8999/6432/1905 8997/6430/1904
f 9000/6431/1905 9002/6433/1906 9001/6434/1906 8999/6432/1905
f 9002/6433/1906 9004/6435/1907 9003/6436/1907 9001/6434/1906
f 9004/6435/1907 9006/6437/1908 9005/6438/1908 9003/6436/1907
f 9006/6437/1908 9008/6439/1909 9007/6440/1909 9005/6438/1908
f 9008/6439/1909 9010/6441/1910 9009/6442/1910 9007/6440/1909
f 9010/6441/1910 9012/6443/1911 9011/6444/1911 9009/6442/1910
f 9012/6443/1911 9014/6445/1912 9013/6446/1912 9011/6444/1911
f 9014/6445/1912 9016/6447/1913 9015/6448/1913 9013/6446/1912
f 9016/6447/1913 9018/6449/1914 9017/6450/1914 9015/6448/1913
f 9018/6449/1914 9020/6451/1915 9019/6452/1915 9017/6450/1914
f 9020/6451/1915 9022/6453/1916 9021/6454/1916 9019/6452/1915
f 9022/6453/1916 9024/6455/1917 9023/6456/1917 9021/6454/1916
f 9024/6455/1917 9026/6457/1918 9025/6458/1918 9023/6456/1917
f 9026/6457/1918 9028/6459/1919 9027/6460/1919 9025/6458/1918
f 9028/6459/1919 9030/6461/1920 9029/6462/1920 9027/6460/1919
f 9030/6461/1920 9032/6463/1921 9031/6464/1921 9029/6462/1920
f 9032/6463/1921 9034/6465/1922 9033/6466/1922 9031/6464/1921
f 9034/6465/1922 9036/6467/1923 9035/6468/1923 9033/6466/1922
f 9036/6467/1923 9038/6469/1924 9037/6470/1924 9035/6468/1923
f 9038/6469/1924 9040/6471/1925 9039/6472/1925 9037/6470/1924
f 9040/6471/1925 9042/6473/1926 9041/6474/1926 9039/6472/1925
f 9042/6473/1926 9044/6475/1927 9043/6476/1927 9041/6474/1926
f 9044/6475/1927 9046/6477/1928 9045/6478/1928 9043/6476/1927
f 9046/6477/1928 9048/6479/1929 9047/6480/1929 9045/6478/1928
f 9048/6479/1929 9050/6481/1930 9049/6482/1930 9047/6480/1929
f 9050/6481/1930 9052/6483/1931 9051/6484/1931 9049/6482/1930
f 9052/6483/1931 9054/6485/1932 9053/6486/1932 9051/6484/1931
f 9054/6485/1932 9056/6487/1933 9055/6488/1933 9053/6486/1932
f 9056/6487/1933 9058/6489/1934 9057/6490/1934 9055/6488/1933
f 9058/6489/1934 9060/6491/1281 9059/6492/1281 9057/6490/1934
f 9060/6491/1281 9062/6493/1935 9061/6494/1935 9059/6492/1281
f 9062/6493/1935 9064/6495/1936 9063/6496/1936 9061/6494/1935
f 9064/6495/1936 9066/6497/1937 9065/6498/1937 9063/6496/1936
f 9066/6497/1937 9068/6499/1938 9067/6500/1938 9065/6498/1937
f 9068/6499/1938 9070/6501/1853 9069/6502/1853 9067/6500/1938
f 9070/6501/1853 9072/6503/1939 9071/6504/1939 9069/6502/1853
f 9072/6503/1939 9074/6505/1940 9073/6506/1940 9071/6504/1939
f 9074/6505/1940 9076/6507/1941 9075/6508/1941 9073/6506/1940
f 9076/6507/1941 9078/6509/1942 9077/6510/1942 9075/6508/1941
f 9078/6509/1942 9080/6511/1943 9079/6512/1943 9077/6510/1942
f 9080/6511/1943 9082/6513/1944 9081/6514/1944 9079/6512/1943
f 9082/6513/1944 9084/6515/1945 9083/6516/1945 9081/6514/1944
f 9084/6515/1945 9086/6517/1946 9085/6518/1946 9083/6516/1945
f 9086/6517/1946 9088/6519/1947 9087/6520/1947 9085/6518/1946
f 9088/6519/1947 9090/6521/1948 9089/6522/1948 9087/6520/1947
f 9090/6521/1948 9092/6523/1949 9091/6524/1949 9089/6522/1948
f 9092/6523/1949 9094/6525/1950 9093/6526/1950 9091/6524/1949
f 9094/6525/1950 9096/6527/1951 9095/6528/1951 9093/6526/1950
f 9096/6527/1951 9098/6529/1952 9097/6530/1952 9095/6528/1951
f 9098/6529/1952 9100/6531/1953 9099/6532/1953 9097/6530/1952
f 9100/6531/1953 9102/6533/1954 9101/6534/1954 9099/6532/1953
f 9102/6533/1954 9104/6535/1955 9103/6536/1955 9101/6534/1954
f 9104/6535/1955 9106/6537/701 9105/6538/701 9103/6536/1955
f 9106/6537/701 9108/6539/1956 9107/6540/1956 9105/6538/701
f 9108/6539/1956 9110/6541/1957 9109/6542/1957 9107/6540/1956
f 9110/6541/1957 9112/6543/1958 9111/6544/1958 9109/6542/1957
f 9112/6543/1958 9114/6545/1959 9113/6546/1959 9111/6544/1958
f 9114/6545/1959 9116/6547/1960 9115/6548/1960 9113/6546/1959
f 9116/6547/1960 9118/6549/1961 9117/6550/1961 9115/6548/1960
f 9118/6549/1961 9120/6551/1962 9119/6552/1962 9117/6550/1961
f 9120/6551/1962 9122/6553/1963 9121/6554/1963 9119/6552/1962
f 9122/6553/1963 9124/6555/1964 9123/6556/1964 9121/6554/1963
f 9124/6555/1964 9126/6557/1965 9125/6558/1965 9123/6556/1964
f 9126/6557/1965 9128/6559/1966 9127/6560/1966 9125/6558/1965
f 9128/6559/1966 9130/6561/1967 9129/6562/1967 9127/6560/1966
f 9130/6561/1967 9132/6563/1968 9131/6564/1968 9129/6562/1967
f 9132/6563/1968 9134/6565/1969 9133/6566/1969 9131/6564/1968
f 9134/6565/1969 9136/6567/1970 9135/6568/1970 9133/6566/1969
f 9136/6567/1970 9138/6569/1971 9137/6570/1971 9135/6568/1970
f 9138/6569/1971 9140/6571/1972 9139/6572/1972 9137/6570/1971
f 9140/6571/1972 9142/6573/1973 9141/6574/1973 9139/6572/1972
f 9142/6573/1973 9144/6575/1974 9143/6576/1974 9141/6574/1973
f 9144/6575/1974 9146/6577/1975 9145/6578/1975 9143/6576/1974
f 9146/6577/1975 9148/6579/1976 9147/6580/1976 9145/6578/1975
f 9148/6579/1976 9150/6581/1151 9149/6582/1151 9147/6580/1976
f 9150/6581/1151 9152/6583/1977 9151/6584/1977 9149/6582/1151
f 9152/6583/1977 9154/6585/1978 9153/6586/1978 9151/6584/1977
f 9154/6585/1978 9156/6587/1979 9155/6588/1979 9153/6586/1978
f 9156/6587/1979 9158/6589/1980 9157/6590/1980 9155/6588/1979
f 9158/6589/1980 9160/6591/1981 9159/6592/1981 9157/6590/1980
f 9160/6591/1981 9162/6593/1982 9161/6594/1982 9159/6592/1981
f 9162/6593/1982 9164/6595/1983 9163/6596/1983 9161/6594/1982
f 9164/6595/1983 9166/6597/1984 9165/6598/1984 9163/6596/1983
f 9166/6597/1984 9168/6599/1985 9167/6600/1985 9165/6598/1984
f 9168/6599/1985 9170/6601/1986 9169/6602/1986 9167/6600/1985
f 9170/6601/1986 9172/6603/1987 9171/6604/1987 9169/6602/1986
f 9172/6603/1987 9174/6605/1988 9173/6606/1988 9171/6604/1987
f 9174/6605/1988 9176/6607/1989 9175/6608/1989 9173/6606/1988
f 9176/6607/1989 9178/6609/1990 9177/6610/1990 9175/6608/1989
f 9178/6609/1990 9180/6611/1991 9179/6612/1991 9177/6610/1990
f 9180/6611/1991 9182/6613/1992 9181/6614/1992 9179/6612/1991
f 9182/6613/1992 9184/6615/1993 9183/6616/1993 9181/6614/1992
f 9184/6615/1993 9186/6617/1994 9185/6618/1994 9183/6616/1993
f 9186/6617/1994 9188/6619/1995 9187/6620/1995 9185/6618/1994
f 9188/6619/1995 9190/6621/1996 9189/6622/1996 9187/6620/1995
f 9190/6621/1996 9192/6623/1997 9191/6624/1997 9189/6622/1996
f 9192/6623/1997 9194/6625/1998 9193/6626/1998 9191/6624/1997
f 9194/6625/1998 9196/6627/1999 9195/6628/1999 9193/6626/1998
f 9196/6627/1999 9198/6629/2000 9197/6630/2000 9195/6628/1999
f 9198/6629/2000 9200/6631/2001 9199/6632/2001 9197/6630/2000
f 9200/6631/2001 9202/6633/2002 9201/6634/2002 9199/6632/2001
f 9202/6633/2002 9204/6635/2003 9203/6636/2003 9201/6634/2002
f 9204/6635/2003 9206/6637/2004 9205/6638/2004 9203/6636/2003
f 9206/6637/2004 9208/6639/1826 9207/6640/1826 9205/6638/2004
f 9208/6639/1826 9210/6641/2005 9209/6642/2005 9207/6640/1826
f 9210/6641/2005 9212/6643/2006 9211/6644/2006 9209/6642/2005
f 9212/6643/2006 9214/6645/2007 9213/6646/2007 9211/6644/2006
f 9214/6645/2007 9216/6647/2008 9215/6648/2008 9213/6646/2007
f 9216/6647/2008 9218/6649/2009 9217/6650/2009 9215/6648/2008
f 9218/6649/2009 9220/6651/2010 9219/6652/2010 9217/6650/2009
f 9220/6651/2010 9222/6653/2011 9221/6654/2011 9219/6652/2010
f 9222/6653/2011 9224/6655/2012 9223/6656/2012 9221/6654/2011
f 9224/6655/2012 9226/6657/2013 9225/6658/2013 9223/6656/2012
f 9226/6657/2013 9228/6659/2014 9227/6660/2014 9225/6658/2013
f 9228/6659/2014 9230/6661/1927 9229/6662/1927 9227/6660/2014
f 9230/6661/1927 9232/6663/2015 9231/6664/2015 9229/6662/1927
f 9232/6663/2015 9234/6665/2016 9233/6666/2016 9231/6664/2015
f 9234/6665/2016 9236/6667/2017 9235/6668/2017 9233/6666/2016
f 9236/6667/2017 9238/6669/2018 9237/6670/2018 9235/6668/2017
f 9238/6669/2018 9240/6671/2019 9239/6672/2019 9237/6670/2018
f 9240/6671/2019 9242/6673/2020 9241/6674/2020 9239/6672/2019
f 9242/6673/2020 9244/6675/2021 9243/6676/2021 9241/6674/2020
f 9244/6675/2021 9246/6677/2022 9245/6678/2022 9243/6676/2021
f 9246/6677/2022 9248/6679/2023 9247/6680/2023 9245/6678/2022
f 9248/6679/2023 9250/6681/2024 9249/6682/2024 9247/6680/2023
f 9250/6681/2024 9252/6683/2025 9251/6684/2025 9249/6682/2024
f 9252/6683/2025 9254/6685/2026 9253/6686/2026 9251/6684/2025
f 9254/6685/2026 9256/6687/2027 9255/6688/2027 9253/6686/2026
f 9256/6687/2027 9258/6689/2028 9257/6690/2028 9255/6688/2027
f 9258/6689/2028 9260/6691/2029 9259/6692/2029 9257/6690/2028
f 9260/6691/2029 9262/6693/2030 9261/6694/2030 9259/6692/2029
f 9262/6693/2030 9264/6695/2031 9263/6696/2031 9261/6694/2030
f 9264/6695/2031 9266/6697/2032 9265/6698/2032 9263/6696/2031
f 9266/6697/2032 9268/6699/2033 9267/6700/2033 9265/6698/2032
f 9268/6699/2033 9270/6701/2034 9269/6702/2034 9267/6700/2033
f 9270/6701/2034 9272/6703/2035 9271/6704/2035 9269/6702/2034
f 9272/6703/2035 9274/6705/2036 9273/6706/2036 9271/6704/2035
f 9274/6705/2036 9276/6707/2037 9275/6708/2037 9273/6706/2036
f 9276/6707/2037 9278/6709/2038 9277/6710/2038 9275/6708/2037
f 9278/6709/2038 9280/6711/2039 9279/6712/2039 9277/6710/2038
f 9280/6711/2039 9282/6713/2040 9281/6714/2040 9279/6712/2039
f 9282/6713/2040 9284/6715/2041 9283/6716/2041 9281/6714/2040
f 9284/6715/2041 9286/6717/2042 9285/6718/2042 9283/6716/2041
f 9286/6717/2042 9288/6719/2043 9287/6720/2043 9285/6718/2042
f 9288/6719/2043 9290/6721/2044 9289/6722/2044 9287/6720/2043
f 9290/6721/2044 9292/6723/2045 9291/6724/2045 9289/6722/2044
f 9292/6723/2045 9294/6725/2046 9293/6726/2046 9291/6724/2045
f 9294/6725/2046 9296/6727/2047 9295/6728/2047 9293/6726/2046
f 9296/6727/2047 9298/6729/2048 9297/6730/2048 9295/6728/2047
f 9298/6729/2048 9300/6731/2049 9299/6732/2049 9297/6730/2048
f 9300/6731/2049 9302/6733/2050 9301/6734/2050 9299/6732/2049
f 9302/6733/2050 9304/6735/2051 9303/6736/2051 9301/6734/2050
f 9304/6735/2051 9306/6737/2052 9305/6738/2052 9303/6736/2051
f 9306/6737/2052 9308/6739/2053 9307/6740/2053 9305/6738/2052
f 9308/6739/2053 9310/6741/2054 9309/6742/2054 9307/6740/2053
f 9310/6741/2054 9312/6743/2055 9311/6744/2055 9309/6742/2054
f 9312/6743/2055 9314/6745/2056 9313/6746/2056 9311/6744/2055
f 9314/6745/2056 9316/6747/2057 9315/6748/2057 9313/6746/2056
f 9316/6747/2057 9318/6749/2058 9317/6750/2058 9315/6748/2057
f 9318/6749/2058 9320/6751/2059 9319/6752/2059 9317/6750/2058
f 9320/6751/2059 9322/6753/2060 9321/6754/2060 9319/6752/2059
f 9322/6753/2060 9324/6755/2061 9323/6756/2061 9321/6754/2060
f 9324/6755/2061 9326/6757/2062 9325/6758/2062 9323/6756/2061
f 9326/6757/2062 9328/6759/2063 9327/6760/2063 9325/6758/2062
f 9328/6759/2063 9330/6761/2064 9329/6762/2064 9327/6760/2063
f 9330/6761/2064 9332/6763/2065 9331/6764/2065 9329/6762/2064
f 9332/6763/2065 9334/6765/2066 9333/6766/2066 9331/6764/2065
f 9334/6765/2066 9336/6767/2067 9335/6768/2067 9333/6766/2066
f 9336/6767/2067 9338/6769/2068 9337/6770/2068 9335/6768/2067
f 9338/6769/2068 9340/6771/2069 9339/6772/2069 9337/6770/2068
f 9340/6771/2069 9342/6773/2070 9341/6774/2070 9339/6772/2069
f 9342/6773/2070 9344/6775/2071 9343/6776/2071 9341/6774/2070
f 9344/6775/2071 9346/6777/2072 9345/6778/2072 9343/6776/2071
f 9346/6777/2072 9348/6779/2073 9347/6780/2073 9345/6778/2072
f 9348/6779/2073 9350/6781/2074 9349/6782/2074 9347/6780/2073
f 9350/6781/2074 9352/6783/2075 9351/6784/2075 9349/6782/2074
f 9352/6783/2075 9354/6785/2076 9353/6786/2076 9351/6784/2075
f 9354/6785/2076 9356/6787/2077 9355/6788/2077 9353/6786/2076
f 9356/6787/2077 9358/6789/2078 9357/6790/2078 9355/6788/2077
f 9358/6789/2078 9360/6791/2079 9359/6792/2079 9357/6790/2078
f 9360/6791/2079 9362/6793/2080 9361/6794/2080 9359/6792/2079
f 9362/6793/2080 9364/6795/2081 9363/6796/2081 9361/6794/2080
f 9364/6795/2081 9366/6797/2082 9365/6798/2082 9363/6796/2081
f 9366/6797/2082 9368/6799/2083 9367/6800/2083 9365/6798/2082
f 9368/6799/2083 9370/6801/2084 9369/6802/2084 9367/6800/2083
f 9370/6801/2084 9372/6803/2085 9371/6804/2085 9369/6802/2084
f 9372/6803/2085 9374/6805/2086 9373/6806/2086 9371/6804/2085
f 9374/6805/2086 9376/6807/2087 9375/6808/2087 9373/6806/2086
f 9376/6807/2087 9378/6809/2088 9377/6810/2088 9375/6808/2087
f 9378/6809/2088 9380/6811/2089 9379/6812/2089 9377/6810/2088
f 9380/6811/2089 9382/6813/2090 9381/6814/2090 9379/6812/2089
f 9382/6813/2090 9384/6815/2091 9383/6816/2091 9381/6814/2090
f 9384/6815/2091 9386/6817/2092 9385/6818/2092 9383/6816/2091
f 9386/6817/2092 9388/6819/2093 9387/6820/2093 9385/6818/2092
f 9388/6819/2093 9390/6821/2094 9389/6822/2094 9387/6820/2093
f 9390/6821/2094 9392/6823/2095 9391/6824/2095 9389/6822/2094
f 9392/6823/2095 9394/6825/2096 9393/6826/2096 9391/6824/2095
f 9394/6825/2096 9396/6827/2097 9395/6828/2097 9393/6826/2096
f 9396/6827/2097 9398/6829/2098 9397/6830/2098 9395/6828/2097
f 9398/6829/2098 9400/6831/2099 9399/6832/2099 9397/6830/2098
f 9400/6831/2099 9402/6833/2100 9401/6834/2100 9399/6832/2099
f 9402/6833/2100 9404/6835/2101 9403/6836/2101 9401/6834/2100
f 9404/6835/2101 9406/6837/2102 9405/6838/2102 9403/6836/2101
f 9406/6837/2102 9408/6839/2103 9407/6840/2103 9405/6838/2102
f 9408/6839/2103 9410/6841/2104 9409/6842/2104 9407/6840/2103
f 9410/6841/2104 9412/6843/2105 9411/6844/2105 9409/6842/2104
f 9412/6843/2105 9414/6845/2106 9413/6846/2106 9411/6844/2105
f 9414/6845/2106 9416/6847/2107 9415/6848/2107 9413/6846/2106
f 9416/6847/2107 9418/6849/2108 9417/6850/2108 9415/6848/2107
f 9418/6849/2108 9420/6851/2109 9419/6852/2109 9417/6850/2108
f 9420/6851/2109 9422/6853/2110 9421/6854/2110 9419/6852/2109
f 9422/6853/2110 9424/6855/2111 9423/6856/2111 9421/6854/2110
f 9424/6855/2111 9426/6857/2112 9425/6858/2112 9423/6856/2111
f 9426/6857/2112 9428/6859/2113 9427/6860/2113 9425/6858/2112
f 9428/6859/2113 9430/6861/2114 9429/6862/2114 9427/6860/2113
f 9430/6861/2114 9432/6863/2115 9431/6864/2115 9429/6862/2114
f 9432/6863/2115 9434/6865/2116 9433/6866/2116 9431/6864/2115
f 9434/6865/2116 9436/6867/690 9435/6868/690 9433/6866/2116
f 9436/6867/690 9438/6869/2117 9437/6870/2117 9435/6868/690
f 9438/6869/2117 9440/6871/2118 9439/6872/2118 9437/6870/2117
f 9440/6871/2118 9442/6873/2119 9441/6874/2119 9439/6872/2118
f 9442/6873/2119 9444/6875/2120 9443/6876/2120 9441/6874/2119
f 9444/6875/2120 9446/6877/2121 9445/6878/2121 9443/6876/2120
f 9446/6877/2121 9448/6879/2122 9447/6880/2122 9445/6878/2121
f 9448/6879/2122 9450/6881/2123 9449/6882/2123 9447/6880/2122
f 9450/6881/2123 9452/6883/2124 9451/6884/2124 9449/6882/2123
f 9452/6883/2124 9454/6885/2125 9453/6886/2125 9451/6884/2124
f 9454/6885/2125 9456/6887/2126 9455/6888/2126 9453/6886/2125
f 9456/6887/2126 9458/6889/2127 9457/6890/2127 9455/6888/2126
f 9458/6889/2127 9460/6891/2128 9459/6892/2128 9457/6890/2127
f 9460/6891/2128 9462/6893/2129 9461/6894/2129 9459/6892/2128
f 9462/6893/2129 9464/6895/2130 9463/6896/2130 9461/6894/2129
f 9464/6895/2130 9466/6897/2131 9465/6898/2131 9463/6896/2130
f 9466/6897/2131 9468/6899/79 9467/6900/79 9465/6898/2131
f 9468/6899/79 9470/6901/80 9469/6902/80 9467/6900/79
f 9470/6901/80 9472/6903/2132 9471/6904/2132 9469/6902/80
f 9472/6903/2132 9474/6905/82 9473/6906/82 9471/6904/2132
f 9474/6905/82 9476/6907/83 9475/6908/83 9473/6906/82
f 9476/6907/83 9478/6909/84 9477/6910/84 9475/6908/83
f 9478/6909/84 9480/6911/85 9479/6912/85 9477/6910/84
f 9480/6911/85 9482/6913/86 9481/6914/86 9479/6912/85
f 9482/6913/86 9484/6915/2133 9483/6916/2133 9481/6914/86
f 9484/6915/2133 9486/6917/88 9485/6918/88 9483/6916/2133
f 9486/6917/88 9488/6919/89 9487/6920/89 9485/6918/88
f 9488/6919/89 9490/6921/90 9489/6922/90 9487/6920/89
f 9490/6921/90 9492/6923/91 9491/6924/91 9489/6922/90
f 9492/6923/91 9494/6925/2134 9493/6926/2134 9491/6924/91
f 9494/6925/2134 9496/6927/93 9495/6928/93 9493/6926/2134
f 9496/6927/93 9498/6929/94 9497/6930/94 9495/6928/93
f 9498/6929/94 9500/6931/95 9499/6932/95 9497/6930/94
f 9500/6931/95 9502/6933/2135 9501/6934/2135 9499/6932/95
f 9502/6933/2135 9504/6935/97 9503/6936/97 9501/6934/2135
f 9504/6935/97 9506/6937/98 9505/6938/98 9503/6936/97
f 9506/6937/98 9508/6939/99 9507/6940/99 9505/6938/98
f 9508/6939/99 9510/6941/100 9509/6942/100 9507/6940/99
f 9510/6941/100 9512/6943/101 9511/6944/101 9509/6942/100
f 9512/6943/101 9514/6945/102 9513/6946/102 9511/6944/101
f 9514/6945/102 9516/6947/103 9515/6948/103 9513/6946/102
f 9516/6947/103 9518/6949/104 9517/6950/104 9515/6948/103
f 9518/6949/104 9520/6951/105 9519/6952/105 9517/6950/104
f 9520/6951/105 9522/6953/106 9521/6954/106 9519/6952/105
f 9522/6953/106 9524/6955/107 9523/6956/107 9521/6954/106
f 9524/6955/107 9526/6957/108 9525/6958/108 9523/6956/107
f 9526/6957/108 9528/6959/109 9527/6960/109 9525/6958/108
f 9528/6959/109 9530/6961/110 9529/6962/110 9527/6960/109
f 9530/6961/110 9532/6963/111 9531/6964/111 9529/6962/110
f 9532/6963/111 9534/6965/112 9533/6966/112 9531/6964/111
f 9534/6965/112 9536/6967/113 9535/6968/113 9533/6966/112
f 9536/6967/113 9538/6969/114 9537/6970/114 9535/6968/113
f 9538/6969/114 9540/6971/115 9539/6972/115 9537/6970/114
f 9540/6971/115 9542/6973/116 9541/6974/116 9539/6972/115
f 9542/6973/116 9544/6975/2136 9543/6976/2136 9541/6974/116
f 9544/6975/2136 9546/6977/2137 9545/6978/2137 9543/6976/2136
f 9546/6977/2137 9548/6979/119 9547/6980/119 9545/6978/2137
f 9548/6979/119 9550/6981/120 9549/6982/120 9547/6980/119
f 9550/6981/120 9552/6983/121 9551/6984/121 9549/6982/120
f 9552/6983/121 9554/6985/122 9553/6986/122 9551/6984/121
f 9554/6985/122 9556/6987/123 9555/6988/123 9553/6986/122
f 9556/6987/123 9558/6989/124 9557/6990/124 9555/6988/123
f 9558/6989/124 9560/6991/125 9559/6992/125 9557/6990/124
f 9560/6991/125 9562/6993/126 9561/6994/126 9559/6992/125
f 9562/6993/126 9564/6995/127 9563/6996/127 9561/6994/126
f 9564/6995/127 9566/6997/2138 9565/6998/2138 9563/6996/127
f 9566/6997/2138 9568/6999/129 9567/7000/129 9565/6998/2138
f 9568/6999/129 9570/7001/130 9569/7002/130 9567/7000/129
f 9570/7001/130 9572/7003/2139 9571/7004/2139 9569/7002/130
f 9572/7003/2139 9574/7005/2140 9573/7006/2140 9571/7004/2139
f 9574/7005/2140 9576/7007/1531 9575/7008/1531 9573/7006/2140
f 9576/7007/1531 9578/7009/2141 9577/7010/2141 9575/7008/1531
f 9578/7009/2141 9580/7011/2142 9579/7012/2142 9577/7010/2141
f 9580/7011/2142 9582/7013/2143 9581/7014/2143 9579/7012/2142
f 9582/7013/2143 9584/7015/2144 9583/7016/2144 9581/7014/2143
f 9584/7015/2144 9586/7017/2145 9585/7018/2145 9583/7016/2144
f 9586/7017/2145 9588/7019/2146 9587/7020/2146 9585/7018/2145
f 9588/7019/2146 9590/7021/2147 9589/7022/2147 9587/7020/2146
f 9590/7021/2147 9592/7023/2148 9591/7024/2148 9589/7022/2147
f 9592/7023/2148 9594/7025/2149 9593/7026/2149 9591/7024/2148
f 9594/7025/2149 9596/7027/2150 9595/7028/2150 9593/7026/2149
f 9596/7027/2150 9598/7029/2151 9597/7030/2151 9595/7028/2150
f 9598/7029/2151 9600/7031/2152 9599/7032/2152 9597/7030/2151
f 9600/7031/2152 9602/7033/2153 9601/7034/2153 9599/7032/2152
f 9602/7033/2153 9604/7035/2154 9603/7036/2154 9601/7034/2153
f 9604/7035/2154 9606/7037/2155 9605/7038/2155 9603/7036/2154
f 9606/7037/2155 9608/7039/2156 9607/7040/2156 9605/7038/2155
f 9608/7039/2156 9610/7041/2157 9609/7042/2157 9607/7040/2156
f 9610/7041/2157 9612/7043/2158 9611/7044/2158 9609/7042/2157
f 9612/7043/2158 9614/7045/2159 9613/7046/2159 9611/7044/2158
f 9614/7045/2159 9616/7047/2160 9615/7048/2160 9613/7046/2159
f 9616/7047/2160 9618/7049/2161 9617/7050/2161 9615/7048/2160
f 9618/7049/2161 9620/7051/2162 9619/7052/2162 9617/7050/2161
f 9620/7051/2162 9622/7053/2163 9621/7054/2163 9619/7052/2162
f 9622/7053/2163 9624/7055/2164 9623/7056/2164 9621/7054/2163
f 9624/7055/2164 9626/7057/2165 9625/7058/2165 9623/7056/2164
f 9626/7057/2165 9628/7059/2166 9627/7060/2166 9625/7058/2165
f 9628/7059/2166 9630/7061/2167 9629/7062/2167 9627/7060/2166
f 9630/7061/2167 9632/7063/2168 9631/7064/2168 9629/7062/2167
f 9632/7063/2168 9634/7065/2169 9633/7066/2169 9631/7064/2168
f 9634/7065/2169 9636/7067/2170 9635/7068/2170 9633/7066/2169
f 9636/7067/2170 9638/7069/2171 9637/7070/2171 9635/7068/2170
f 9638/7069/2171 9640/7071/2172 9639/7072/2172 9637/7070/2171
f 9640/7071/2172 9642/7073/2173 9641/7074/2173 9639/7072/2172
f 9642/7073/2173 9644/7075/2174 9643/7076/2174 9641/7074/2173
f 9644/7075/2174 9646/7077/2175 9645/7078/2175 9643/7076/2174
f 9646/7077/2175 9648/7079/2176 9647/7080/2176 9645/7078/2175
f 9648/7079/2176 9650/7081/2177 9649/7082/2177 9647/7080/2176
f 9650/7081/2177 9652/7083/2178 9651/7084/2178 9649/7082/2177
f 9652/7083/2178 9654/7085/2179 9653/7086/2179 9651/7084/2178
f 9654/7085/2179 9656/7087/2180 9655/7088/2180 9653/7086/2179
f 9656/7087/2180 9658/7089/2181 9657/7090/2181 9655/7088/2180
f 9658/7089/2181 9660/7091/2182 9659/7092/2182 9657/7090/2181
f 9660/7091/2182 9662/7093/2183 9661/7094/2183 9659/7092/2182
f 9662/7093/2183 9664/7095/2184 9663/7096/2184 9661/7094/2183
f 9664/7095/2184 9666/7097/2185 9665/7098/2185 9663/7096/2184
f 9666/7097/2185 9668/7099/2186 9667/7100/2186 9665/7098/2185
f 9668/7099/2186 9670/7101/2187 9669/7102/2187 9667/7100/2186
f 9670/7101/2187 9672/7103/2188 9671/7104/2188 9669/7102/2187
f 9672/7103/2188 9674/7105/2189 9673/7106/2189 9671/7104/2188
f 9674/7105/2189 9676/7107/2190 9675/7108/2190 9673/7106/2189
f 9676/7107/2190 9678/7109/2191 9677/7110/2191 9675/7108/2190
f 9678/7109/2191 9680/7111/2192 9679/7112/2192 9677/7110/2191
f 9680/7111/2192 9682/7113/2193 9681/7114/2193 9679/7112/2192
f 9682/7113/2193 9684/7115/2194 9683/7116/2194 9681/7114/2193
f 9684/7115/2194 9686/7117/2195 9685/7118/2195 9683/7116/2194
f 9686/7117/2195 9688/7119/2196 9687/7120/2196 9685/7118/2195
f 9688/7119/2196 9690/7121/2197 9689/7122/2197 9687/7120/2196
f 9690/7121/2197 9692/7123/2198 9691/7124/2198 9689/7122/2197
f 9692/7123/2198 9694/7125/2199 9693/7126/2199 9691/7124/2198
f 9694/7125/2199 9696/7127/2200 9695/7128/2200 9693/7126/2199
f 9696/7127/2200 9698/7129/2201 9697/7130/2201 9695/7128/2200
f 9698/7129/2201 9700/7131/2202 9699/7132/2202 9697/7130/2201
f 9700/7131/2202 9702/7133/1219 9701/7134/1219 9699/7132/2202
f 9702/7133/1219 9704/7135/2203 9703/7136/2203 9701/7134/1219
f 9704/7135/2203 9706/7137/2204 9705/7138/2204 9703/7136/2203
f 9706/7137/2204 9708/7139/2205 9707/7140/2205 9705/7138/2204
f 9708/7139/2205 9710/7141/2206 9709/7142/2206 9707/7140/2205
f 9710/7141/2206 9712/7143/2207 9711/7144/2207 9709/7142/2206
f 9712/7143/2207 9714/7145/2208 9713/7146/2208 9711/7144/2207
f 9714/7145/2208 9716/7147/2209 9715/7148/2209 9713/7146/2208
f 9716/7147/2209 9718/7149/2210 9717/7150/2210 9715/7148/2209
f 9718/7149/2210 9720/7151/2211 9719/7152/2211 9717/7150/2210
f 9720/7151/2211 9722/7153/2189 9721/7154/2189 9719/7152/2211
f 9722/7153/2189 9724/7155/2212 9723/7156/2212 9721/7154/2189
f 9724/7155/2212 9726/7157/2213 9725/7158/2213 9723/7156/2212
f 9726/7157/2213 9728/7159/2214 9727/7160/2214 9725/7158/2213
f 9728/7159/2214 9730/7161/2215 9729/7162/2215 9727/7160/2214
f 9730/7161/2215 9732/7163/2216 9731/7164/2216 9729/7162/2215
f 9732/7163/2216 9734/7165/2217 9733/7166/2217 9731/7164/2216
f 9734/7165/2217 9736/7167/2218 9735/7168/2218 9733/7166/2217
f 9736/7167/2218 9738/7169/2219 9737/7170/2219 9735/7168/2218
f 9738/7169/2219 9740/7171/2220 9739/7172/2220 9737/7170/2219
f 9740/7171/2220 9742/7173/2221 9741/7174/2221 9739/7172/2220
f 9742/7173/2221 9744/7175/2222 9743/7176/2222 9741/7174/2221
f 9744/7175/2222 9746/7177/2223 9745/7178/2223 9743/7176/2222
f 9746/7177/2223 9748/7179/2224 9747/7180/2224 9745/7178/2223
f 9748/7179/2224 9750/7181/2225 9749/7182/2225 9747/7180/2224
f 9750/7181/2225 9752/7183/2226 9751/7184/2226 9749/7182/2225
f 9752/7183/2226 9754/7185/2227 9753/7186/2227 9751/7184/2226
f 9754/7185/2227 9756/7187/2228 9755/7188/2228 9753/7186/2227
f 9756/7187/2228 9758/7189/2229 9757/7190/2229 9755/7188/2228
f 9758/7189/2229 9760/7191/2230 9759/7192/2230 9757/7190/2229
f 9760/7191/2230 9762/7193/2231 9761/7194/2231 9759/7192/2230
f 9762/7193/2231 9764/7195/2232 9763/7196/2232 9761/7194/2231
f 9764/7195/2232 9766/7197/2233 9765/7198/2233 9763/7196/2232
f 9766/7197/2233 9768/7199/756 9767/7200/756 9765/7198/2233
f 9768/7199/756 9770/7201/2234 9769/7202/2234 9767/7200/756
f 9770/7201/2234 9772/7203/2235 9771/7204/2235 9769/7202/2234
f 9772/7203/2235 9774/7205/330 9773/7206/330 9771/7204/2235
f 9774/7205/330 9776/7207/331 9775/7208/331 9773/7206/330
f 9776/7207/331 9778/7209/332 9777/7210/332 9775/7208/331
f 9778/7209/332 9780/7211/333 9779/7212/333 9777/7210/332
f 9780/7211/333 9782/7213/334 9781/7214/334 9779/7212/333
f 9782/7213/334 9784/7215/335 9783/7216/335 9781/7214/334
f 9784/7215/335 9786/7217/336 9785/7218/336 9783/7216/335
f 9786/7217/336 9788/7219/337 9787/7220/337 9785/7218/336
f 9788/7219/337 9790/7221/338 9789/7222/338 9787/7220/337
f 9790/7221/338 9792/7223/339 9791/7224/339 9789/7222/338
f 9792/7223/339 9794/7225/340 9793/7226/340 9791/7224/339
f 9794/7225/340 9796/7227/341 9795/7228/341 9793/7226/340
f 9796/7227/341 9798/7229/342 9797/7230/342 9795/7228/341
f 9798/7229/342 9800/7231/2236 9799/7232/2236 9797/7230/342
f 9800/7231/2236 9802/7233/344 9801/7234/344 9799/7232/2236
f 9802/7233/344 9804/7235/345 9803/7236/345 9801/7234/344
f 9804/7235/345 9806/7237/2237 9805/7238/2237 9803/7236/345
f 9806/7237/2237 9808/7239/347 9807/7240/347 9805/7238/2237
f 9808/7239/347 9810/7241/2238 9809/7242/2238 9807/7240/347
f 9810/7241/2238 9812/7243/349 9811/7244/349 9809/7242/2238
f 9812/7243/349 9814/7245/350 9813/7246/350 9811/7244/349
f 9814/7245/350 9816/7247/351 9815/7248/351 9813/7246/350
f 9816/7247/351 9818/7249/352 9817/7250/352 9815/7248/351
f 9818/7249/352 9820/7251/353 9819/7252/353 9817/7250/352
f 9820/7251/353 9822/7253/354 9821/7254/354 9819/7252/353
f 9822/7253/354 9824/7255/355 9823/7256/355 9821/7254/354
f 9824/7255/355 9826/7257/356 9825/7258/356 9823/7256/355
f 9826/7257/356 9828/7259/357 9827/7260/357 9825/7258/356
f 9828/7259/357 9830/7261/358 9829/7262/358 9827/7260/357
f 9830/7261/358 9832/7263/359 9831/7264/359 9829/7262/358
f 9832/7263/359 9834/7265/360 9833/7266/360 9831/7264/359
f 9834/7265/360 9836/7267/361 9835/7268/361 9833/7266/360
f 9836/7267/361 9838/7269/2239 9837/7270/2239 9835/7268/361
f 9838/7269/2239 9840/7271/363 9839/7272/363 9837/7270/2239
f 9840/7271/363 9842/7273/364 9841/7274/364 9839/7272/363
f 9842/7273/364 9844/7275/365 9843/7276/365 9841/7274/364
f 9844/7275/365 9846/7277/366 9845/7278/366 9843/7276/365
f 9846/7277/366 9848/7279/367 9847/7280/367 9845/7278/366
f 9848/7279/367 8912/4149/368 8911/69/368 9847/7280/367
f 9850/2464/866 9852/4236/191 9851/452/191 9849/473/866
f 9852/4236/191 9854/4174/641 9853/173/641 9851/452/191
f 9854/4174/641 9856/4311/679 9855/156/679 9853/173/641
f 9856/4311/679 9850/4149/866 9849/69/866 9855/156/679
f 9858/2464/679 9860/4236/866 9859/452/866 9857/473/679
f 9860/4236/866 9862/4174/191 9861/173/191 9859/452/866
f 9862/4174/191 9864/4311/641 9863/156/641 9861/173/191
f 9864/4311/641 9858/4149/679 9857/69/679 9863/156/641
f 9866/2464/191 9868/4236/641 9867/452/641 9865/473/191
f 9868/4236/641 9870/4174/679 9869/173/679 9867/452/641
f 9870/4174/679 9872/4311/866 9871/156/866 9869/173/679
f 9872/4311/866 9866/4149/191 9865/69/191 9871/156/866
f 9874/2464/641 9876/4236/679 9875/452/679 9873/473/641
f 9876/4236/679 9878/4174/866 9877/173/866 9875/452/679
f 9878/4174/866 9880/4311/191 9879/156/191 9877/173/866
f 9880/4311/191 9874/4149/641 9873/69/641 9879/156/191
