# Blender 4.1.1
# www.blender.org
mtllib deathparticle.mtl
o 球
v 0.188149 -0.512566 0.037927
v 0.191175 -0.510581 0.037221
v 0.184929 -0.515036 0.040426
v 0.187577 -0.513348 0.039464
v 0.191565 -0.510883 0.038864
v 0.185147 -0.515161 0.041789
v 0.188365 -0.513232 0.041239
v 0.192146 -0.510853 0.040669
v 0.180708 -0.514817 0.034313
v 0.183991 -0.512573 0.033302
v 0.188210 -0.509620 0.031998
v 0.177070 -0.518085 0.037207
v 0.180180 -0.515984 0.036002
v 0.184734 -0.513180 0.035048
v 0.189213 -0.510148 0.033810
v 0.174008 -0.520665 0.039996
v 0.176754 -0.518928 0.038873
v 0.181178 -0.516307 0.037998
v 0.185855 -0.513461 0.037102
v 0.190222 -0.510457 0.035680
v 0.174312 -0.520903 0.041409
v 0.177801 -0.518935 0.040731
v 0.182175 -0.516391 0.040024
v 0.185187 -0.514430 0.038863
v 0.174701 -0.520959 0.043141
v 0.178225 -0.519042 0.042616
v 0.181967 -0.516893 0.042101
v 0.176727 -0.513500 0.030038
v 0.180047 -0.511058 0.028785
v 0.184211 -0.507870 0.027181
v 0.169860 -0.519817 0.034497
v 0.172651 -0.517870 0.033425
v 0.176377 -0.515030 0.031726
v 0.181045 -0.511881 0.030248
v 0.185572 -0.508559 0.028656
v 0.170002 -0.520638 0.035831
v 0.173706 -0.518453 0.034907
v 0.178127 -0.515586 0.033653
v 0.182502 -0.512340 0.031873
v 0.186975 -0.509091 0.030305
v 0.167016 -0.523562 0.039011
v 0.169855 -0.521715 0.037767
v 0.174392 -0.519140 0.036755
v 0.177551 -0.516930 0.035468
v 0.164200 -0.525786 0.041648
v 0.166719 -0.524342 0.040586
v 0.171072 -0.521965 0.039711
v 0.174059 -0.520034 0.038445
v 0.164491 -0.526021 0.042956
v 0.167465 -0.524493 0.042349
v 0.171012 -0.522574 0.041768
v 0.164881 -0.526053 0.044546
v 0.167932 -0.524543 0.044084
v 0.171321 -0.522717 0.043600
v 0.171240 -0.511079 0.026410
v 0.174072 -0.508454 0.024883
v 0.177765 -0.505032 0.023022
v 0.162671 -0.516638 0.029607
v 0.165012 -0.514537 0.028284
v 0.168590 -0.511598 0.026541
v 0.172105 -0.507992 0.024390
v 0.175858 -0.504334 0.022379
v 0.166383 -0.508567 0.024758
v 0.168877 -0.505977 0.023313
v 0.172124 -0.502594 0.021494
v 0.160874 -0.516602 0.029592
v 0.163238 -0.513896 0.027837
v 0.166397 -0.510508 0.025828
v 0.170273 -0.507066 0.023836
v 0.173956 -0.503469 0.021865
v 0.161500 -0.511295 0.026640
v 0.164099 -0.508932 0.025180
v 0.166973 -0.505373 0.023219
v 0.170230 -0.501800 0.021318
v 0.155835 -0.518763 0.031282
v 0.158325 -0.516714 0.029850
v 0.161087 -0.513386 0.027721
v 0.163840 -0.510968 0.026239
v 0.165032 -0.502452 0.022413
v 0.167099 -0.500036 0.021177
v 0.157189 -0.513361 0.028404
v 0.159466 -0.511380 0.027047
v 0.162156 -0.508012 0.025114
v 0.165013 -0.504379 0.023134
v 0.168413 -0.500944 0.021246
v 0.151850 -0.520502 0.032994
v 0.153902 -0.518791 0.031651
v 0.156427 -0.515654 0.029603
v 0.158974 -0.513497 0.028120
v 0.161131 -0.504653 0.024201
v 0.163219 -0.502672 0.022976
v 0.165589 -0.499468 0.021412
v 0.155828 -0.512866 0.028588
v 0.157885 -0.510287 0.027023
v 0.160394 -0.506942 0.025164
v 0.162851 -0.504692 0.023753
v 0.150574 -0.520003 0.033130
v 0.152254 -0.517937 0.031682
v 0.154217 -0.515330 0.030067
v 0.159939 -0.504168 0.024493
v 0.161865 -0.501672 0.023173
v 0.164152 -0.498630 0.021719
v 0.154295 -0.512167 0.028903
v 0.156220 -0.509537 0.027356
v 0.158312 -0.506645 0.025798
v 0.149139 -0.519321 0.033383
v 0.150707 -0.517168 0.031934
v 0.152534 -0.514658 0.030421
v 0.154180 -0.530109 0.043404
v 0.154123 -0.530510 0.044623
v 0.154323 -0.530609 0.046074
v 0.151820 -0.530167 0.042045
v 0.152126 -0.530654 0.043249
v 0.151857 -0.531227 0.044890
v 0.152017 -0.531354 0.046400
v 0.149819 -0.529670 0.040725
v 0.149870 -0.530486 0.041934
v 0.147529 -0.532080 0.044667
v 0.149202 -0.531478 0.043732
v 0.147519 -0.532397 0.045765
v 0.149521 -0.531867 0.045284
v 0.147724 -0.532476 0.047086
v 0.149778 -0.531983 0.046742
v 0.148216 -0.528616 0.039466
v 0.148079 -0.529717 0.040649
v 0.145870 -0.531615 0.043405
v 0.147304 -0.531001 0.042361
v 0.146025 -0.532151 0.044503
v 0.147457 -0.531615 0.043532
v 0.145685 -0.532637 0.046017
v 0.145830 -0.532790 0.047382
v 0.147031 -0.527031 0.038281
v 0.146744 -0.528350 0.039389
v 0.144358 -0.530721 0.042363
v 0.145672 -0.529973 0.041186
v 0.144447 -0.531478 0.043355
v 0.145752 -0.530889 0.042300
v 0.143998 -0.532256 0.044895
v 0.142580 -0.532974 0.047162
v 0.143659 -0.532818 0.046407
v 0.142680 -0.533093 0.048030
v 0.144056 -0.532992 0.047696
v 0.145657 -0.526831 0.038515
v 0.144813 -0.528235 0.039813
v 0.143126 -0.530497 0.042554
v 0.143955 -0.529511 0.041255
v 0.142679 -0.531362 0.043820
v 0.141342 -0.532437 0.046243
v 0.142164 -0.532186 0.045309
v 0.141573 -0.532791 0.047043
v 0.142407 -0.532672 0.046255
v 0.141562 -0.532896 0.048193
v 0.144271 -0.526287 0.038796
v 0.143306 -0.527744 0.040119
v 0.141817 -0.530013 0.042783
v 0.142511 -0.528966 0.041477
v 0.141289 -0.530901 0.044063
v 0.140466 -0.532113 0.046372
v 0.140838 -0.531642 0.045329
v 0.140423 -0.532410 0.047345
v 0.140492 -0.532514 0.048406
v 0.174086 -0.512352 0.028000
v 0.177235 -0.509768 0.026557
v 0.181183 -0.506461 0.024788
v 0.167209 -0.519278 0.032701
v 0.170017 -0.517141 0.031409
v 0.173948 -0.514109 0.029635
v 0.178415 -0.510642 0.027711
v 0.182702 -0.507209 0.025916
v 0.164012 -0.522705 0.035586
v 0.167125 -0.520630 0.034257
v 0.170800 -0.517953 0.032592
v 0.173690 -0.515726 0.031315
v 0.161213 -0.525473 0.038277
v 0.163506 -0.523977 0.037118
v 0.166877 -0.522090 0.036183
v 0.161446 -0.526089 0.039560
v 0.164597 -0.524432 0.038688
v 0.167097 -0.522766 0.037545
v 0.158960 -0.528143 0.042521
v 0.161513 -0.526796 0.041406
v 0.164235 -0.525257 0.040225
v 0.159071 -0.528474 0.043817
v 0.161722 -0.527256 0.043281
v 0.159357 -0.528550 0.045344
v 0.162040 -0.527366 0.044940
v 0.164770 -0.518172 0.031037
v 0.167484 -0.515989 0.029696
v 0.171270 -0.512884 0.027846
v 0.175469 -0.509292 0.025773
v 0.179513 -0.505746 0.023849
v 0.161824 -0.521868 0.033918
v 0.164689 -0.519751 0.032468
v 0.168259 -0.517003 0.030731
v 0.171141 -0.514693 0.029401
v 0.158991 -0.525032 0.036716
v 0.161536 -0.523310 0.035399
v 0.164406 -0.521296 0.034036
v 0.156481 -0.527501 0.039299
v 0.158819 -0.526153 0.038165
v 0.161243 -0.524547 0.036890
v 0.156240 -0.528319 0.040617
v 0.158782 -0.527158 0.039885
v 0.156431 -0.528955 0.042342
v 0.158864 -0.527705 0.041210
v 0.156575 -0.529433 0.044121
v 0.156824 -0.529565 0.045700
v 0.159636 -0.520735 0.032559
v 0.162353 -0.518468 0.030984
v 0.165788 -0.515682 0.029195
v 0.168531 -0.513414 0.027857
v 0.156918 -0.524110 0.035266
v 0.159383 -0.522345 0.033905
v 0.162096 -0.520253 0.032446
v 0.154596 -0.526822 0.037836
v 0.156757 -0.525433 0.036598
v 0.159179 -0.523763 0.035296
v 0.154525 -0.527828 0.039125
v 0.156653 -0.526539 0.037959
v 0.153610 -0.529149 0.040957
v 0.154041 -0.529608 0.042182
v 0.155158 -0.522779 0.034037
v 0.157315 -0.521200 0.032809
v 0.159516 -0.518824 0.031115
v 0.152730 -0.525841 0.036645
v 0.154757 -0.524354 0.035312
v 0.157104 -0.522699 0.034003
v 0.152651 -0.527004 0.037797
v 0.154673 -0.525664 0.036565
v 0.151660 -0.528595 0.039599
v 0.151697 -0.529433 0.040830
v 0.153550 -0.522589 0.034009
v 0.155527 -0.520468 0.032382
v 0.157773 -0.518690 0.031113
v 0.150934 -0.525963 0.036840
v 0.152449 -0.524371 0.035416
v 0.149981 -0.527570 0.038371
v 0.149890 -0.528650 0.039539
v 0.149325 -0.523980 0.035682
v 0.151335 -0.522391 0.034235
v 0.153537 -0.520614 0.032749
v 0.148853 -0.525706 0.036955
v 0.150826 -0.524223 0.035530
v 0.148509 -0.527232 0.038237
v 0.147949 -0.523645 0.035872
v 0.149337 -0.521915 0.034495
v 0.146919 -0.525273 0.037201
v 0.146508 -0.523058 0.036139
v 0.147777 -0.521275 0.034775
v 0.145402 -0.524686 0.037478
v 0.194941 -0.508076 0.036418
v 0.198345 -0.505794 0.035757
v 0.195640 -0.508200 0.038103
v 0.200086 -0.505167 0.037096
v 0.203882 -0.502740 0.036967
v 0.196192 -0.508229 0.040033
v 0.200432 -0.505422 0.039336
v 0.204617 -0.502644 0.038724
v 0.192840 -0.506340 0.030596
v 0.197664 -0.502900 0.029162
v 0.201906 -0.499853 0.027882
v 0.193920 -0.506899 0.032532
v 0.199078 -0.503289 0.031148
v 0.204821 -0.499026 0.029155
v 0.210191 -0.495536 0.028164
v 0.194768 -0.507401 0.034596
v 0.200119 -0.503919 0.033762
v 0.206213 -0.499568 0.032003
v 0.213032 -0.494793 0.030025
v 0.218813 -0.491222 0.029391
v 0.202384 -0.503161 0.035313
v 0.207057 -0.500173 0.035081
v 0.213850 -0.495502 0.033406
v 0.220310 -0.491224 0.031969
v 0.209147 -0.499494 0.037716
v 0.215176 -0.495446 0.036548
v 0.221805 -0.491119 0.035282
v 0.188724 -0.504324 0.025405
v 0.193379 -0.500585 0.023524
v 0.197484 -0.497198 0.021796
v 0.190304 -0.504974 0.026930
v 0.195406 -0.500997 0.024987
v 0.201161 -0.496241 0.022491
v 0.207732 -0.491574 0.020419
v 0.212796 -0.487716 0.018467
v 0.191747 -0.505612 0.028714
v 0.197005 -0.501796 0.027046
v 0.203355 -0.497401 0.025345
v 0.209954 -0.492310 0.022737
v 0.216086 -0.487352 0.019895
v 0.206966 -0.496400 0.026603
v 0.212847 -0.492534 0.025325
v 0.221013 -0.486341 0.021974
v 0.228651 -0.481630 0.020279
v 0.216326 -0.491655 0.027175
v 0.223226 -0.487379 0.026185
v 0.233241 -0.480551 0.022608
v 0.241647 -0.475685 0.021089
v 0.226957 -0.486657 0.029794
v 0.235392 -0.481190 0.027296
v 0.244125 -0.475849 0.024887
v 0.229082 -0.486439 0.033728
v 0.237436 -0.481273 0.031896
v 0.246568 -0.475872 0.029820
v 0.181837 -0.501279 0.021026
v 0.186111 -0.497365 0.018978
v 0.189981 -0.493873 0.017176
v 0.179900 -0.500436 0.020308
v 0.184382 -0.496170 0.018091
v 0.189862 -0.491268 0.015579
v 0.194774 -0.485864 0.012689
v 0.199008 -0.481643 0.010419
v 0.175671 -0.498831 0.019533
v 0.179335 -0.494876 0.017520
v 0.182564 -0.491380 0.015760
v 0.177805 -0.499570 0.019804
v 0.181930 -0.495235 0.017567
v 0.186439 -0.490006 0.014914
v 0.192133 -0.484504 0.012040
v 0.197857 -0.479363 0.009275
v 0.173657 -0.497989 0.019370
v 0.177409 -0.493766 0.017277
v 0.182083 -0.489050 0.014889
v 0.185337 -0.484659 0.012813
v 0.186025 -0.487236 0.013703
v 0.189729 -0.482435 0.011352
v 0.196652 -0.475718 0.007789
v 0.201059 -0.469643 0.004687
v 0.169622 -0.496982 0.019693
v 0.171851 -0.494188 0.018392
v 0.171562 -0.497265 0.019410
v 0.174808 -0.492852 0.017387
v 0.179389 -0.487838 0.014967
v 0.184378 -0.482281 0.012242
v 0.187396 -0.477551 0.010181
v 0.188820 -0.479664 0.010500
v 0.192543 -0.474057 0.007954
v 0.199865 -0.466124 0.003678
v 0.204146 -0.459567 0.000467
v 0.168225 -0.496155 0.019846
v 0.171290 -0.492544 0.018133
v 0.173199 -0.489333 0.016889
v 0.174157 -0.490821 0.016965
v 0.176548 -0.486874 0.015414
v 0.181270 -0.481327 0.012826
v 0.185457 -0.476104 0.010393
v 0.190330 -0.470835 0.007710
v 0.195960 -0.464237 0.004321
v 0.201295 -0.457531 0.000841
v 0.166666 -0.495333 0.020204
v 0.169351 -0.491854 0.018646
v 0.171935 -0.488391 0.017159
v 0.175062 -0.484686 0.015496
v 0.178961 -0.479763 0.013317
v 0.183098 -0.474416 0.010918
v 0.187643 -0.468641 0.008240
v 0.192652 -0.462140 0.005132
v 0.197884 -0.455198 0.001707
v 0.185483 -0.502815 0.022875
v 0.189960 -0.498984 0.020883
v 0.193998 -0.495500 0.019087
v 0.187202 -0.503539 0.024025
v 0.192098 -0.499491 0.021947
v 0.198053 -0.494532 0.019403
v 0.204524 -0.489259 0.016643
v 0.209767 -0.484986 0.014404
v 0.202096 -0.493564 0.019962
v 0.207217 -0.489675 0.018024
v 0.214718 -0.483959 0.015118
v 0.222007 -0.478263 0.011907
v 0.220787 -0.482651 0.016440
v 0.228053 -0.476580 0.012570
v 0.235849 -0.471395 0.009830
v 0.224499 -0.482328 0.018222
v 0.231840 -0.477709 0.016278
v 0.240707 -0.471182 0.012155
v 0.237552 -0.476303 0.018217
v 0.247731 -0.470305 0.015795
v 0.259630 -0.463618 0.012842
v 0.253112 -0.470129 0.021355
v 0.264184 -0.463659 0.017558
v 0.256639 -0.470089 0.027226
v 0.268363 -0.463685 0.024065
v 0.183783 -0.501976 0.021846
v 0.188452 -0.497835 0.019669
v 0.194120 -0.492767 0.017009
v 0.200102 -0.487283 0.014033
v 0.204906 -0.482826 0.011607
v 0.198431 -0.491678 0.017056
v 0.203265 -0.487509 0.014792
v 0.210210 -0.481492 0.011491
v 0.216943 -0.475686 0.008133
v 0.216058 -0.479898 0.011547
v 0.223410 -0.473971 0.008075
v 0.231475 -0.467641 0.004245
v 0.230082 -0.472321 0.008470
v 0.238965 -0.466083 0.004823
v 0.248765 -0.458806 0.000128
v 0.247676 -0.464747 0.006801
v 0.257232 -0.457000 0.001186
v 0.254125 -0.463974 0.009254
v 0.267202 -0.456222 0.005366
v 0.275952 -0.456166 0.012181
v 0.281942 -0.456296 0.020009
v 0.194052 -0.489991 0.015109
v 0.198322 -0.485725 0.012779
v 0.204562 -0.479473 0.009340
v 0.210925 -0.473393 0.005853
v 0.210660 -0.477516 0.008555
v 0.217380 -0.471327 0.004883
v 0.224478 -0.464595 0.000730
v 0.224280 -0.469381 0.004266
v 0.232248 -0.462525 -0.000087
v 0.241081 -0.454850 -0.005067
v 0.240438 -0.460628 -0.000286
v 0.250386 -0.452728 -0.005370
v 0.265803 -0.446904 -0.006938
v 0.274296 -0.447145 -0.003336
v 0.203897 -0.475245 0.006926
v 0.211012 -0.469130 0.003390
v 0.216326 -0.462909 -0.000259
v 0.217401 -0.466788 0.001893
v 0.224020 -0.459611 -0.002519
v 0.231922 -0.451577 -0.007584
v 0.232297 -0.457119 -0.004098
v 0.240943 -0.448711 -0.009450
v 0.256615 -0.440837 -0.013731
v 0.268403 -0.438230 -0.013783
v 0.202406 -0.472684 0.005770
v 0.206859 -0.466852 0.002648
v 0.214161 -0.459702 -0.001572
v 0.222289 -0.453836 -0.005496
v 0.231157 -0.445895 -0.010509
v 0.243687 -0.437707 -0.015795
v 0.255667 -0.433089 -0.018432
v 0.206004 -0.462674 0.001070
v 0.211518 -0.454780 -0.003042
v 0.217582 -0.445753 -0.007809
v 0.220279 -0.449534 -0.007108
v 0.227421 -0.439518 -0.012522
v 0.239328 -0.432776 -0.017415
v 0.207543 -0.450752 -0.003033
v 0.214174 -0.442550 -0.007640
v 0.222282 -0.433842 -0.012783
v 0.203591 -0.447723 -0.002137
v 0.209872 -0.439251 -0.006595
v 0.217104 -0.429616 -0.011655
v 0.282650 -0.447172 0.001095
v 0.290835 -0.446919 0.006350
v 0.298458 -0.447113 0.015041
v 0.279645 -0.436938 -0.011725
v 0.290297 -0.436924 -0.007554
v 0.306839 -0.434319 -0.001450
v 0.318517 -0.434612 0.008820
v 0.268923 -0.429043 -0.019680
v 0.283402 -0.425558 -0.019526
v 0.309119 -0.415289 -0.019637
v 0.332690 -0.394773 -0.026748
v 0.328282 -0.415391 -0.011318
v 0.353539 -0.391255 -0.022298
v 0.344308 -0.416572 0.000926
v 0.376834 -0.390681 -0.009408
v 0.252677 -0.426125 -0.021479
v 0.267457 -0.419517 -0.024618
v 0.292475 -0.404790 -0.029590
v 0.311702 -0.383770 -0.036379
v 0.312334 -0.399256 -0.029163
v 0.336068 -0.376163 -0.036719
v 0.377578 -0.358057 -0.037017
v 0.417145 -0.351130 -0.024576
v 0.235220 -0.427749 -0.018292
v 0.247641 -0.420157 -0.023012
v 0.269462 -0.401657 -0.030839
v 0.284990 -0.380919 -0.037258
v 0.289463 -0.392311 -0.034472
v 0.307340 -0.369294 -0.041542
v 0.347856 -0.340844 -0.050038
v 0.404735 -0.307938 -0.059546
v 0.445569 -0.257247 -0.078866
v 0.467695 -0.289247 -0.049407
v 0.518281 -0.195661 -0.040720
v 0.231325 -0.422780 -0.018570
v 0.243484 -0.410220 -0.024529
v 0.260205 -0.392485 -0.031304
v 0.279108 -0.370866 -0.038159
v 0.304971 -0.345788 -0.045984
v 0.345059 -0.307125 -0.058746
v 0.369433 -0.264410 -0.070266
v 0.388856 -0.283609 -0.069048
v 0.420600 -0.230611 -0.081881
v 0.564334 -0.091713 -0.021468
v 0.225658 -0.418002 -0.017287
v 0.236549 -0.403777 -0.023178
v 0.250722 -0.385409 -0.029333
v 0.268192 -0.362515 -0.035701
v 0.290359 -0.334002 -0.042907
v 0.318390 -0.296623 -0.052344
v 0.347917 -0.250796 -0.063327
v 0.392431 -0.189281 -0.075790
v 0.551114 -0.015868 -0.008233
v 0.185566 -0.515024 0.043384
v 0.188828 -0.513103 0.043025
v 0.192638 -0.510715 0.042530
v 0.186030 -0.514730 0.044740
v 0.188981 -0.512975 0.044930
v 0.193027 -0.510472 0.044397
v 0.190295 -0.511999 0.046265
v 0.193459 -0.510046 0.046114
v 0.175146 -0.520821 0.044931
v 0.178690 -0.518907 0.044483
v 0.182439 -0.516757 0.043968
v 0.175628 -0.520485 0.046683
v 0.179207 -0.518533 0.046398
v 0.183649 -0.515990 0.045894
v 0.187027 -0.513977 0.046192
v 0.176009 -0.520073 0.048146
v 0.179124 -0.518266 0.048504
v 0.183728 -0.515597 0.048151
v 0.188552 -0.512769 0.047736
v 0.193344 -0.509743 0.047922
v 0.180241 -0.517206 0.050088
v 0.183767 -0.515020 0.050440
v 0.188552 -0.512171 0.050117
v 0.193377 -0.509140 0.050104
v 0.185114 -0.513637 0.052031
v 0.188689 -0.511415 0.052151
v 0.193334 -0.508422 0.052291
v 0.165279 -0.525922 0.046197
v 0.168353 -0.524411 0.045829
v 0.171762 -0.522581 0.045402
v 0.165669 -0.525625 0.047817
v 0.168732 -0.524101 0.047615
v 0.172347 -0.522163 0.047238
v 0.165983 -0.525240 0.049179
v 0.168853 -0.523706 0.049545
v 0.173385 -0.521276 0.049237
v 0.176781 -0.519289 0.049687
v 0.169874 -0.522725 0.051052
v 0.173144 -0.520782 0.051538
v 0.177940 -0.518137 0.051302
v 0.181532 -0.515875 0.051748
v 0.174261 -0.519365 0.053487
v 0.178202 -0.517174 0.053409
v 0.182991 -0.514282 0.053479
v 0.188001 -0.510972 0.054105
v 0.193022 -0.507679 0.054467
v 0.174772 -0.518361 0.054942
v 0.177890 -0.516430 0.055306
v 0.182301 -0.513399 0.056051
v 0.187483 -0.510177 0.056273
v 0.192572 -0.506827 0.056670
v 0.183485 -0.511626 0.057802
v 0.187241 -0.509177 0.058209
v 0.192018 -0.505918 0.058744
v 0.154675 -0.530482 0.047558
v 0.155162 -0.530134 0.048998
v 0.155713 -0.529644 0.050195
v 0.152372 -0.531220 0.047883
v 0.152933 -0.530814 0.049371
v 0.153895 -0.530054 0.050923
v 0.154109 -0.529451 0.052245
v 0.148049 -0.532345 0.048441
v 0.150122 -0.531850 0.048185
v 0.148487 -0.532000 0.049758
v 0.150560 -0.531469 0.049655
v 0.148980 -0.531530 0.050840
v 0.150970 -0.530825 0.051280
v 0.152378 -0.529631 0.052927
v 0.152835 -0.528698 0.054230
v 0.146145 -0.532667 0.048716
v 0.146637 -0.532270 0.050070
v 0.147640 -0.531549 0.051466
v 0.149425 -0.530890 0.052010
v 0.147996 -0.530830 0.052636
v 0.149818 -0.530084 0.053263
v 0.151291 -0.528603 0.054848
v 0.151919 -0.527378 0.056116
v 0.142943 -0.532967 0.049049
v 0.144352 -0.532873 0.048949
v 0.143225 -0.532718 0.049917
v 0.144565 -0.532471 0.050315
v 0.145568 -0.531667 0.051724
v 0.146691 -0.530644 0.053159
v 0.148398 -0.529914 0.053836
v 0.147072 -0.529708 0.054245
v 0.148842 -0.528802 0.055061
v 0.150640 -0.526961 0.056692
v 0.151378 -0.525519 0.057877
v 0.141817 -0.532793 0.049277
v 0.142341 -0.532493 0.050374
v 0.143470 -0.532265 0.050876
v 0.142489 -0.531995 0.051256
v 0.143675 -0.531611 0.051920
v 0.144839 -0.530544 0.053296
v 0.145843 -0.529468 0.054489
v 0.147223 -0.528276 0.055613
v 0.148703 -0.526762 0.056909
v 0.150053 -0.525212 0.058109
v 0.140736 -0.532418 0.049468
v 0.141147 -0.532127 0.050506
v 0.141626 -0.531662 0.051457
v 0.142449 -0.531018 0.052400
v 0.143451 -0.530066 0.053572
v 0.144536 -0.528962 0.054756
v 0.145797 -0.527692 0.055938
v 0.147186 -0.526229 0.057165
v 0.148636 -0.524649 0.058362
v 0.159729 -0.528424 0.046910
v 0.162430 -0.527239 0.046580
v 0.160176 -0.528092 0.048445
v 0.162898 -0.526879 0.048256
v 0.160637 -0.527624 0.049753
v 0.163548 -0.526190 0.050161
v 0.166675 -0.524529 0.050593
v 0.164378 -0.525169 0.052036
v 0.167742 -0.523496 0.052054
v 0.170634 -0.521755 0.052543
v 0.164749 -0.524382 0.053430
v 0.167465 -0.522779 0.053991
v 0.171129 -0.520800 0.054014
v 0.168678 -0.521294 0.055481
v 0.172276 -0.519098 0.056007
v 0.176565 -0.516305 0.056749
v 0.179927 -0.514000 0.057315
v 0.173116 -0.517508 0.057693
v 0.176366 -0.515352 0.058313
v 0.181023 -0.512115 0.059112
v 0.186238 -0.508531 0.059930
v 0.191217 -0.505028 0.060673
v 0.181973 -0.510091 0.060948
v 0.185661 -0.507472 0.061658
v 0.190324 -0.504057 0.062494
v 0.157189 -0.529442 0.047254
v 0.157675 -0.529070 0.048838
v 0.158317 -0.528389 0.050639
v 0.161145 -0.527009 0.051093
v 0.158966 -0.527443 0.052429
v 0.161696 -0.526248 0.052460
v 0.159793 -0.526457 0.053731
v 0.162530 -0.525002 0.054242
v 0.165429 -0.523263 0.054893
v 0.163377 -0.523669 0.055745
v 0.166414 -0.521814 0.056418
v 0.169798 -0.519662 0.057062
v 0.167399 -0.520144 0.057975
v 0.170820 -0.517887 0.058728
v 0.175051 -0.515003 0.059611
v 0.178437 -0.512600 0.060265
v 0.171601 -0.516058 0.060342
v 0.174787 -0.513838 0.061071
v 0.179347 -0.510503 0.062035
v 0.184382 -0.506753 0.063158
v 0.189197 -0.503096 0.064180
v 0.156125 -0.528986 0.051477
v 0.156299 -0.528309 0.052850
v 0.158017 -0.526725 0.054498
v 0.160577 -0.525307 0.055106
v 0.158688 -0.525519 0.055865
v 0.161313 -0.523994 0.056549
v 0.164230 -0.522181 0.057248
v 0.162103 -0.522452 0.057984
v 0.165088 -0.520543 0.058746
v 0.168367 -0.518293 0.059567
v 0.165981 -0.518698 0.060220
v 0.169314 -0.516267 0.061189
v 0.173450 -0.513311 0.062198
v 0.176726 -0.510908 0.062915
v 0.154541 -0.528549 0.053558
v 0.155086 -0.527501 0.054872
v 0.156869 -0.525638 0.056518
v 0.159362 -0.524151 0.057241
v 0.157493 -0.524273 0.057779
v 0.160038 -0.522626 0.058624
v 0.162888 -0.520818 0.059365
v 0.161037 -0.520818 0.059969
v 0.163667 -0.519100 0.060688
v 0.166578 -0.516486 0.061969
v 0.153439 -0.527507 0.055501
v 0.154085 -0.526213 0.056755
v 0.155710 -0.524360 0.058163
v 0.157819 -0.522558 0.059286
v 0.159538 -0.520543 0.060560
v 0.162202 -0.518170 0.061813
v 0.164919 -0.516272 0.062585
v 0.152761 -0.525801 0.057417
v 0.153707 -0.524030 0.058770
v 0.156244 -0.522350 0.059731
v 0.154769 -0.522055 0.060108
v 0.157349 -0.520271 0.061099
v 0.160163 -0.518264 0.062088
v 0.151780 -0.523551 0.059223
v 0.153397 -0.521675 0.060418
v 0.155378 -0.519697 0.061562
v 0.150242 -0.522927 0.059529
v 0.151938 -0.521041 0.060708
v 0.153804 -0.518992 0.061885
v 0.180083 -0.508344 0.063743
v 0.183522 -0.505615 0.064680
v 0.187976 -0.502054 0.065763
v 0.170342 -0.514103 0.062703
v 0.173188 -0.511897 0.063540
v 0.177492 -0.508739 0.064470
v 0.181935 -0.504854 0.065941
v 0.186508 -0.501027 0.067212
v 0.168643 -0.513967 0.063340
v 0.171782 -0.510966 0.064677
v 0.175747 -0.507358 0.066126
v 0.180425 -0.503721 0.067314
v 0.184916 -0.499925 0.068576
v 0.176268 -0.505136 0.067506
v 0.179313 -0.502431 0.068520
v 0.183316 -0.498823 0.069761
v 0.163081 -0.516168 0.063033
v 0.166102 -0.513985 0.063933
v 0.169775 -0.510314 0.065615
v 0.173089 -0.507763 0.066537
v 0.170691 -0.507981 0.066877
v 0.173865 -0.505450 0.067822
v 0.177557 -0.501596 0.069367
v 0.181572 -0.497798 0.070739
v 0.158505 -0.518041 0.062407
v 0.161071 -0.516170 0.063312
v 0.164445 -0.512710 0.064970
v 0.167551 -0.510400 0.065926
v 0.165749 -0.510159 0.066253
v 0.168557 -0.508008 0.067147
v 0.172055 -0.504314 0.068690
v 0.175703 -0.500395 0.070290
v 0.179842 -0.496734 0.071587
v 0.176075 -0.498204 0.071305
v 0.178590 -0.495654 0.072255
v 0.157233 -0.517501 0.062770
v 0.159534 -0.515168 0.063944
v 0.162115 -0.512352 0.065299
v 0.164373 -0.509589 0.066597
v 0.167095 -0.506716 0.067855
v 0.170330 -0.503091 0.069402
v 0.173323 -0.500681 0.070353
v 0.171493 -0.500544 0.070470
v 0.174059 -0.498397 0.071314
v 0.177059 -0.494900 0.072596
v 0.155779 -0.516757 0.063086
v 0.157977 -0.514314 0.064310
v 0.160364 -0.511613 0.065599
v 0.162781 -0.508809 0.066889
v 0.165366 -0.505862 0.068179
v 0.168036 -0.502747 0.069501
v 0.170218 -0.499983 0.070640
v 0.172694 -0.497213 0.071699
v 0.175528 -0.493919 0.072883
v 0.196720 -0.508093 0.042014
v 0.201008 -0.505288 0.041485
v 0.205199 -0.502518 0.040865
v 0.197205 -0.507802 0.043994
v 0.201849 -0.504775 0.043706
v 0.205432 -0.502432 0.042736
v 0.197393 -0.507527 0.045837
v 0.200915 -0.505244 0.045511
v 0.209902 -0.499362 0.040500
v 0.216070 -0.495311 0.039776
v 0.222823 -0.490986 0.038872
v 0.204901 -0.502664 0.044773
v 0.209356 -0.499772 0.043622
v 0.216543 -0.495091 0.043161
v 0.223282 -0.490832 0.042477
v 0.198157 -0.506677 0.047703
v 0.203605 -0.503219 0.046973
v 0.210218 -0.498857 0.046901
v 0.217630 -0.494086 0.046737
v 0.223337 -0.490619 0.045483
v 0.198451 -0.505887 0.050046
v 0.204015 -0.502276 0.049937
v 0.210450 -0.497996 0.050233
v 0.216003 -0.494588 0.049547
v 0.198422 -0.505118 0.052396
v 0.203719 -0.501664 0.052453
v 0.208395 -0.498608 0.052494
v 0.230303 -0.486311 0.037927
v 0.238889 -0.481160 0.036723
v 0.248268 -0.475788 0.035261
v 0.230589 -0.486264 0.042356
v 0.239728 -0.480840 0.041777
v 0.249071 -0.475581 0.040793
v 0.222257 -0.490820 0.048538
v 0.229217 -0.486675 0.047202
v 0.240543 -0.479924 0.047187
v 0.249166 -0.475250 0.045479
v 0.213835 -0.495204 0.052223
v 0.220046 -0.491434 0.051635
v 0.229578 -0.485250 0.052372
v 0.237679 -0.480707 0.051355
v 0.198356 -0.504164 0.054747
v 0.204207 -0.500323 0.054932
v 0.211122 -0.495946 0.054760
v 0.218776 -0.490840 0.055418
v 0.226153 -0.485857 0.056421
v 0.197944 -0.503204 0.057137
v 0.203801 -0.499185 0.057708
v 0.210590 -0.494368 0.058661
v 0.217956 -0.489764 0.058784
v 0.223854 -0.485917 0.059234
v 0.197224 -0.502310 0.059358
v 0.202636 -0.498509 0.060033
v 0.207463 -0.495066 0.060691
v 0.258737 -0.470050 0.033675
v 0.270944 -0.463749 0.031588
v 0.259310 -0.469969 0.040597
v 0.271618 -0.463767 0.039455
v 0.247158 -0.475600 0.050033
v 0.258022 -0.469900 0.048403
v 0.270772 -0.463695 0.046235
v 0.235024 -0.481079 0.055154
v 0.243046 -0.476644 0.054449
v 0.253869 -0.470274 0.055375
v 0.232578 -0.481053 0.058578
v 0.241742 -0.475004 0.060205
v 0.250785 -0.470054 0.060161
v 0.212840 -0.491429 0.061263
v 0.218780 -0.487573 0.061741
v 0.227575 -0.481880 0.062437
v 0.236388 -0.476248 0.063449
v 0.196475 -0.501281 0.061449
v 0.202233 -0.497150 0.062300
v 0.209275 -0.492108 0.063327
v 0.216958 -0.486812 0.064376
v 0.223225 -0.482507 0.065190
v 0.195409 -0.500310 0.063389
v 0.200726 -0.496375 0.064309
v 0.205544 -0.492795 0.065129
v 0.285295 -0.456589 0.029190
v 0.285674 -0.456849 0.039349
v 0.268177 -0.463752 0.052545
v 0.282838 -0.456895 0.050770
v 0.263827 -0.463998 0.058368
v 0.276591 -0.456835 0.060593
v 0.246158 -0.470479 0.064244
v 0.256893 -0.464540 0.064809
v 0.269296 -0.457793 0.066105
v 0.230898 -0.477434 0.066275
v 0.239988 -0.471566 0.067620
v 0.250056 -0.465386 0.069002
v 0.210878 -0.488912 0.066077
v 0.216742 -0.484701 0.067144
v 0.225270 -0.478584 0.068685
v 0.233680 -0.472743 0.070302
v 0.194298 -0.499203 0.065221
v 0.199901 -0.494926 0.066333
v 0.206746 -0.489699 0.067692
v 0.214084 -0.484090 0.069316
v 0.220043 -0.479504 0.070644
v 0.296009 -0.449124 0.057678
v 0.290648 -0.447900 0.066933
v 0.261582 -0.458731 0.070726
v 0.274580 -0.451550 0.072767
v 0.243068 -0.466462 0.072232
v 0.253448 -0.459706 0.074457
v 0.265204 -0.452376 0.077149
v 0.227321 -0.474081 0.072378
v 0.235930 -0.467796 0.074502
v 0.245269 -0.460976 0.077072
v 0.207668 -0.486501 0.070184
v 0.213005 -0.482107 0.071667
v 0.220908 -0.475602 0.073851
v 0.229013 -0.469357 0.076010
v 0.298516 -0.439942 0.076185
v 0.286511 -0.440068 0.082596
v 0.255879 -0.453540 0.080262
v 0.267779 -0.445443 0.084043
v 0.237573 -0.462533 0.078773
v 0.246603 -0.455098 0.082119
v 0.257423 -0.447031 0.085921
v 0.221472 -0.470615 0.077583
v 0.230358 -0.464404 0.079569
v 0.237575 -0.457832 0.082527
v 0.288666 -0.431433 0.092248
v 0.274254 -0.433415 0.093916
v 0.246298 -0.447972 0.087831
v 0.258098 -0.440159 0.091405
v 0.220515 -0.467457 0.080001
v 0.226461 -0.461185 0.082736
v 0.235941 -0.453700 0.085756
v 0.270147 -0.426438 0.100288
v 0.244831 -0.442471 0.091803
v 0.254739 -0.431671 0.097650
v 0.226229 -0.456116 0.085754
v 0.233681 -0.447428 0.089737
v 0.241999 -0.437451 0.094765
v 0.248445 -0.423481 0.101777
v 0.229089 -0.442015 0.092197
v 0.237821 -0.432911 0.096702
v 0.241338 -0.417190 0.103369
v 0.224073 -0.437894 0.093228
v 0.232120 -0.428222 0.097770
v 0.302883 -0.447915 0.026055
v 0.303188 -0.448833 0.038006
v 0.300193 -0.449485 0.048006
v 0.324857 -0.436443 0.022696
v 0.324235 -0.438775 0.038869
v 0.314719 -0.441445 0.055191
v 0.307928 -0.440499 0.067030
v 0.354046 -0.420067 0.018528
v 0.392908 -0.395423 0.012989
v 0.354335 -0.424430 0.040228
v 0.393485 -0.405105 0.040622
v 0.345470 -0.426070 0.064195
v 0.379125 -0.412016 0.063354
v 0.318617 -0.430806 0.078691
v 0.303456 -0.430692 0.087194
v 0.447467 -0.350702 0.007878
v 0.446412 -0.368964 0.048907
v 0.360468 -0.413662 0.082877
v 0.397690 -0.394920 0.084767
v 0.338092 -0.413670 0.097977
v 0.367904 -0.399027 0.107327
v 0.305520 -0.420086 0.099845
v 0.287061 -0.422651 0.101060
v 0.533969 -0.232267 0.015446
v 0.606947 -0.107938 0.038191
v 0.537203 -0.219609 0.075408
v 0.613748 -0.098355 0.074399
v 0.431026 -0.345541 0.115153
v 0.338525 -0.398413 0.118215
v 0.367510 -0.377257 0.133994
v 0.310947 -0.399913 0.119618
v 0.333124 -0.381701 0.137192
v 0.281743 -0.413721 0.108977
v 0.265478 -0.419171 0.105334
v 0.676431 0.021084 0.062537
v 0.587084 -0.105096 0.114042
v 0.645401 -0.013892 0.113466
v 0.490350 -0.190201 0.140628
v 0.566445 -0.070058 0.138924
v 0.368214 -0.329393 0.167309
v 0.297046 -0.382647 0.131572
v 0.322867 -0.361471 0.151671
v 0.275729 -0.399286 0.117779
v 0.260272 -0.411636 0.109039
v 0.676997 0.111682 0.078785
v 0.626813 0.049246 0.128779
v 0.433945 -0.169168 0.154979
v 0.529165 -0.061178 0.144510
v 0.327668 -0.297311 0.177599
v 0.279996 -0.367807 0.135269
v 0.298643 -0.340647 0.156205
v 0.264512 -0.388211 0.120778
v 0.251893 -0.404000 0.110817
v 0.192878 -0.498160 0.066893
v 0.198023 -0.494105 0.068019
v 0.202679 -0.490493 0.068965
v 0.191409 -0.496962 0.068478
v 0.196829 -0.492528 0.069787
v 0.203384 -0.487484 0.071124
v 0.209603 -0.481832 0.073178
v 0.214902 -0.477433 0.074626
v 0.189623 -0.495820 0.069922
v 0.194697 -0.491253 0.071426
v 0.200360 -0.485716 0.073383
v 0.207327 -0.479977 0.075175
v 0.214326 -0.474653 0.076767
v 0.187676 -0.494830 0.071108
v 0.192186 -0.490635 0.072504
v 0.196169 -0.486922 0.073725
v 0.200513 -0.482513 0.075309
v 0.205230 -0.477387 0.077247
v 0.213774 -0.470324 0.079577
v 0.219601 -0.463737 0.082360
v 0.185793 -0.493738 0.072141
v 0.190410 -0.489234 0.073650
v 0.196086 -0.484236 0.075221
v 0.200217 -0.479511 0.076961
v 0.204670 -0.474108 0.079006
v 0.209464 -0.468001 0.081342
v 0.218733 -0.459466 0.084654
v 0.224439 -0.452191 0.087805
v 0.183729 -0.492787 0.072961
v 0.187792 -0.488027 0.074622
v 0.193353 -0.482678 0.076337
v 0.199473 -0.476721 0.078339
v 0.203334 -0.471549 0.080244
v 0.181714 -0.492348 0.073384
v 0.184469 -0.489324 0.074391
v 0.207169 -0.464070 0.083007
v 0.214231 -0.456875 0.085806
v 0.221089 -0.449431 0.088892
v 0.187323 -0.485688 0.075612
v 0.190284 -0.481429 0.077043
v 0.196036 -0.475432 0.079006
v 0.201213 -0.469732 0.080965
v 0.180294 -0.491332 0.073823
v 0.184026 -0.487434 0.075104
v 0.186403 -0.483946 0.076246
v 0.204030 -0.461341 0.083757
v 0.210233 -0.454150 0.086478
v 0.216841 -0.446332 0.089590
v 0.188718 -0.478875 0.077801
v 0.193407 -0.473555 0.079548
v 0.198487 -0.467658 0.081505
v 0.178610 -0.490353 0.074098
v 0.181884 -0.486579 0.075329
v 0.185030 -0.482810 0.076526
v 0.158720 -0.503403 0.024848
v 0.160509 -0.500826 0.023574
v 0.162760 -0.497751 0.022142
v 0.152879 -0.511290 0.029290
v 0.154760 -0.508628 0.027764
v 0.156874 -0.505739 0.026211
v 0.147789 -0.518502 0.033727
v 0.149293 -0.516305 0.032302
v 0.151094 -0.513769 0.030806
v 0.157833 -0.502583 0.025161
v 0.159060 -0.500084 0.024199
v 0.161453 -0.496849 0.022668
v 0.151657 -0.510279 0.029726
v 0.153450 -0.507529 0.028258
v 0.155884 -0.504088 0.026464
v 0.157238 -0.501203 0.025383
v 0.146600 -0.517586 0.034143
v 0.147988 -0.515332 0.032791
v 0.149849 -0.512625 0.031235
v 0.158745 -0.498462 0.024290
v 0.160416 -0.495859 0.023187
v 0.150741 -0.509362 0.030160
v 0.151892 -0.506706 0.029135
v 0.154327 -0.503076 0.027353
v 0.156934 -0.499268 0.025511
v 0.159202 -0.495162 0.024007
v 0.145708 -0.516733 0.034564
v 0.146622 -0.514367 0.033531
v 0.148841 -0.510924 0.031638
v 0.150060 -0.508007 0.030537
v 0.151408 -0.505017 0.029438
v 0.152887 -0.501951 0.028342
v 0.155463 -0.498133 0.026567
v 0.157925 -0.494087 0.024976
v 0.146094 -0.512777 0.033813
v 0.147255 -0.509934 0.032766
v 0.149617 -0.506222 0.030856
v 0.151084 -0.503055 0.029771
v 0.152677 -0.499963 0.028645
v 0.154400 -0.496942 0.027477
v 0.156729 -0.492966 0.026026
v 0.146712 -0.507875 0.033325
v 0.148596 -0.504782 0.031802
v 0.150919 -0.500827 0.030133
v 0.153126 -0.496332 0.028718
v 0.155545 -0.491944 0.027229
v 0.146259 -0.506509 0.033918
v 0.147558 -0.503798 0.032931
v 0.149434 -0.499703 0.031762
v 0.151942 -0.495341 0.030062
v 0.154405 -0.490891 0.028553
v 0.149384 -0.497470 0.032353
v 0.151106 -0.494163 0.031238
v 0.153394 -0.489875 0.029909
v 0.143025 -0.525527 0.039093
v 0.142047 -0.526983 0.040413
v 0.140654 -0.529309 0.043046
v 0.141280 -0.528220 0.041760
v 0.140139 -0.530203 0.044318
v 0.139580 -0.531571 0.046563
v 0.139752 -0.530981 0.045566
v 0.139479 -0.531829 0.047546
v 0.139566 -0.531939 0.048600
v 0.141996 -0.524578 0.039392
v 0.141010 -0.525941 0.040702
v 0.139701 -0.528420 0.043328
v 0.140225 -0.527252 0.042111
v 0.139184 -0.529239 0.044597
v 0.138949 -0.530972 0.046759
v 0.138777 -0.530120 0.046047
v 0.138675 -0.531003 0.047660
v 0.138391 -0.530209 0.047117
v 0.138810 -0.531178 0.048771
v 0.141300 -0.523593 0.039640
v 0.140215 -0.524452 0.040909
v 0.139067 -0.527507 0.043560
v 0.139236 -0.526056 0.042662
v 0.138451 -0.527833 0.044690
v 0.138482 -0.526465 0.043937
v 0.138086 -0.528647 0.046184
v 0.138223 -0.530271 0.048088
v 0.137910 -0.529286 0.047635
v 0.138272 -0.530304 0.048957
v 0.137884 -0.529175 0.048988
v 0.139527 -0.523432 0.041477
v 0.138670 -0.524077 0.042795
v 0.137917 -0.526770 0.045169
v 0.137949 -0.525299 0.044459
v 0.137544 -0.526968 0.046353
v 0.137509 -0.525540 0.045723
v 0.137450 -0.527576 0.047776
v 0.137520 -0.527680 0.049119
v 0.138253 -0.522730 0.043348
v 0.137654 -0.523118 0.044661
v 0.137250 -0.525772 0.046897
v 0.137228 -0.524147 0.046352
v 0.137170 -0.525993 0.047977
v 0.137060 -0.524209 0.047946
v 0.137267 -0.526044 0.049270
v 0.137150 -0.524227 0.049377
v 0.137491 -0.521509 0.045224
v 0.137169 -0.521571 0.046511
v 0.137038 -0.522106 0.048058
v 0.137148 -0.522212 0.049502
v 0.137242 -0.519796 0.047074
v 0.137129 -0.520075 0.048247
v 0.137273 -0.520103 0.049630
v 0.145203 -0.522277 0.036459
v 0.146421 -0.520460 0.035113
v 0.144100 -0.523901 0.037793
v 0.144090 -0.521336 0.036816
v 0.145219 -0.519445 0.035520
v 0.142965 -0.522896 0.038154
v 0.143286 -0.520379 0.037155
v 0.144075 -0.518058 0.036034
v 0.145034 -0.515485 0.034903
v 0.141871 -0.521550 0.038627
v 0.142573 -0.519293 0.037540
v 0.140594 -0.522590 0.040087
v 0.143224 -0.516387 0.036570
v 0.144580 -0.513850 0.035158
v 0.145571 -0.511309 0.034250
v 0.140995 -0.520030 0.039215
v 0.141953 -0.518083 0.037969
v 0.139882 -0.521570 0.040732
v 0.138996 -0.522214 0.042038
v 0.142608 -0.515228 0.037139
v 0.143434 -0.512829 0.036287
v 0.145052 -0.509972 0.034839
v 0.140603 -0.518573 0.039543
v 0.141348 -0.516284 0.038568
v 0.142202 -0.513693 0.037677
v 0.139653 -0.519213 0.040852
v 0.140276 -0.516993 0.039998
v 0.138625 -0.520800 0.042588
v 0.137977 -0.521252 0.043916
v 0.143315 -0.510825 0.036657
v 0.144686 -0.507683 0.035508
v 0.146375 -0.503792 0.034274
v 0.147808 -0.500679 0.033365
v 0.141061 -0.514517 0.039109
v 0.142008 -0.511786 0.038185
v 0.143233 -0.508728 0.037176
v 0.139363 -0.517640 0.041406
v 0.140016 -0.515296 0.040579
v 0.140898 -0.512638 0.039711
v 0.138611 -0.518221 0.042788
v 0.139189 -0.515948 0.042033
v 0.137844 -0.519643 0.044495
v 0.137480 -0.519652 0.045823
v 0.144485 -0.505704 0.036218
v 0.145763 -0.502716 0.035310
v 0.147790 -0.498382 0.034068
v 0.150122 -0.493598 0.032657
v 0.152455 -0.489010 0.031352
v 0.141956 -0.509720 0.038798
v 0.143188 -0.506545 0.037842
v 0.144845 -0.502585 0.036701
v 0.146297 -0.499378 0.035826
v 0.139939 -0.513425 0.041228
v 0.140858 -0.510656 0.040372
v 0.142013 -0.507524 0.039509
v 0.138526 -0.516588 0.043413
v 0.139132 -0.514142 0.042732
v 0.139980 -0.511508 0.041899
v 0.138028 -0.517214 0.044714
v 0.138469 -0.514736 0.044482
v 0.137623 -0.517551 0.046456
v 0.138135 -0.515049 0.045806
v 0.137451 -0.517808 0.048196
v 0.137559 -0.517837 0.049705
v 0.147831 -0.496039 0.034921
v 0.149453 -0.492566 0.033986
v 0.151635 -0.488149 0.032846
v 0.143212 -0.504442 0.038663
v 0.144456 -0.501411 0.037836
v 0.146432 -0.497012 0.036713
v 0.148650 -0.492111 0.035534
v 0.150881 -0.487418 0.034435
v 0.140996 -0.508528 0.041092
v 0.142176 -0.505204 0.040314
v 0.143789 -0.501204 0.039273
v 0.145190 -0.498033 0.038461
v 0.139336 -0.512028 0.043330
v 0.140139 -0.509553 0.042590
v 0.141143 -0.506162 0.042256
v 0.138925 -0.512212 0.044664
v 0.139736 -0.509085 0.044360
v 0.140640 -0.506446 0.043651
v 0.137927 -0.515280 0.047095
v 0.138506 -0.512677 0.046470
v 0.139282 -0.509842 0.045794
v 0.137844 -0.515426 0.048348
v 0.138384 -0.512860 0.048276
v 0.137965 -0.515422 0.049798
v 0.138509 -0.512836 0.049845
v 0.146643 -0.494692 0.037706
v 0.148151 -0.491180 0.037008
v 0.150239 -0.486684 0.036086
v 0.142536 -0.502797 0.041086
v 0.143660 -0.499882 0.040481
v 0.145527 -0.495731 0.039396
v 0.147511 -0.490868 0.038705
v 0.149649 -0.486085 0.037852
v 0.141954 -0.503144 0.042461
v 0.143247 -0.499398 0.042161
v 0.144972 -0.494894 0.041622
v 0.147034 -0.490211 0.040560
v 0.149148 -0.485490 0.039713
v 0.140189 -0.506925 0.045080
v 0.141227 -0.503927 0.044330
v 0.142736 -0.499388 0.044066
v 0.144079 -0.496044 0.043302
v 0.139045 -0.510206 0.047146
v 0.139793 -0.507592 0.046541
v 0.141107 -0.503300 0.046365
v 0.142203 -0.500180 0.045616
v 0.139026 -0.510175 0.048412
v 0.139840 -0.507240 0.048288
v 0.140877 -0.503802 0.048249
v 0.139182 -0.510076 0.049909
v 0.140010 -0.507082 0.049919
v 0.140992 -0.503819 0.049932
v 0.145443 -0.492692 0.042675
v 0.146828 -0.489331 0.042186
v 0.148772 -0.484936 0.041542
v 0.143404 -0.496980 0.044896
v 0.144711 -0.493701 0.044208
v 0.146515 -0.489118 0.043946
v 0.148476 -0.484540 0.043389
v 0.141927 -0.500569 0.047055
v 0.142949 -0.497698 0.046403
v 0.144588 -0.493273 0.046188
v 0.146371 -0.488637 0.045976
v 0.148301 -0.484135 0.045229
v 0.141909 -0.500553 0.048380
v 0.143108 -0.497074 0.048222
v 0.144653 -0.492787 0.048136
v 0.145847 -0.489675 0.047474
v 0.142060 -0.500478 0.049963
v 0.143256 -0.496980 0.049934
v 0.144561 -0.493330 0.049925
v 0.147073 -0.486609 0.047005
v 0.148333 -0.483588 0.046729
v 0.145636 -0.490189 0.048824
v 0.146696 -0.487456 0.048290
v 0.148372 -0.483475 0.048203
v 0.145737 -0.490178 0.050024
v 0.147023 -0.486954 0.049895
v 0.148605 -0.483204 0.049790
v 0.165199 -0.494412 0.020658
v 0.167777 -0.490869 0.019142
v 0.170385 -0.487419 0.017658
v 0.173067 -0.483438 0.016150
v 0.176683 -0.478347 0.014084
v 0.180606 -0.472876 0.011783
v 0.184777 -0.466883 0.009265
v 0.189428 -0.460180 0.006329
v 0.194335 -0.453065 0.003079
v 0.163861 -0.493413 0.021194
v 0.166444 -0.489514 0.019659
v 0.169020 -0.486713 0.018233
v 0.167250 -0.486519 0.019156
v 0.170406 -0.483032 0.017414
v 0.174370 -0.477041 0.015142
v 0.178144 -0.471587 0.012920
v 0.181723 -0.465554 0.010767
v 0.186258 -0.458341 0.007905
v 0.190887 -0.451272 0.004843
v 0.162624 -0.492598 0.021842
v 0.164675 -0.489689 0.020635
v 0.161819 -0.491157 0.022396
v 0.165130 -0.486787 0.020435
v 0.168642 -0.481138 0.018447
v 0.172523 -0.474935 0.016198
v 0.176158 -0.470613 0.014038
v 0.173770 -0.470378 0.015585
v 0.178007 -0.465134 0.013030
v 0.183307 -0.456077 0.009738
v 0.188092 -0.449931 0.006582
v 0.160595 -0.489815 0.023345
v 0.163584 -0.485128 0.021590
v 0.166790 -0.479534 0.019785
v 0.170042 -0.475169 0.017839
v 0.167504 -0.475746 0.019670
v 0.171010 -0.470860 0.017561
v 0.175448 -0.462723 0.015082
v 0.179816 -0.456726 0.012265
v 0.159339 -0.488620 0.024455
v 0.162105 -0.484115 0.022836
v 0.164552 -0.480151 0.021430
v 0.158213 -0.487319 0.025649
v 0.161225 -0.482311 0.023903
v 0.164949 -0.476638 0.021693
v 0.168644 -0.469970 0.019679
v 0.171978 -0.463459 0.017921
v 0.157039 -0.486140 0.027038
v 0.159919 -0.480921 0.025463
v 0.163161 -0.474715 0.023823
v 0.166931 -0.468679 0.021571
v 0.169791 -0.463684 0.019968
v 0.155914 -0.485173 0.028513
v 0.158551 -0.480262 0.027114
v 0.160902 -0.475855 0.025922
v 0.199481 -0.445293 -0.000487
v 0.205206 -0.436563 -0.004644
v 0.211534 -0.426538 -0.009259
v 0.195203 -0.443453 0.001873
v 0.200513 -0.434672 -0.001978
v 0.205660 -0.424611 -0.005718
v 0.184765 -0.449905 0.008971
v 0.190333 -0.442232 0.005210
v 0.196531 -0.433620 0.000776
v 0.192549 -0.433416 0.003952
v 0.199129 -0.423665 -0.000789
v 0.201453 -0.412542 -0.001713
v 0.176819 -0.457108 0.014682
v 0.180924 -0.451187 0.012006
v 0.185455 -0.442585 0.009218
v 0.188586 -0.434052 0.007539
v 0.193109 -0.424196 0.004695
v 0.196751 -0.412182 0.003107
v 0.197837 -0.402828 0.004350
v 0.174331 -0.457212 0.016987
v 0.178172 -0.449283 0.014945
v 0.182346 -0.442584 0.012168
v 0.179000 -0.443713 0.015458
v 0.183669 -0.435687 0.012368
v 0.188574 -0.426474 0.009089
v 0.184347 -0.428996 0.013534
v 0.189299 -0.419296 0.010263
v 0.192582 -0.406058 0.010470
v 0.192959 -0.398258 0.013620
v 0.163505 -0.471151 0.024496
v 0.166422 -0.466106 0.022842
v 0.170675 -0.458742 0.020430
v 0.174681 -0.451391 0.018147
v 0.171396 -0.453582 0.021367
v 0.175432 -0.445966 0.019082
v 0.179752 -0.437870 0.016481
v 0.176144 -0.440422 0.020435
v 0.180421 -0.431767 0.018009
v 0.184985 -0.422303 0.015277
v 0.181056 -0.425687 0.020073
v 0.185585 -0.415615 0.017596
v 0.188182 -0.403891 0.019769
v 0.187773 -0.399486 0.024585
v 0.154973 -0.484158 0.030012
v 0.157762 -0.478857 0.028577
v 0.161187 -0.472426 0.026842
v 0.164882 -0.465605 0.024890
v 0.167892 -0.460120 0.023303
v 0.161536 -0.468903 0.027967
v 0.164325 -0.463533 0.026587
v 0.168333 -0.455846 0.024601
v 0.172126 -0.448441 0.022632
v 0.169024 -0.451162 0.026084
v 0.172850 -0.443338 0.024221
v 0.176835 -0.434916 0.022286
v 0.173627 -0.438256 0.026147
v 0.177498 -0.429458 0.024630
v 0.181816 -0.419717 0.022480
v 0.178143 -0.423578 0.028208
v 0.182696 -0.413866 0.025225
v 0.178608 -0.419495 0.031449
v 0.183125 -0.407986 0.030459
v 0.183664 -0.403265 0.036838
v 0.184268 -0.400297 0.043015
v 0.154063 -0.483341 0.031620
v 0.156636 -0.478335 0.030356
v 0.158995 -0.473821 0.029224
v 0.153311 -0.482472 0.033278
v 0.156021 -0.477083 0.032012
v 0.159352 -0.470548 0.030479
v 0.162861 -0.463537 0.028901
v 0.165707 -0.457886 0.027644
v 0.159780 -0.467337 0.031882
v 0.162362 -0.461953 0.030897
v 0.166142 -0.454114 0.029433
v 0.169854 -0.446468 0.027748
v 0.166831 -0.449576 0.031857
v 0.170801 -0.441786 0.029587
v 0.174082 -0.434211 0.028580
v 0.166998 -0.447124 0.034123
v 0.170022 -0.440132 0.033589
v 0.174198 -0.431216 0.031515
v 0.171012 -0.435994 0.036139
v 0.174889 -0.426710 0.035662
v 0.179038 -0.416225 0.035134
v 0.175424 -0.423666 0.040648
v 0.179413 -0.413781 0.039257
v 0.175962 -0.421859 0.045353
v 0.179962 -0.411698 0.044361
v 0.219079 -0.414624 -0.014427
v 0.228241 -0.399945 -0.019621
v 0.240074 -0.381218 -0.024905
v 0.254723 -0.358185 -0.030137
v 0.272160 -0.329418 -0.035172
v 0.293446 -0.292241 -0.040942
v 0.318194 -0.248100 -0.047657
v 0.345537 -0.189701 -0.048039
v 0.407910 -0.081077 -0.022363
v 0.212310 -0.412938 -0.010386
v 0.219213 -0.398792 -0.014231
v 0.228885 -0.379831 -0.018445
v 0.240822 -0.358117 -0.022623
v 0.252633 -0.331748 -0.024460
v 0.268406 -0.292930 -0.025670
v 0.291986 -0.256341 -0.033039
v 0.267895 -0.267473 -0.017287
v 0.293081 -0.226343 -0.023110
v 0.304620 -0.170571 -0.005537
v 0.206626 -0.412809 -0.006236
v 0.209297 -0.401274 -0.007022
v 0.217783 -0.379839 -0.010152
v 0.229575 -0.361333 -0.015451
v 0.219166 -0.365417 -0.007635
v 0.231843 -0.345192 -0.012364
v 0.240918 -0.314710 -0.009256
v 0.246308 -0.281659 -0.000684
v 0.265854 -0.243899 -0.005384
v 0.239281 -0.265314 0.019212
v 0.263367 -0.222221 0.010077
v 0.203379 -0.401253 -0.001520
v 0.205094 -0.389752 -0.000110
v 0.210067 -0.370212 0.000983
v 0.220139 -0.351330 -0.002961
v 0.210151 -0.358788 0.006400
v 0.220404 -0.337817 0.003545
v 0.223925 -0.314969 0.012243
v 0.221904 -0.301272 0.026970
v 0.198539 -0.393573 0.006941
v 0.198941 -0.384415 0.010891
v 0.202143 -0.367501 0.015688
v 0.210453 -0.348004 0.013007
v 0.201362 -0.358946 0.025571
v 0.210751 -0.338021 0.020569
v 0.201143 -0.352420 0.036061
v 0.209964 -0.329316 0.032360
v 0.192974 -0.391656 0.018016
v 0.192629 -0.386272 0.023626
v 0.193878 -0.376988 0.030662
v 0.194431 -0.371517 0.039092
v 0.187858 -0.395077 0.029538
v 0.188410 -0.390682 0.034596
v 0.189011 -0.387026 0.041393
v 0.152586 -0.481796 0.035050
v 0.155091 -0.476736 0.033938
v 0.157381 -0.472246 0.032896
v 0.152013 -0.481046 0.036898
v 0.154675 -0.475581 0.035794
v 0.157887 -0.469311 0.034269
v 0.160978 -0.462589 0.033370
v 0.163550 -0.457294 0.032360
v 0.151454 -0.480476 0.038888
v 0.154013 -0.474994 0.038067
v 0.156970 -0.468536 0.037393
v 0.160409 -0.461576 0.035948
v 0.163731 -0.455030 0.034271
v 0.157635 -0.465713 0.039091
v 0.160261 -0.459925 0.038742
v 0.164406 -0.451477 0.036907
v 0.167532 -0.444241 0.036552
v 0.160949 -0.457337 0.040818
v 0.163888 -0.450792 0.040818
v 0.168394 -0.440957 0.039143
v 0.171621 -0.433296 0.039034
v 0.164673 -0.448279 0.044189
v 0.168309 -0.440188 0.043131
v 0.171822 -0.432058 0.042270
v 0.165194 -0.447078 0.047498
v 0.168669 -0.439236 0.046880
v 0.172247 -0.430870 0.046223
v 0.150953 -0.480130 0.040860
v 0.153266 -0.475142 0.040178
v 0.155333 -0.470763 0.039568
v 0.150633 -0.479720 0.042816
v 0.153069 -0.474445 0.042200
v 0.155950 -0.468472 0.041120
v 0.158329 -0.463213 0.040916
v 0.150348 -0.479522 0.044793
v 0.152738 -0.474209 0.044661
v 0.155720 -0.467974 0.043799
v 0.158968 -0.461098 0.042869
v 0.161444 -0.455608 0.042990
v 0.153398 -0.472414 0.046251
v 0.155530 -0.467888 0.046514
v 0.158743 -0.461105 0.045786
v 0.161672 -0.454793 0.045261
v 0.156295 -0.466360 0.048882
v 0.159097 -0.460424 0.048463
v 0.162074 -0.454001 0.048046
v 0.150036 -0.479775 0.046435
v 0.151605 -0.476348 0.046220
v 0.150173 -0.479399 0.047965
v 0.152217 -0.474924 0.047544
v 0.153935 -0.471252 0.047797
v 0.150379 -0.479179 0.049640
v 0.152303 -0.474955 0.049446
v 0.154234 -0.470812 0.049311
v 0.139809 -0.531842 0.049658
v 0.140201 -0.531542 0.050697
v 0.140737 -0.531112 0.051633
v 0.141357 -0.530346 0.052612
v 0.142290 -0.529353 0.053792
v 0.143358 -0.528240 0.054974
v 0.144546 -0.526924 0.056165
v 0.145904 -0.525441 0.057391
v 0.147357 -0.523861 0.058582
v 0.139057 -0.531076 0.049844
v 0.139436 -0.530690 0.050959
v 0.139448 -0.529763 0.051676
v 0.140087 -0.530510 0.051732
v 0.140271 -0.529509 0.052585
v 0.141311 -0.528377 0.053966
v 0.142373 -0.527340 0.055133
v 0.143434 -0.525949 0.056299
v 0.144832 -0.524379 0.057591
v 0.146287 -0.522884 0.058755
v 0.138507 -0.530202 0.049961
v 0.138175 -0.529045 0.050215
v 0.138860 -0.529995 0.050801
v 0.138824 -0.528874 0.051466
v 0.139624 -0.527995 0.052881
v 0.140635 -0.526922 0.054306
v 0.141035 -0.525388 0.055208
v 0.141710 -0.526417 0.055240
v 0.142300 -0.524781 0.056252
v 0.144015 -0.522874 0.057858
v 0.145554 -0.521874 0.058875
v 0.137824 -0.527544 0.050416
v 0.138370 -0.527168 0.051721
v 0.139103 -0.526288 0.053125
v 0.139401 -0.524700 0.053932
v 0.139969 -0.525891 0.054165
v 0.140353 -0.524257 0.055037
v 0.141776 -0.522739 0.056576
v 0.143131 -0.521917 0.057672
v 0.137573 -0.525906 0.050579
v 0.137475 -0.524076 0.050762
v 0.138071 -0.525586 0.051837
v 0.138045 -0.523751 0.052144
v 0.138640 -0.525144 0.052865
v 0.138934 -0.523354 0.053609
v 0.140071 -0.522028 0.055231
v 0.141168 -0.521457 0.056363
v 0.137482 -0.522052 0.050915
v 0.138045 -0.521625 0.052327
v 0.138877 -0.520760 0.053822
v 0.139699 -0.520502 0.054964
v 0.137607 -0.519938 0.051033
v 0.138128 -0.519575 0.052384
v 0.138733 -0.519079 0.053500
v 0.148901 -0.522106 0.059753
v 0.150591 -0.520215 0.060927
v 0.152400 -0.518126 0.062106
v 0.147708 -0.521063 0.059905
v 0.149416 -0.519236 0.061066
v 0.151114 -0.517071 0.062234
v 0.144717 -0.520892 0.058805
v 0.146531 -0.519670 0.059974
v 0.147739 -0.517140 0.061118
v 0.148542 -0.518248 0.061122
v 0.149842 -0.515655 0.062286
v 0.151284 -0.512820 0.063450
v 0.142404 -0.520760 0.057469
v 0.143777 -0.519941 0.058549
v 0.145515 -0.518126 0.059882
v 0.147009 -0.515914 0.061057
v 0.148855 -0.513946 0.062254
v 0.150802 -0.511097 0.063554
v 0.152150 -0.508341 0.064482
v 0.140687 -0.520050 0.056107
v 0.141838 -0.519408 0.057249
v 0.143588 -0.517495 0.058819
v 0.144605 -0.515051 0.059744
v 0.145056 -0.516637 0.059879
v 0.146237 -0.514103 0.060897
v 0.147496 -0.511256 0.061835
v 0.148070 -0.512789 0.062039
v 0.149282 -0.510143 0.062926
v 0.151440 -0.506999 0.064229
v 0.139470 -0.518727 0.054642
v 0.140336 -0.518523 0.055810
v 0.141826 -0.516765 0.057400
v 0.142765 -0.514279 0.058239
v 0.143133 -0.515939 0.058578
v 0.144164 -0.513374 0.059478
v 0.145432 -0.510473 0.060384
v 0.145789 -0.512334 0.060685
v 0.147136 -0.509348 0.061641
v 0.148781 -0.506009 0.062631
v 0.149044 -0.508107 0.062856
v 0.150876 -0.504664 0.063958
v 0.153063 -0.500398 0.065130
v 0.154814 -0.497029 0.065969
v 0.137897 -0.517671 0.051167
v 0.138473 -0.517309 0.052633
v 0.139386 -0.516709 0.054267
v 0.140202 -0.514043 0.055047
v 0.140493 -0.516064 0.055857
v 0.141048 -0.513507 0.056260
v 0.141540 -0.515177 0.057032
v 0.142484 -0.512519 0.057806
v 0.143695 -0.509663 0.058675
v 0.143880 -0.511531 0.059105
v 0.145169 -0.508526 0.059995
v 0.146689 -0.505136 0.060857
v 0.146877 -0.507297 0.061310
v 0.148494 -0.503851 0.062254
v 0.150577 -0.499565 0.063337
v 0.152314 -0.496124 0.064134
v 0.150408 -0.502717 0.063560
v 0.152012 -0.499482 0.064426
v 0.154438 -0.494817 0.065554
v 0.157283 -0.489564 0.066780
v 0.160003 -0.484581 0.067887
v 0.138300 -0.515256 0.051259
v 0.138856 -0.512660 0.051364
v 0.138831 -0.514936 0.052668
v 0.139435 -0.512324 0.052886
v 0.139462 -0.514520 0.053850
v 0.140356 -0.511734 0.054586
v 0.141428 -0.508726 0.055335
v 0.141494 -0.510932 0.056251
v 0.142442 -0.507696 0.056669
v 0.143665 -0.504844 0.057379
v 0.142470 -0.510466 0.057427
v 0.143608 -0.507776 0.058191
v 0.144714 -0.504285 0.058612
v 0.145059 -0.506445 0.059503
v 0.146572 -0.502870 0.060286
v 0.148577 -0.498565 0.061265
v 0.150229 -0.495190 0.061995
v 0.148231 -0.501797 0.061679
v 0.149791 -0.498514 0.062457
v 0.152086 -0.493841 0.063471
v 0.154689 -0.488553 0.064488
v 0.157215 -0.483521 0.065397
v 0.154142 -0.492522 0.064945
v 0.156056 -0.488763 0.065765
v 0.158533 -0.484017 0.066724
v 0.154373 -0.515883 0.063300
v 0.156499 -0.513386 0.064526
v 0.158843 -0.510651 0.065811
v 0.161277 -0.507853 0.067089
v 0.163804 -0.504864 0.068376
v 0.166478 -0.501747 0.069686
v 0.168893 -0.499128 0.070789
v 0.171214 -0.496253 0.071856
v 0.173988 -0.492919 0.073034
v 0.153092 -0.514925 0.063400
v 0.155076 -0.512364 0.064596
v 0.157501 -0.509431 0.065943
v 0.159942 -0.506771 0.067187
v 0.162351 -0.503686 0.068455
v 0.165434 -0.499945 0.069978
v 0.167229 -0.496749 0.071030
v 0.167908 -0.498229 0.070872
v 0.169528 -0.495459 0.071796
v 0.172486 -0.491919 0.073044
v 0.152091 -0.514047 0.063386
v 0.153491 -0.511387 0.064429
v 0.156417 -0.507618 0.066088
v 0.158108 -0.504388 0.067186
v 0.158903 -0.505803 0.067168
v 0.160491 -0.502857 0.068181
v 0.163582 -0.498877 0.069704
v 0.166861 -0.494689 0.071263
v 0.169690 -0.490159 0.072617
v 0.169171 -0.493712 0.072029
v 0.171256 -0.490839 0.072973
v 0.152878 -0.509756 0.064536
v 0.154493 -0.506619 0.065581
v 0.157561 -0.502528 0.067243
v 0.159456 -0.499047 0.068275
v 0.159906 -0.501087 0.068256
v 0.161807 -0.497720 0.069293
v 0.165011 -0.493520 0.070786
v 0.168019 -0.489082 0.072160
v 0.153750 -0.504534 0.065465
v 0.156253 -0.501055 0.066779
v 0.159144 -0.496740 0.068242
v 0.161853 -0.491817 0.069535
v 0.164750 -0.487019 0.070834
v 0.161478 -0.495639 0.069304
v 0.163621 -0.492308 0.070327
v 0.166409 -0.487974 0.071587
v 0.153105 -0.503158 0.065182
v 0.154839 -0.500122 0.066079
v 0.157090 -0.495721 0.067178
v 0.160172 -0.490924 0.068641
v 0.163106 -0.486062 0.069937
v 0.156766 -0.493502 0.066867
v 0.158916 -0.489825 0.067824
v 0.161594 -0.485165 0.068957
v 0.139527 -0.509895 0.051426
v 0.140372 -0.506887 0.051509
v 0.141359 -0.503613 0.051561
v 0.140045 -0.509640 0.052879
v 0.140934 -0.506649 0.053088
v 0.141992 -0.503180 0.053194
v 0.140628 -0.509374 0.054071
v 0.141665 -0.506580 0.054721
v 0.143039 -0.502220 0.054974
v 0.144439 -0.498895 0.055696
v 0.142648 -0.505610 0.056082
v 0.144012 -0.502392 0.056823
v 0.145570 -0.497766 0.057118
v 0.147215 -0.494185 0.057794
v 0.145478 -0.501213 0.058500
v 0.146872 -0.497332 0.058805
v 0.148733 -0.492662 0.059283
v 0.151161 -0.487641 0.060159
v 0.153492 -0.482659 0.060802
v 0.146637 -0.500546 0.059692
v 0.148025 -0.497404 0.060253
v 0.150184 -0.493017 0.061211
v 0.152312 -0.487939 0.061795
v 0.154649 -0.482891 0.062463
v 0.151936 -0.491607 0.062654
v 0.153693 -0.487824 0.063240
v 0.155994 -0.483053 0.063981
v 0.142421 -0.500270 0.051565
v 0.143628 -0.496758 0.051590
v 0.144928 -0.493102 0.051565
v 0.142973 -0.499939 0.053104
v 0.144238 -0.496399 0.053250
v 0.145800 -0.492072 0.053288
v 0.147259 -0.488765 0.053850
v 0.143572 -0.499620 0.054358
v 0.144880 -0.496548 0.054968
v 0.146557 -0.492057 0.055122
v 0.148361 -0.487353 0.055227
v 0.150559 -0.482606 0.055760
v 0.145931 -0.495481 0.056356
v 0.147510 -0.491983 0.056951
v 0.149343 -0.487307 0.057100
v 0.151403 -0.482585 0.057471
v 0.148831 -0.490609 0.058319
v 0.150412 -0.487043 0.058690
v 0.152483 -0.482472 0.059145
v 0.146052 -0.489976 0.051412
v 0.147377 -0.486718 0.051436
v 0.148966 -0.482955 0.051381
v 0.146489 -0.489639 0.052578
v 0.147787 -0.486731 0.053010
v 0.149451 -0.482731 0.052933
v 0.148689 -0.485533 0.054201
v 0.150084 -0.482380 0.054338
v 0.233306 -0.412574 0.102767
v 0.218562 -0.434629 0.093129
v 0.225639 -0.424437 0.097482
v 0.224739 -0.409826 0.100251
v 0.212650 -0.432266 0.091988
v 0.218969 -0.421888 0.095974
v 0.216134 -0.395643 0.097103
v 0.207625 -0.420601 0.091249
v 0.215243 -0.408821 0.095891
v 0.199200 -0.439853 0.086286
v 0.205830 -0.430883 0.089687
v 0.213253 -0.420619 0.093909
v 0.208448 -0.385950 0.090129
v 0.209333 -0.396186 0.091953
v 0.202081 -0.421850 0.088012
v 0.206702 -0.410219 0.090627
v 0.189276 -0.448412 0.081514
v 0.194070 -0.441608 0.083841
v 0.199083 -0.431693 0.086388
v 0.200141 -0.384206 0.079336
v 0.201678 -0.391492 0.083626
v 0.194877 -0.417478 0.082214
v 0.200039 -0.405988 0.084903
v 0.190083 -0.433947 0.080955
v 0.195290 -0.424562 0.083585
v 0.200586 -0.413662 0.086417
v 0.185818 -0.448851 0.079670
v 0.189905 -0.439936 0.081438
v 0.194692 -0.432122 0.083837
v 0.192410 -0.390005 0.067802
v 0.194402 -0.392609 0.073452
v 0.189040 -0.415764 0.075522
v 0.193489 -0.404243 0.077080
v 0.185119 -0.431530 0.076229
v 0.189590 -0.421659 0.078025
v 0.194279 -0.410699 0.080042
v 0.180937 -0.445730 0.075912
v 0.185299 -0.437135 0.077732
v 0.189986 -0.427845 0.079813
v 0.172947 -0.464809 0.073465
v 0.176190 -0.459240 0.074828
v 0.180906 -0.451045 0.076803
v 0.185314 -0.442754 0.078682
v 0.184977 -0.398892 0.049412
v 0.185835 -0.399134 0.055938
v 0.182846 -0.413264 0.063493
v 0.186984 -0.401170 0.062999
v 0.183517 -0.416291 0.067206
v 0.188270 -0.405154 0.069084
v 0.180543 -0.430818 0.070627
v 0.184328 -0.421182 0.071352
v 0.188604 -0.410257 0.072538
v 0.176734 -0.444254 0.071552
v 0.180719 -0.435596 0.072831
v 0.184804 -0.426203 0.074097
v 0.169536 -0.463140 0.070567
v 0.172533 -0.457279 0.071626
v 0.176828 -0.448822 0.073116
v 0.180890 -0.440566 0.074582
v 0.162882 -0.479314 0.068997
v 0.166025 -0.473546 0.070159
v 0.169745 -0.466611 0.071572
v 0.173811 -0.459120 0.073132
v 0.177141 -0.453031 0.074366
v 0.176611 -0.420940 0.050116
v 0.180634 -0.410590 0.049752
v 0.177392 -0.420936 0.054942
v 0.181404 -0.410566 0.055039
v 0.174725 -0.431667 0.060731
v 0.178334 -0.422130 0.060189
v 0.182151 -0.411348 0.059432
v 0.171824 -0.442319 0.063731
v 0.174684 -0.435046 0.063623
v 0.179050 -0.425267 0.064762
v 0.172498 -0.444175 0.066074
v 0.176821 -0.435495 0.067617
v 0.179999 -0.427364 0.067932
v 0.166338 -0.462349 0.067082
v 0.169000 -0.456591 0.067722
v 0.172878 -0.448164 0.068632
v 0.176751 -0.439795 0.069712
v 0.159932 -0.478203 0.066315
v 0.162938 -0.472384 0.067283
v 0.166509 -0.465374 0.068444
v 0.170262 -0.457773 0.069585
v 0.173283 -0.451619 0.070458
v 0.161274 -0.478824 0.067721
v 0.164159 -0.473393 0.068718
v 0.166783 -0.468478 0.069585
v 0.502452 0.012931 0.057850
v 0.467489 -0.033245 0.111143
v 0.322058 -0.201189 0.147571
v 0.394064 -0.117757 0.132130
v 0.281996 -0.280687 0.164409
v 0.261301 -0.357973 0.130723
v 0.271484 -0.327328 0.147150
v 0.251159 -0.380908 0.118508
v 0.241933 -0.398400 0.109643
v 0.297434 -0.141673 0.032212
v 0.243836 -0.212085 0.094717
v 0.282327 -0.159409 0.081402
v 0.253491 -0.228315 0.125637
v 0.301043 -0.169109 0.116695
v 0.250631 -0.287817 0.135407
v 0.243964 -0.354588 0.120600
v 0.249716 -0.325741 0.130616
v 0.237627 -0.378328 0.112236
v 0.231868 -0.395612 0.106074
v 0.233115 -0.254373 0.042919
v 0.254746 -0.206723 0.035905
v 0.230460 -0.249277 0.073119
v 0.247491 -0.205597 0.062958
v 0.230626 -0.276245 0.098724
v 0.224571 -0.338761 0.103422
v 0.231523 -0.312143 0.110340
v 0.228431 -0.355415 0.107865
v 0.236025 -0.331374 0.116615
v 0.224212 -0.381614 0.103234
v 0.223660 -0.395447 0.101809
v 0.219049 -0.294340 0.045337
v 0.217568 -0.295851 0.065692
v 0.211795 -0.338219 0.082468
v 0.217168 -0.313381 0.083068
v 0.214968 -0.348133 0.091423
v 0.220625 -0.324768 0.095166
v 0.214765 -0.369872 0.094590
v 0.215967 -0.382657 0.096670
v 0.201261 -0.349114 0.047663
v 0.209024 -0.324727 0.046535
v 0.202147 -0.349476 0.059822
v 0.208899 -0.325354 0.061119
v 0.204582 -0.352648 0.072521
v 0.209666 -0.330627 0.072327
v 0.204793 -0.368235 0.080753
v 0.206929 -0.376627 0.086390
v 0.194980 -0.369128 0.048369
v 0.195710 -0.370164 0.057839
v 0.196246 -0.375996 0.066834
v 0.198335 -0.379031 0.073729
v 0.189680 -0.385254 0.048860
v 0.190430 -0.385635 0.056199
v 0.191092 -0.387674 0.062044
v 0.200495 -0.459170 0.083883
v 0.206149 -0.451672 0.086559
v 0.212220 -0.443558 0.089597
v 0.186401 -0.477403 0.077962
v 0.190702 -0.471871 0.079712
v 0.195476 -0.465792 0.081650
v 0.176970 -0.489292 0.074246
v 0.180103 -0.485434 0.075478
v 0.183259 -0.481665 0.076658
v 0.196594 -0.457568 0.083416
v 0.201980 -0.449439 0.086080
v 0.207580 -0.441316 0.088949
v 0.179459 -0.480664 0.076245
v 0.183177 -0.476907 0.077555
v 0.187853 -0.470352 0.079517
v 0.192401 -0.464263 0.081404
v 0.175419 -0.488174 0.074266
v 0.178539 -0.483918 0.075564
v 0.181645 -0.480846 0.076599
v 0.186748 -0.462964 0.080054
v 0.191781 -0.457097 0.082147
v 0.197930 -0.446845 0.085209
v 0.203723 -0.439738 0.087981
v 0.172876 -0.485750 0.073968
v 0.176805 -0.481006 0.075551
v 0.180891 -0.474859 0.077279
v 0.185470 -0.467993 0.079230
v 0.189855 -0.463148 0.080941
v 0.173931 -0.487279 0.074097
v 0.176414 -0.484080 0.075076
v 0.179072 -0.469049 0.076954
v 0.183161 -0.463629 0.078705
v 0.188148 -0.454580 0.080931
v 0.193334 -0.447725 0.083351
v 0.171226 -0.484397 0.073547
v 0.174754 -0.479271 0.075029
v 0.178470 -0.473143 0.076616
v 0.182345 -0.468278 0.078194
v 0.167903 -0.481953 0.072180
v 0.171433 -0.476442 0.073638
v 0.175743 -0.470215 0.075473
v 0.179873 -0.462895 0.077222
v 0.183554 -0.455674 0.078762
v 0.169513 -0.483215 0.072927
v 0.172774 -0.478268 0.074291
v 0.175647 -0.473891 0.075467
v 0.166179 -0.480874 0.071222
v 0.169477 -0.475174 0.072545
v 0.173072 -0.468422 0.073931
v 0.177387 -0.461724 0.075797
v 0.180585 -0.456176 0.077133
v 0.164497 -0.480051 0.070130
v 0.167483 -0.474710 0.071290
v 0.170083 -0.469930 0.072271
v 0.165739 -0.446525 0.050816
v 0.169251 -0.438584 0.050617
v 0.172850 -0.430114 0.050338
v 0.166320 -0.446630 0.054153
v 0.170066 -0.438234 0.054373
v 0.173599 -0.429853 0.054337
v 0.164012 -0.454601 0.058195
v 0.166706 -0.448059 0.057634
v 0.171402 -0.437652 0.058318
v 0.174380 -0.429924 0.057630
v 0.161592 -0.462525 0.060434
v 0.164082 -0.456628 0.060365
v 0.168528 -0.447557 0.061430
v 0.171481 -0.440127 0.061139
v 0.155975 -0.477380 0.061373
v 0.158680 -0.471615 0.061876
v 0.161589 -0.464958 0.062174
v 0.165270 -0.457513 0.063078
v 0.168890 -0.450395 0.064191
v 0.157229 -0.477544 0.063168
v 0.160129 -0.471711 0.063947
v 0.163678 -0.464939 0.065031
v 0.166815 -0.457837 0.065501
v 0.169494 -0.452159 0.066118
v 0.158580 -0.477838 0.064779
v 0.161326 -0.472415 0.065605
v 0.163819 -0.467592 0.066365
v 0.156733 -0.466006 0.051181
v 0.159575 -0.460010 0.051092
v 0.162575 -0.453533 0.050927
v 0.155008 -0.471191 0.054168
v 0.156880 -0.466809 0.053593
v 0.160193 -0.459854 0.053748
v 0.163149 -0.453423 0.053710
v 0.152697 -0.477857 0.055950
v 0.154933 -0.472572 0.055788
v 0.158067 -0.466102 0.056176
v 0.161458 -0.458958 0.056540
v 0.163732 -0.453509 0.055970
v 0.153668 -0.477593 0.057793
v 0.156204 -0.472124 0.058083
v 0.159299 -0.465837 0.058720
v 0.161582 -0.460498 0.058549
v 0.154793 -0.477460 0.059579
v 0.157215 -0.472259 0.059967
v 0.159347 -0.467701 0.060292
v 0.150749 -0.478915 0.051318
v 0.152686 -0.474670 0.051248
v 0.154600 -0.470528 0.051092
v 0.151275 -0.478611 0.052955
v 0.153392 -0.474049 0.053091
v 0.154936 -0.470478 0.052595
v 0.151811 -0.478510 0.054428
v 0.153362 -0.475057 0.054439
vn 0.4830 -0.8368 -0.2576
vn 0.4881 -0.8582 -0.1588
vn 0.5051 -0.8483 -0.1586
vn 0.4059 -0.8013 -0.4395
vn 0.4112 -0.7904 -0.4541
vn 0.4280 -0.8352 -0.3454
vn 0.4364 -0.8282 -0.3517
vn 0.4473 -0.8164 -0.3654
vn 0.4516 -0.8196 -0.3526
vn 0.4413 -0.8627 -0.2471
vn 0.4539 -0.8526 -0.2589
vn 0.4558 -0.8466 -0.2748
vn 0.4541 -0.8534 -0.2561
vn 0.4448 -0.8495 -0.2836
vn 0.4607 -0.8759 -0.1431
vn 0.4762 -0.8648 -0.1590
vn 0.4574 -0.8746 -0.1608
vn 0.3044 -0.7323 -0.6092
vn 0.3111 -0.7200 -0.6204
vn 0.3331 -0.7796 -0.5303
vn 0.3431 -0.7689 -0.5394
vn 0.3503 -0.7682 -0.5358
vn 0.3668 -0.7740 -0.5161
vn 0.3614 -0.7569 -0.5446
vn 0.3774 -0.7683 -0.5170
vn 0.3715 -0.8202 -0.4351
vn 0.3846 -0.8024 -0.4563
vn 0.3872 -0.8138 -0.4334
vn 0.3709 -0.8062 -0.4610
vn 0.3948 -0.8488 -0.3518
vn 0.3958 -0.8439 -0.3622
vn 0.4060 -0.8511 -0.3328
vn 0.3984 -0.8438 -0.3597
vn 0.4020 -0.8817 -0.2469
vn 0.4267 -0.8693 -0.2496
vn 0.4149 -0.8768 -0.2430
vn 0.4275 -0.8943 -0.1319
vn 0.4526 -0.8797 -0.1460
vn 0.4392 -0.8881 -0.1358
vn 0.0718 -0.5601 -0.8253
vn 0.0824 -0.5434 -0.8354
vn 0.0059 -0.5433 -0.8396
vn 0.0195 -0.5253 -0.8507
vn -0.0256 -0.4744 -0.8799
vn 0.0113 -0.5155 -0.8568
vn -0.0297 -0.4541 -0.8904
vn 0.0134 -0.4916 -0.8707
vn -0.0946 -0.4179 -0.9035
vn -0.0853 -0.4068 -0.9095
vn -0.0683 -0.4983 -0.8643
vn -0.0901 -0.4468 -0.8901
vn -0.0601 -0.4686 -0.8813
vn -0.0718 -0.4673 -0.8812
vn -0.1595 -0.3897 -0.9070
vn -0.1509 -0.3799 -0.9127
vn -0.1698 -0.3360 -0.9264
vn -0.1401 -0.3646 -0.9206
vn -0.1487 -0.4478 -0.8817
vn -0.1736 -0.4116 -0.8947
vn -0.1393 -0.4470 -0.8836
vn -0.1534 -0.4239 -0.8926
vn -0.2516 -0.2650 -0.9308
vn -0.2394 -0.3523 -0.9047
vn -0.2269 -0.3398 -0.9127
vn -0.2463 -0.3080 -0.9189
vn -0.2202 -0.3302 -0.9179
vn -0.2291 -0.3258 -0.9173
vn -0.2405 -0.4118 -0.8790
vn -0.2328 -0.3871 -0.8922
vn -0.2487 -0.3779 -0.8918
vn -0.3159 -0.2387 -0.9183
vn -0.3099 -0.2163 -0.9259
vn -0.3169 -0.2961 -0.9011
vn -0.3109 -0.2699 -0.9113
vn -0.3216 -0.2721 -0.9069
vn -0.3214 -0.3552 -0.8778
vn -0.3099 -0.3181 -0.8960
vn -0.3217 -0.3200 -0.8911
vn 0.2620 -0.9224 -0.2839
vn 0.2901 -0.9509 -0.1080
vn 0.1770 -0.8911 -0.4178
vn 0.1857 -0.9439 -0.2731
vn 0.2127 -0.9347 -0.2848
vn 0.2232 -0.9691 -0.1050
vn 0.2485 -0.9619 -0.1139
vn 0.0600 -0.8174 -0.5729
vn 0.0363 -0.8894 -0.4556
vn 0.1016 -0.9182 -0.3828
vn 0.1095 -0.8821 -0.4582
vn 0.0813 -0.9557 -0.2829
vn 0.1315 -0.9860 -0.1024
vn -0.0838 -0.7183 -0.6906
vn -0.1225 -0.7816 -0.6116
vn -0.0497 -0.8374 -0.5444
vn -0.0461 -0.7825 -0.6209
vn -0.0527 -0.8915 -0.4499
vn 0.0038 -0.9452 -0.3266
vn 0.0402 -0.9889 -0.1431
vn 0.0742 -0.9878 -0.1369
vn -0.2107 -0.5966 -0.7743
vn -0.2219 -0.6982 -0.6807
vn -0.2021 -0.6667 -0.7174
vn -0.2172 -0.7760 -0.5922
vn -0.1664 -0.8489 -0.5017
vn -0.1952 -0.9034 -0.3819
vn -0.1028 -0.9494 -0.2968
vn -0.0975 -0.9140 -0.3938
vn -0.1772 -0.9790 -0.1007
vn -0.3421 -0.5080 -0.7905
vn -0.3492 -0.6288 -0.6948
vn -0.3392 -0.5935 -0.7299
vn -0.3537 -0.7015 -0.6187
vn -0.3463 -0.7941 -0.4994
vn -0.3355 -0.7639 -0.5513
vn -0.3682 -0.8847 -0.2857
vn -0.3401 -0.9370 -0.0799
vn 0.2164 -0.6683 -0.7117
vn 0.2550 -0.6966 -0.6706
vn 0.2204 -0.6526 -0.7249
vn 0.2671 -0.6875 -0.6753
vn 0.2491 -0.7280 -0.6387
vn 0.2859 -0.7515 -0.5945
vn 0.2580 -0.7129 -0.6521
vn 0.2933 -0.7392 -0.6063
vn 0.2678 -0.7277 -0.6315
vn 0.2833 -0.7815 -0.5559
vn 0.2941 -0.7876 -0.5415
vn 0.3118 -0.8329 -0.4573
vn 0.3320 -0.8208 -0.4648
vn 0.3535 -0.8302 -0.4310
vn 0.3420 -0.8266 -0.4469
vn 0.3449 -0.8660 -0.3621
vn 0.3631 -0.8761 -0.3171
vn 0.3629 -0.8573 -0.3652
vn 0.3595 -0.8964 -0.2594
vn 0.3649 -0.8961 -0.2528
vn 0.3886 -0.9126 -0.1271
vn 0.3967 -0.9092 -0.1262
vn 0.1405 -0.6103 -0.7796
vn 0.1635 -0.6278 -0.7610
vn 0.1426 -0.5900 -0.7947
vn 0.1724 -0.6154 -0.7691
vn 0.1559 -0.6584 -0.7363
vn 0.2016 -0.6928 -0.6924
vn 0.1685 -0.6451 -0.7453
vn 0.2072 -0.6754 -0.7077
vn 0.1816 -0.6630 -0.7262
vn 0.1896 -0.7187 -0.6689
vn 0.2321 -0.7485 -0.6211
vn 0.2148 -0.7285 -0.6505
vn 0.2133 -0.7784 -0.5905
vn 0.2554 -0.8066 -0.5330
vn 0.2435 -0.7770 -0.5805
vn 0.2480 -0.8406 -0.4816
vn 0.2706 -0.8397 -0.4709
vn 0.2899 -0.8832 -0.3686
vn 0.3193 -0.8914 -0.3216
vn 0.3175 -0.8766 -0.3617
vn 0.3364 -0.9010 -0.2738
vn 0.3145 -0.9113 -0.2657
vn 0.3716 -0.9199 -0.1252
vn 0.3488 -0.9292 -0.1224
vn 0.0789 -0.6000 -0.7961
vn 0.1033 -0.6185 -0.7789
vn 0.0888 -0.5850 -0.8062
vn 0.1173 -0.6083 -0.7850
vn 0.0966 -0.6030 -0.7919
vn 0.0909 -0.6427 -0.7607
vn 0.1375 -0.6800 -0.7202
vn 0.1156 -0.6542 -0.7474
vn 0.1178 -0.7079 -0.6964
vn 0.1696 -0.7459 -0.6441
vn 0.1549 -0.7132 -0.6836
vn 0.1439 -0.7785 -0.6109
vn 0.1910 -0.8088 -0.5562
vn 0.1833 -0.7790 -0.5996
vn 0.1945 -0.8432 -0.5012
vn 0.2462 -0.8756 -0.4156
vn 0.2652 -0.8810 -0.3919
vn 0.2491 -0.8897 -0.3827
vn 0.0366 -0.6009 -0.7985
vn 0.0204 -0.5874 -0.8090
vn 0.0121 -0.6277 -0.7784
vn 0.0662 -0.6704 -0.7390
vn 0.0549 -0.6365 -0.7693
vn 0.0338 -0.6977 -0.7156
vn 0.0879 -0.7390 -0.6679
vn 0.0766 -0.7021 -0.7080
vn 0.0975 -0.7784 -0.6202
vn 0.1345 -0.8180 -0.5593
vn 0.1627 -0.8371 -0.5223
vn 0.1427 -0.8277 -0.5427
vn -0.0471 -0.5768 -0.8155
vn -0.0539 -0.5304 -0.8460
vn -0.0350 -0.5552 -0.8309
vn -0.0530 -0.5353 -0.8430
vn -0.0336 -0.6449 -0.7635
vn -0.0421 -0.6121 -0.7896
vn -0.0176 -0.6921 -0.7216
vn 0.0143 -0.7337 -0.6793
vn 0.0473 -0.7589 -0.6495
vn 0.0281 -0.7483 -0.6627
vn -0.1570 -0.4996 -0.8519
vn -0.1247 -0.5342 -0.8361
vn -0.1377 -0.5047 -0.8523
vn -0.1713 -0.5451 -0.8207
vn -0.1147 -0.6021 -0.7902
vn -0.1232 -0.5584 -0.8204
vn -0.1083 -0.6253 -0.7729
vn -0.0800 -0.6523 -0.7537
vn -0.1033 -0.6405 -0.7610
vn -0.2290 -0.4841 -0.8445
vn -0.2424 -0.4702 -0.8486
vn -0.2192 -0.5210 -0.8249
vn -0.2306 -0.5299 -0.8161
vn -0.3251 -0.4166 -0.8490
vn -0.3267 -0.3934 -0.8594
vn -0.3324 -0.4421 -0.8331
vn -0.3331 -0.4573 -0.8246
vn 0.4939 -0.8273 -0.2676
vn 0.5006 -0.8234 -0.2672
vn 0.5210 -0.8389 -0.1578
vn 0.5266 -0.8329 -0.1700
vn 0.5264 -0.8319 -0.1754
vn 0.4167 -0.7845 -0.4592
vn 0.4229 -0.7819 -0.4579
vn 0.4231 -0.7825 -0.4568
vn 0.4527 -0.8067 -0.3799
vn 0.4651 -0.8136 -0.3490
vn 0.4608 -0.8019 -0.3802
vn 0.4752 -0.8107 -0.3421
vn 0.4634 -0.8014 -0.3783
vn 0.4559 -0.8071 -0.3752
vn 0.4977 -0.8139 -0.2997
vn 0.4968 -0.8119 -0.3068
vn 0.5130 -0.8193 -0.2560
vn 0.4907 -0.8205 -0.2932
vn 0.4823 -0.8279 -0.2862
vn 0.5347 -0.8213 -0.1990
vn 0.5197 -0.8302 -0.2018
vn 0.5087 -0.8370 -0.2014
vn 0.3136 -0.7140 -0.6260
vn 0.3139 -0.7095 -0.6309
vn 0.3090 -0.7052 -0.6381
vn 0.3625 -0.7484 -0.5554
vn 0.3840 -0.7639 -0.5188
vn 0.3618 -0.7423 -0.5640
vn 0.3882 -0.7614 -0.5192
vn 0.3594 -0.7376 -0.5717
vn 0.3902 -0.7623 -0.5164
vn 0.3484 -0.7439 -0.5703
vn 0.3402 -0.7444 -0.5746
vn 0.4054 -0.7742 -0.4862
vn 0.3921 -0.7668 -0.5081
vn 0.4261 -0.7885 -0.4435
vn 0.3815 -0.7717 -0.5088
vn 0.4421 -0.8015 -0.4026
vn 0.4306 -0.7961 -0.4253
vn 0.4584 -0.8145 -0.3555
vn 0.4064 -0.8126 -0.4177
vn 0.4768 -0.8236 -0.3072
vn 0.4532 -0.8347 -0.3130
vn 0.4313 -0.8454 -0.3152
vn 0.5005 -0.8393 -0.2124
vn 0.4804 -0.8487 -0.2212
vn 0.4597 -0.8588 -0.2260
vn 0.0831 -0.5351 -0.8407
vn 0.0785 -0.5257 -0.8470
vn 0.0743 -0.5201 -0.8509
vn -0.0333 -0.4391 -0.8978
vn 0.0156 -0.4805 -0.8769
vn -0.0384 -0.4270 -0.9034
vn 0.0133 -0.4703 -0.8824
vn -0.0467 -0.4176 -0.9074
vn 0.0077 -0.4602 -0.8878
vn -0.0073 -0.4617 -0.8870
vn -0.0191 -0.4577 -0.8889
vn -0.0856 -0.3935 -0.9153
vn -0.0926 -0.3784 -0.9210
vn -0.1005 -0.3698 -0.9237
vn -0.0801 -0.3888 -0.9178
vn -0.1232 -0.3534 -0.9273
vn -0.0703 -0.3994 -0.9141
vn -0.0824 -0.3994 -0.9131
vn -0.1756 -0.3124 -0.9336
vn -0.1338 -0.3508 -0.9268
vn -0.1836 -0.2932 -0.9383
vn -0.1442 -0.3281 -0.9336
vn -0.1586 -0.3120 -0.9368
vn -0.1751 -0.3065 -0.9356
vn -0.1643 -0.3178 -0.9338
vn -0.2081 -0.2817 -0.9367
vn -0.1590 -0.3248 -0.9323
vn -0.1808 -0.3356 -0.9245
vn -0.2455 -0.2498 -0.9367
vn -0.2485 -0.2366 -0.9393
vn -0.2217 -0.2478 -0.9431
vn -0.2572 -0.2135 -0.9425
vn -0.2191 -0.2478 -0.9437
vn -0.2403 -0.2399 -0.9406
vn -0.2597 -0.2349 -0.9367
vn -0.2555 -0.2335 -0.9382
vn -0.2696 -0.2502 -0.9299
vn -0.2879 -0.2567 -0.9226
vn -0.3120 -0.1908 -0.9307
vn -0.3098 -0.1796 -0.9337
vn -0.3147 -0.1702 -0.9338
vn -0.3026 -0.1604 -0.9395
vn -0.3099 -0.1707 -0.9353
vn -0.3223 -0.1717 -0.9309
vn -0.3269 -0.1723 -0.9292
vn -0.3378 -0.1835 -0.9232
vn -0.3536 -0.1896 -0.9160
vn 0.2207 -0.6457 -0.7309
vn 0.2687 -0.6816 -0.6806
vn 0.2185 -0.6402 -0.7364
vn 0.2684 -0.6774 -0.6849
vn 0.2128 -0.6340 -0.7435
vn 0.2680 -0.6750 -0.6874
vn 0.2807 -0.6918 -0.6653
vn 0.2545 -0.6764 -0.6912
vn 0.3025 -0.7110 -0.6348
vn 0.2451 -0.6724 -0.6984
vn 0.3012 -0.7153 -0.6306
vn 0.3092 -0.7312 -0.6081
vn 0.2820 -0.7261 -0.6271
vn 0.3553 -0.7710 -0.5285
vn 0.3305 -0.7577 -0.5628
vn 0.3737 -0.7898 -0.4864
vn 0.3094 -0.7684 -0.5601
vn 0.3807 -0.8092 -0.4476
vn 0.3565 -0.7969 -0.4876
vn 0.4004 -0.8277 -0.3932
vn 0.4155 -0.8405 -0.3477
vn 0.3824 -0.8516 -0.3585
vn 0.4426 -0.8630 -0.2433
vn 0.4145 -0.8729 -0.2572
vn 0.1370 -0.5792 -0.8036
vn 0.1719 -0.6081 -0.7750
vn 0.1305 -0.5703 -0.8110
vn 0.1707 -0.6033 -0.7790
vn 0.1213 -0.5617 -0.8184
vn 0.1713 -0.6010 -0.7807
vn 0.1855 -0.6202 -0.7622
vn 0.1538 -0.5990 -0.7859
vn 0.2031 -0.6382 -0.7426
vn 0.1376 -0.5896 -0.7959
vn 0.2045 -0.6407 -0.7401
vn 0.2125 -0.6649 -0.7161
vn 0.1723 -0.6418 -0.7473
vn 0.2305 -0.6868 -0.6894
vn 0.2412 -0.7103 -0.6613
vn 0.2038 -0.6887 -0.6958
vn 0.2652 -0.7357 -0.6232
vn 0.2743 -0.7577 -0.5921
vn 0.2459 -0.7436 -0.6218
vn 0.3240 -0.8039 -0.4987
vn 0.2979 -0.7760 -0.5560
vn 0.3492 -0.8194 -0.4545
vn 0.3632 -0.8327 -0.4180
vn 0.4004 -0.8680 -0.2935
vn 0.0907 -0.5405 -0.8365
vn 0.0516 -0.5119 -0.8575
vn 0.1024 -0.5564 -0.8246
vn 0.0344 -0.5046 -0.8627
vn 0.0957 -0.5523 -0.8282
vn 0.1024 -0.5768 -0.8105
vn 0.0597 -0.5498 -0.8332
vn 0.1217 -0.5998 -0.7908
vn 0.1325 -0.6257 -0.7687
vn 0.0845 -0.5943 -0.7998
vn 0.1551 -0.6501 -0.7438
vn 0.1664 -0.6763 -0.7176
vn 0.1254 -0.6407 -0.7575
vn 0.1860 -0.6917 -0.6979
vn 0.2104 -0.7039 -0.6784
vn 0.2748 -0.7512 -0.6002
vn 0.0006 -0.4796 -0.8775
vn -0.0010 -0.4982 -0.8671
vn 0.0175 -0.5268 -0.8498
vn -0.0350 -0.4922 -0.8698
vn 0.0320 -0.5468 -0.8367
vn 0.0400 -0.5713 -0.8198
vn -0.0036 -0.5326 -0.8464
vn 0.0625 -0.5866 -0.8074
vn 0.0917 -0.5953 -0.7983
vn 0.1493 -0.6285 -0.7633
vn -0.0804 -0.4198 -0.9040
vn -0.1284 -0.3828 -0.9149
vn -0.0694 -0.4335 -0.8985
vn -0.0912 -0.4398 -0.8935
vn -0.0809 -0.4579 -0.8853
vn -0.0801 -0.4703 -0.8789
vn -0.0437 -0.4812 -0.8755
vn 0.0143 -0.5085 -0.8609
vn -0.1724 -0.3546 -0.9190
vn -0.2262 -0.3140 -0.9221
vn -0.1620 -0.3689 -0.9153
vn -0.1721 -0.3892 -0.9049
vn -0.2272 -0.3319 -0.9155
vn -0.1532 -0.3905 -0.9078
vn -0.1393 -0.3919 -0.9094
vn -0.2814 -0.2585 -0.9241
vn -0.2956 -0.2792 -0.9136
vn -0.2763 -0.2754 -0.9208
vn -0.3592 -0.1931 -0.9131
vn -0.3705 -0.2055 -0.9058
vn -0.3663 -0.1992 -0.9089
vn 0.3419 -0.8201 -0.4588
vn 0.3879 -0.8581 -0.3365
vn 0.2648 -0.6913 -0.6723
vn 0.3056 -0.7545 -0.5808
vn 0.3432 -0.7563 -0.5570
vn 0.3989 -0.8116 -0.4269
vn 0.1287 -0.5409 -0.8312
vn 0.2097 -0.6191 -0.7568
vn 0.2584 -0.6219 -0.7392
vn 0.3165 -0.6749 -0.6665
vn 0.2873 -0.6125 -0.7364
vn 0.3903 -0.7531 -0.5296
vn 0.3786 -0.6968 -0.6092
vn -0.0249 -0.4097 -0.9119
vn 0.0639 -0.4794 -0.8752
vn 0.1059 -0.4625 -0.8803
vn 0.1822 -0.5088 -0.8414
vn 0.1250 -0.4148 -0.9013
vn 0.2112 -0.5096 -0.8341
vn 0.2339 -0.5164 -0.8238
vn 0.3581 -0.6079 -0.7087
vn -0.1839 -0.3128 -0.9318
vn -0.1041 -0.3581 -0.9278
vn -0.0665 -0.3164 -0.9463
vn 0.0042 -0.3435 -0.9391
vn -0.0532 -0.2569 -0.9650
vn 0.0488 -0.3370 -0.9402
vn 0.0712 -0.3564 -0.9316
vn 0.1373 -0.4358 -0.8895
vn 0.3078 -0.5437 -0.7808
vn 0.4994 -0.3741 -0.7814
vn -0.2656 -0.2722 -0.9249
vn -0.2204 -0.2331 -0.9471
vn -0.1632 -0.2145 -0.9630
vn -0.1472 -0.1849 -0.9717
vn -0.1070 -0.1819 -0.9775
vn -0.0654 -0.2291 -0.9712
vn -0.0169 -0.3042 -0.9524
vn -0.1168 -0.1801 -0.9767
vn -0.0413 -0.2694 -0.9621
vn 0.3708 0.0554 -0.9271
vn -0.3567 -0.1844 -0.9158
vn -0.3199 -0.1393 -0.9371
vn -0.2785 -0.1036 -0.9548
vn -0.2627 -0.0712 -0.9622
vn -0.2483 -0.0488 -0.9675
vn -0.2522 -0.0561 -0.9661
vn -0.2953 -0.0625 -0.9534
vn -0.2486 0.0049 -0.9686
vn 0.1776 0.2209 -0.9590
vn 0.5032 -0.8618 -0.0635
vn 0.5227 -0.8492 -0.0747
vn 0.5095 -0.8603 0.0149
vn 0.5291 -0.8485 0.0074
vn 0.5297 -0.8440 0.0846
vn 0.4704 -0.8810 -0.0512
vn 0.4906 -0.8693 -0.0602
vn 0.4751 -0.8783 -0.0533
vn 0.4798 -0.8765 0.0391
vn 0.4999 -0.8655 0.0326
vn 0.4857 -0.8734 0.0348
vn 0.5034 -0.8583 0.0997
vn 0.4849 -0.8657 0.1241
vn 0.5042 -0.8538 0.1297
vn 0.5044 -0.8511 0.1456
vn 0.5103 -0.8485 0.1403
vn 0.5216 -0.8347 0.1768
vn 0.5018 -0.8403 0.2053
vn 0.5094 -0.8355 0.2058
vn 0.5178 -0.8282 0.2142
vn 0.5032 -0.8185 0.2770
vn 0.5138 -0.8134 0.2725
vn 0.4381 -0.8982 -0.0363
vn 0.4682 -0.8824 -0.0471
vn 0.4561 -0.8888 -0.0445
vn 0.4468 -0.8927 0.0582
vn 0.4766 -0.8777 0.0495
vn 0.4637 -0.8847 0.0480
vn 0.4497 -0.8806 0.1495
vn 0.4770 -0.8673 0.1425
vn 0.4649 -0.8746 0.1375
vn 0.4750 -0.8574 0.1983
vn 0.4715 -0.8506 0.2328
vn 0.4722 -0.8466 0.2455
vn 0.4798 -0.8433 0.2420
vn 0.4845 -0.8267 0.2860
vn 0.4671 -0.8228 0.3239
vn 0.4804 -0.8139 0.3267
vn 0.4834 -0.8143 0.3213
vn 0.4849 -0.8001 0.3532
vn 0.4982 -0.7939 0.3487
vn 0.4522 -0.8015 0.3913
vn 0.4728 -0.7886 0.3931
vn 0.4711 -0.7869 0.3986
vn 0.4820 -0.7793 0.4004
vn 0.4526 -0.7644 0.4592
vn 0.4659 -0.7594 0.4541
vn 0.3077 -0.9514 0.0103
vn 0.3141 -0.9404 0.1300
vn 0.3134 -0.9176 0.2445
vn 0.2375 -0.9708 0.0344
vn 0.2729 -0.9618 0.0225
vn 0.2507 -0.9530 0.1700
vn 0.2829 -0.9463 0.1566
vn 0.2559 -0.9211 0.2936
vn 0.2811 -0.9168 0.2836
vn 0.2669 -0.8821 0.3881
vn 0.1725 -0.9837 0.0517
vn 0.1834 -0.9617 0.2036
vn 0.1822 -0.9246 0.3345
vn 0.2158 -0.8890 0.4038
vn 0.1765 -0.8568 0.4845
vn 0.2266 -0.8619 0.4537
vn 0.1983 -0.8132 0.5471
vn 0.0831 -0.9928 0.0862
vn 0.1229 -0.9904 0.0636
vn 0.0911 -0.9613 0.2600
vn 0.1318 -0.9598 0.2478
vn 0.1192 -0.9055 0.4073
vn 0.1012 -0.8528 0.5123
vn 0.1257 -0.8082 0.5753
vn 0.0808 -0.7601 0.6448
vn 0.1320 -0.7718 0.6220
vn 0.1018 -0.7247 0.6815
vn -0.1376 -0.9805 0.1406
vn -0.0863 -0.9498 0.3007
vn 0.0202 -0.9061 0.4227
vn -0.0347 -0.8548 0.5178
vn 0.0487 -0.8688 0.4927
vn 0.0185 -0.8096 0.5867
vn -0.0008 -0.7494 0.6621
vn 0.0158 -0.6914 0.7223
vn 0.0236 -0.6704 0.7416
vn 0.0101 -0.6273 0.7787
vn -0.3012 -0.9404 0.1580
vn -0.2435 -0.9023 0.3558
vn -0.2022 -0.8366 0.5091
vn -0.1262 -0.7566 0.6415
vn -0.1061 -0.7334 0.6715
vn -0.1051 -0.6853 0.7207
vn -0.0847 -0.6311 0.7710
vn -0.0723 -0.6036 0.7940
vn -0.0692 -0.5666 0.8211
vn 0.4000 -0.9162 -0.0227
vn 0.4162 -0.9088 -0.0284
vn 0.4094 -0.9089 0.0792
vn 0.4234 -0.9033 0.0698
vn 0.4127 -0.8932 0.1785
vn 0.4229 -0.8905 0.1679
vn 0.4346 -0.8719 0.2258
vn 0.4213 -0.8594 0.2897
vn 0.4436 -0.8552 0.2679
vn 0.4500 -0.8358 0.3144
vn 0.4146 -0.8338 0.3645
vn 0.4354 -0.8189 0.3740
vn 0.4472 -0.8198 0.3578
vn 0.4227 -0.7929 0.4389
vn 0.4279 -0.7994 0.4217
vn 0.4273 -0.7778 0.4609
vn 0.4435 -0.7621 0.4718
vn 0.4044 -0.7573 0.5128
vn 0.4266 -0.7439 0.5144
vn 0.4338 -0.7519 0.4965
vn 0.4248 -0.7381 0.5241
vn 0.4378 -0.7306 0.5240
vn 0.3986 -0.7139 0.5758
vn 0.4127 -0.7065 0.5749
vn 0.3820 -0.9240 -0.0142
vn 0.3705 -0.9287 -0.0132
vn 0.3917 -0.9155 0.0920
vn 0.3786 -0.9207 0.0945
vn 0.3962 -0.8977 0.1929
vn 0.3795 -0.9035 0.1991
vn 0.3943 -0.8825 0.2562
vn 0.3737 -0.8679 0.3273
vn 0.4030 -0.8635 0.3032
vn 0.3651 -0.8366 0.4085
vn 0.3876 -0.8363 0.3877
vn 0.3874 -0.8101 0.4400
vn 0.3635 -0.7851 0.5015
vn 0.3890 -0.7858 0.4808
vn 0.3902 -0.7645 0.5132
vn 0.3640 -0.7406 0.5647
vn 0.3840 -0.7496 0.5391
vn 0.3759 -0.7287 0.5725
vn 0.3923 -0.7100 0.5849
vn 0.3464 -0.7004 0.6240
vn 0.3712 -0.6895 0.6219
vn 0.3803 -0.7004 0.6040
vn 0.3656 -0.6828 0.6326
vn 0.3761 -0.6718 0.6382
vn 0.3507 -0.8739 0.3366
vn 0.3387 -0.8679 0.3633
vn 0.3524 -0.8667 0.3530
vn 0.3309 -0.8342 0.4411
vn 0.3359 -0.8077 0.4845
vn 0.3068 -0.7799 0.5456
vn 0.3391 -0.7832 0.5211
vn 0.3382 -0.7577 0.5581
vn 0.3054 -0.7262 0.6159
vn 0.3355 -0.7332 0.5915
vn 0.3303 -0.7088 0.6233
vn 0.2987 -0.6786 0.6710
vn 0.3207 -0.6892 0.6498
vn 0.3106 -0.6667 0.6775
vn 0.3279 -0.6490 0.6865
vn 0.2894 -0.8306 0.4757
vn 0.2730 -0.8145 0.5118
vn 0.2919 -0.8149 0.5007
vn 0.2696 -0.7757 0.5707
vn 0.2718 -0.7460 0.6079
vn 0.2366 -0.7115 0.6616
vn 0.2719 -0.7182 0.6405
vn 0.2702 -0.6941 0.6672
vn 0.2334 -0.6588 0.7152
vn 0.2674 -0.6694 0.6931
vn 0.2575 -0.6412 0.7229
vn 0.2175 -0.7618 0.6102
vn 0.1965 -0.7415 0.6416
vn 0.2206 -0.7465 0.6277
vn 0.1949 -0.7031 0.6838
vn 0.1911 -0.6682 0.7190
vn 0.1904 -0.6433 0.7415
vn 0.1916 -0.6161 0.7640
vn 0.2059 -0.6066 0.7679
vn 0.1325 -0.6720 0.7286
vn 0.1157 -0.6521 0.7493
vn 0.1350 -0.6591 0.7398
vn 0.1298 -0.6312 0.7647
vn 0.0888 -0.5856 0.8058
vn 0.1303 -0.5994 0.7897
vn 0.1313 -0.5768 0.8062
vn 0.0357 -0.5694 0.8212
vn 0.0419 -0.5694 0.8210
vn 0.0434 -0.5324 0.8454
vn -0.0498 -0.5242 0.8501
vn -0.0417 -0.5067 0.8611
vn -0.0325 -0.4756 0.8791
vn 0.3341 -0.6531 0.6796
vn 0.3457 -0.6432 0.6832
vn 0.2790 -0.6349 0.7205
vn 0.3018 -0.6248 0.7201
vn 0.3145 -0.6385 0.7024
vn 0.2938 -0.6162 0.7308
vn 0.3015 -0.6036 0.7381
vn 0.2490 -0.6219 0.7425
vn 0.2363 -0.5928 0.7699
vn 0.2554 -0.5833 0.7710
vn 0.2603 -0.5867 0.7668
vn 0.2675 -0.5750 0.7732
vn 0.2254 -0.5529 0.8022
vn 0.2342 -0.5416 0.8074
vn 0.1649 -0.5636 0.8094
vn 0.1998 -0.5812 0.7889
vn 0.1927 -0.5610 0.8051
vn 0.2045 -0.5528 0.8078
vn 0.1659 -0.5198 0.8380
vn 0.1944 -0.5377 0.8204
vn 0.1728 -0.5070 0.8445
vn 0.1804 -0.4951 0.8499
vn 0.0897 -0.5347 0.8403
vn 0.1264 -0.5483 0.8267
vn 0.1222 -0.5213 0.8446
vn 0.1327 -0.5222 0.8424
vn 0.0929 -0.4841 0.8701
vn 0.1271 -0.5013 0.8559
vn 0.1179 -0.4750 0.8721
vn 0.1255 -0.4716 0.8729
vn 0.1385 -0.4645 0.8747
vn 0.1018 -0.4333 0.8955
vn 0.0411 -0.5147 0.8564
vn 0.0442 -0.4833 0.8743
vn 0.0526 -0.4723 0.8799
vn 0.0455 -0.4609 0.8863
vn 0.0467 -0.4364 0.8985
vn 0.0587 -0.4337 0.8992
vn 0.0704 -0.4355 0.8974
vn 0.0287 -0.3965 0.9176
vn 0.0606 -0.4157 0.9075
vn 0.0327 -0.3723 0.9276
vn -0.0308 -0.4568 0.8890
vn -0.0237 -0.4305 0.9023
vn -0.0186 -0.4186 0.9080
vn -0.0224 -0.4058 0.9137
vn -0.0191 -0.3865 0.9221
vn -0.0159 -0.3799 0.9249
vn -0.0239 -0.3706 0.9285
vn -0.0256 -0.3380 0.9408
vn -0.0226 -0.3240 0.9458
vn 0.5324 -0.8426 -0.0814
vn 0.5385 -0.8379 -0.0893
vn 0.5401 -0.8362 -0.0952
vn 0.5390 -0.8423 -0.0056
vn 0.5458 -0.8378 -0.0121
vn 0.5466 -0.8372 -0.0209
vn 0.5417 -0.8376 0.0709
vn 0.5474 -0.8341 0.0681
vn 0.5500 -0.8284 -0.1059
vn 0.5378 -0.8358 -0.1103
vn 0.5262 -0.8426 -0.1145
vn 0.5543 -0.8308 0.0498
vn 0.5596 -0.8285 -0.0188
vn 0.5460 -0.8376 -0.0184
vn 0.5344 -0.8448 -0.0260
vn 0.5375 -0.8271 0.1646
vn 0.5454 -0.8252 0.1467
vn 0.5534 -0.8273 0.0968
vn 0.5530 -0.8274 0.0982
vn 0.5442 -0.8352 0.0792
vn 0.5335 -0.8434 0.0635
vn 0.5303 -0.8203 0.2143
vn 0.5403 -0.8184 0.1956
vn 0.5410 -0.8215 0.1802
vn 0.5338 -0.8284 0.1696
vn 0.5207 -0.8089 0.2732
vn 0.5268 -0.8078 0.2645
vn 0.5266 -0.8096 0.2594
vn 0.5169 -0.8475 -0.1203
vn 0.4996 -0.8572 -0.1251
vn 0.4800 -0.8675 -0.1307
vn 0.5284 -0.8485 -0.0277
vn 0.5101 -0.8597 -0.0272
vn 0.4903 -0.8709 -0.0327
vn 0.5303 -0.8374 0.1323
vn 0.5352 -0.8420 0.0685
vn 0.5115 -0.8564 0.0699
vn 0.4901 -0.8694 0.0631
vn 0.5246 -0.8177 0.2369
vn 0.5290 -0.8277 0.1873
vn 0.5254 -0.8274 0.1987
vn 0.5008 -0.8439 0.1923
vn 0.5062 -0.7928 0.3395
vn 0.5115 -0.7926 0.3318
vn 0.5135 -0.7951 0.3227
vn 0.5182 -0.8054 0.2878
vn 0.5125 -0.8030 0.3042
vn 0.5038 -0.8098 0.3007
vn 0.4895 -0.7759 0.3979
vn 0.4949 -0.7750 0.3930
vn 0.4987 -0.7762 0.3858
vn 0.4887 -0.7863 0.3781
vn 0.4847 -0.7904 0.3747
vn 0.4698 -0.7555 0.4567
vn 0.4727 -0.7539 0.4564
vn 0.4711 -0.7523 0.4605
vn 0.4628 -0.8756 -0.1387
vn 0.4382 -0.8866 -0.1483
vn 0.4782 -0.8777 -0.0326
vn 0.4505 -0.8921 -0.0342
vn 0.4844 -0.8624 0.1472
vn 0.4884 -0.8694 0.0745
vn 0.4504 -0.8897 0.0745
vn 0.4908 -0.8311 0.2616
vn 0.4862 -0.8470 0.2150
vn 0.4779 -0.8445 0.2417
vn 0.4845 -0.8153 0.3172
vn 0.4760 -0.8104 0.3415
vn 0.4552 -0.8250 0.3350
vn 0.4654 -0.7637 0.4474
vn 0.4663 -0.7704 0.4348
vn 0.4679 -0.7841 0.4078
vn 0.4486 -0.7863 0.4248
vn 0.4440 -0.7299 0.5197
vn 0.4471 -0.7293 0.5178
vn 0.4493 -0.7307 0.5140
vn 0.4525 -0.7459 0.4887
vn 0.4377 -0.7373 0.5145
vn 0.4364 -0.7356 0.5181
vn 0.4152 -0.7020 0.5787
vn 0.4165 -0.6995 0.5808
vn 0.4146 -0.6959 0.5863
vn 0.4242 -0.8896 -0.1696
vn 0.4409 -0.8967 -0.0396
vn 0.4439 -0.8789 0.1746
vn 0.4506 -0.8879 0.0925
vn 0.4422 -0.8607 0.2522
vn 0.4329 -0.8559 0.2830
vn 0.4324 -0.8049 0.4063
vn 0.4330 -0.8252 0.3627
vn 0.4064 -0.8312 0.3794
vn 0.4208 -0.7574 0.4994
vn 0.4229 -0.7798 0.4616
vn 0.4024 -0.7702 0.4949
vn 0.4061 -0.7074 0.5785
vn 0.4122 -0.7133 0.5669
vn 0.4100 -0.7355 0.5393
vn 0.3858 -0.7219 0.5745
vn 0.3817 -0.6701 0.6367
vn 0.3845 -0.6688 0.6363
vn 0.3882 -0.6704 0.6323
vn 0.3935 -0.6891 0.6085
vn 0.3725 -0.6753 0.6366
vn 0.3655 -0.6684 0.6478
vn 0.3906 -0.8716 0.2963
vn 0.3771 -0.7997 0.4672
vn 0.3679 -0.8292 0.4207
vn 0.3718 -0.7429 0.5567
vn 0.3681 -0.7719 0.5183
vn 0.3370 -0.7573 0.5593
vn 0.3517 -0.6892 0.6335
vn 0.3551 -0.7156 0.6015
vn 0.3229 -0.6956 0.6417
vn 0.3339 -0.6384 0.6935
vn 0.3371 -0.6400 0.6905
vn 0.3362 -0.6645 0.6674
vn 0.3058 -0.6468 0.6986
vn 0.3227 -0.8097 0.4901
vn 0.2989 -0.7207 0.6255
vn 0.2885 -0.7582 0.5847
vn 0.2870 -0.6586 0.6956
vn 0.2825 -0.6894 0.6670
vn 0.2409 -0.6686 0.7035
vn 0.2581 -0.6032 0.7547
vn 0.2720 -0.6342 0.7237
vn 0.2286 -0.6076 0.7607
vn 0.2213 -0.7170 0.6610
vn 0.1836 -0.6169 0.7653
vn 0.1905 -0.6615 0.7254
vn 0.2064 -0.5510 0.8086
vn 0.1848 -0.5623 0.8060
vn 0.1902 -0.5902 0.7845
vn 0.1218 -0.5577 0.8211
vn 0.0983 -0.6002 0.7938
vn 0.1245 -0.5012 0.8564
vn 0.1038 -0.5340 0.8391
vn 0.0402 -0.4908 0.8703
vn -0.0295 -0.4255 0.9045
vn -0.0179 -0.4419 0.8969
vn -0.1072 -0.3521 0.9298
vn -0.1208 -0.3645 0.9233
vn 0.4146 -0.8860 -0.2077
vn 0.4222 -0.9044 -0.0612
vn 0.4113 -0.9078 0.0824
vn 0.4279 -0.8606 -0.2761
vn 0.4408 -0.8922 -0.0982
vn 0.4031 -0.8913 0.2077
vn 0.4346 -0.8958 0.0935
vn 0.3848 -0.8690 0.3111
vn 0.4362 -0.8238 -0.3622
vn 0.4479 -0.7735 -0.4483
vn 0.4491 -0.8805 -0.1517
vn 0.4628 -0.8504 -0.2502
vn 0.4234 -0.9007 0.0968
vn 0.4166 -0.9082 0.0409
vn 0.3457 -0.8455 0.4069
vn 0.3600 -0.8709 0.3346
vn 0.2937 -0.7927 0.5342
vn 0.5169 -0.7003 -0.4923
vn 0.5784 -0.7570 -0.3040
vn 0.3961 -0.8659 0.3055
vn 0.5545 -0.8209 0.1366
vn 0.3161 -0.8662 0.3870
vn 0.3545 -0.8459 0.3985
vn 0.2451 -0.7565 0.6063
vn 0.2254 -0.8057 0.5478
vn 0.1571 -0.6851 0.7113
vn 0.7216 -0.5840 -0.3718
vn 0.7947 -0.3826 -0.4713
vn 0.8357 -0.5471 -0.0484
vn 0.8525 -0.5218 0.0317
vn 0.7361 -0.5660 0.3711
vn 0.2085 -0.7677 0.6059
vn 0.5004 -0.6707 0.5475
vn 0.1340 -0.7516 0.6459
vn 0.1200 -0.7279 0.6751
vn 0.1057 -0.6291 0.7701
vn 0.0932 -0.6865 0.7211
vn 0.0245 -0.5596 0.8284
vn 0.7513 -0.2590 -0.6071
vn 0.7631 -0.4812 0.4314
vn 0.8843 -0.4528 0.1139
vn 0.6411 -0.4131 0.6468
vn 0.4840 -0.2989 0.8224
vn 0.5326 -0.3766 0.7580
vn -0.1053 -0.6174 0.7796
vn 0.1275 -0.5578 0.8202
vn -0.0530 -0.5701 0.8199
vn -0.0611 -0.4805 0.8749
vn -0.0472 -0.5123 0.8575
vn 0.4400 0.1890 -0.8779
vn 0.7934 -0.0318 0.6078
vn 0.1817 -0.0841 0.9798
vn 0.2804 -0.0604 0.9580
vn 0.2351 -0.0217 0.9717
vn -0.2498 -0.4828 0.8394
vn -0.0883 -0.3675 0.9258
vn -0.2100 -0.4530 0.8664
vn -0.1562 -0.3929 0.9062
vn -0.1786 -0.4148 0.8922
vn 0.3464 -0.6369 0.6888
vn 0.3467 -0.6332 0.6920
vn 0.3440 -0.6293 0.6969
vn 0.3073 -0.6006 0.7381
vn 0.3093 -0.5973 0.7400
vn 0.3119 -0.5986 0.7379
vn 0.3215 -0.6204 0.7154
vn 0.2927 -0.5991 0.7453
vn 0.2813 -0.5921 0.7552
vn 0.2704 -0.5667 0.7783
vn 0.2705 -0.5602 0.7830
vn 0.2681 -0.5548 0.7876
vn 0.2524 -0.5589 0.7899
vn 0.2448 -0.5576 0.7932
vn 0.2575 -0.5826 0.7709
vn 0.2318 -0.5307 0.8152
vn 0.2289 -0.5223 0.8215
vn 0.2207 -0.5148 0.8284
vn 0.2055 -0.5081 0.8364
vn 0.1983 -0.5132 0.8350
vn 0.1927 -0.5353 0.8224
vn 0.1503 -0.5029 0.8512
vn 0.1867 -0.4896 0.8517
vn 0.1840 -0.4797 0.8579
vn 0.1795 -0.4752 0.8614
vn 0.1931 -0.4946 0.8474
vn 0.1549 -0.4647 0.8718
vn 0.1294 -0.4450 0.8861
vn 0.1051 -0.4602 0.8816
vn 0.1087 -0.4818 0.8695
vn 0.0529 -0.4435 0.8947
vn 0.1462 -0.4528 0.8795
vn 0.1399 -0.4354 0.8893
vn 0.1297 -0.4253 0.8957
vn 0.1138 -0.4240 0.8985
vn 0.1188 -0.4356 0.8923
vn 0.0763 -0.4018 0.9126
vn 0.1082 -0.4161 0.9029
vn 0.0967 -0.3974 0.9125
vn 0.0193 -0.3794 0.9250
vn -0.0021 -0.3886 0.9214
vn 0.0015 -0.3968 0.9179
vn 0.0719 -0.3673 0.9273
vn 0.0548 -0.3630 0.9302
vn 0.0326 -0.3588 0.9329
vn 0.0332 -0.3612 0.9319
vn 0.0350 -0.3529 0.9350
vn 0.0390 -0.3463 0.9373
vn 0.0620 -0.3612 0.9304
vn 0.0248 -0.3305 0.9435
vn -0.0523 -0.3154 0.9475
vn -0.0702 -0.3215 0.9443
vn -0.0831 -0.3317 0.9397
vn -0.0176 -0.2968 0.9548
vn -0.0273 -0.2981 0.9541
vn -0.0392 -0.3035 0.9520
vn -0.0207 -0.3073 0.9514
vn -0.0173 -0.2969 0.9548
vn -0.0259 -0.2888 0.9570
vn -0.0193 -0.2850 0.9583
vn -0.3810 -0.1842 -0.9060
vn -0.3719 -0.1559 -0.9151
vn -0.3916 -0.2349 -0.8897
vn -0.3836 -0.2054 -0.9004
vn -0.3925 -0.2129 -0.8948
vn -0.4010 -0.2908 -0.8687
vn -0.3878 -0.2502 -0.8872
vn -0.3963 -0.2556 -0.8819
vn -0.4422 -0.1284 -0.8877
vn -0.4340 -0.1009 -0.8952
vn -0.4608 -0.1691 -0.8712
vn -0.4531 -0.1399 -0.8804
vn -0.4618 -0.1506 -0.8741
vn -0.5084 -0.0818 -0.8572
vn -0.4764 -0.2215 -0.8509
vn -0.4630 -0.1817 -0.8676
vn -0.4692 -0.1911 -0.8622
vn -0.4907 -0.0509 -0.8698
vn -0.5226 -0.1054 -0.8461
vn -0.5227 -0.0697 -0.8496
vn -0.5380 -0.0493 -0.8415
vn -0.5362 -0.0412 -0.8431
vn -0.5595 0.0064 -0.8288
vn -0.5465 -0.1529 -0.8234
vn -0.5337 -0.1157 -0.8378
vn -0.5371 -0.1279 -0.8338
vn -0.5785 -0.0642 -0.8132
vn -0.5739 -0.0165 -0.8188
vn -0.5740 0.0018 -0.8188
vn -0.5792 0.0268 -0.8147
vn -0.5977 -0.0527 -0.8000
vn -0.6084 -0.0317 -0.7930
vn -0.6057 -0.0194 -0.7955
vn -0.6315 0.0275 -0.7749
vn -0.6185 0.0515 -0.7841
vn -0.6132 0.0677 -0.7870
vn -0.6573 0.0301 -0.7530
vn -0.6547 0.0571 -0.7538
vn -0.6526 0.0611 -0.7552
vn -0.6704 0.0978 -0.7356
vn -0.6611 0.1145 -0.7415
vn -0.6998 0.0765 -0.7103
vn -0.6908 0.1085 -0.7148
vn -0.6946 0.1202 -0.7093
vn -0.6905 0.1408 -0.7095
vn -0.7281 0.1567 -0.6673
vn -0.7190 0.1723 -0.6733
vn -0.4431 -0.4220 -0.7909
vn -0.4834 -0.5387 -0.6900
vn -0.4709 -0.5001 -0.7267
vn -0.5027 -0.5985 -0.6237
vn -0.5280 -0.6878 -0.4982
vn -0.5165 -0.6457 -0.5624
vn -0.5452 -0.7950 -0.2659
vn -0.5325 -0.8452 -0.0463
vn -0.5439 -0.3377 -0.7682
vn -0.6082 -0.4301 -0.6672
vn -0.5943 -0.3954 -0.7003
vn -0.6451 -0.4860 -0.5897
vn -0.6951 -0.5494 -0.4636
vn -0.6870 -0.5113 -0.5164
vn -0.7094 -0.6617 -0.2428
vn -0.8310 -0.4640 -0.3068
vn -0.7147 -0.6992 -0.0190
vn -0.6379 -0.2506 -0.7282
vn -0.7130 -0.3165 -0.6257
vn -0.7028 -0.2828 -0.6527
vn -0.7584 -0.3717 -0.5354
vn -0.8039 -0.2572 -0.5363
vn -0.8224 -0.3724 -0.4300
vn -0.8974 -0.4026 -0.1807
vn -0.8867 -0.3521 -0.2996
vn -0.8473 -0.5306 0.0228
vn -0.9502 -0.3109 0.0209
vn -0.7779 -0.1851 -0.6005
vn -0.8671 -0.2132 -0.4502
vn -0.8340 -0.1833 -0.5204
vn -0.8974 -0.2695 -0.3494
vn -0.9287 -0.1566 -0.3362
vn -0.9441 -0.2605 -0.2018
vn -0.9681 -0.2502 0.0167
vn -0.8930 -0.0853 -0.4420
vn -0.9660 -0.1083 -0.2348
vn -0.9469 -0.0799 -0.3116
vn -0.9778 -0.1689 -0.1240
vn -0.9936 -0.0550 -0.0982
vn -0.9842 -0.1690 0.0523
vn -0.9957 -0.0641 0.0668
vn -0.9690 -0.0090 -0.2468
vn -0.9952 -0.0116 -0.0970
vn -0.9976 -0.0096 0.0691
vn -0.9958 0.0571 -0.0720
vn -0.9948 0.0447 0.0913
vn -0.4156 -0.3460 -0.8412
vn -0.4093 -0.3210 -0.8541
vn -0.4258 -0.3765 -0.8228
vn -0.4286 -0.3819 -0.8188
vn -0.4998 -0.2701 -0.8230
vn -0.4901 -0.2512 -0.8347
vn -0.5148 -0.2987 -0.8036
vn -0.5197 -0.3057 -0.7978
vn -0.5783 -0.1917 -0.7930
vn -0.5678 -0.1807 -0.8031
vn -0.6070 -0.1146 -0.7864
vn -0.5969 -0.2195 -0.7717
vn -0.6027 -0.2266 -0.7651
vn -0.6407 -0.1542 -0.7522
vn -0.6855 -0.1660 -0.7089
vn -0.6540 -0.0784 -0.7524
vn -0.6316 -0.0636 -0.7727
vn -0.6578 -0.0105 -0.7531
vn -0.6963 -0.1180 -0.7080
vn -0.6700 -0.0957 -0.7362
vn -0.7481 -0.1265 -0.6515
vn -0.7208 -0.1198 -0.6827
vn -0.8099 -0.0859 -0.5802
vn -0.7034 -0.0149 -0.7106
vn -0.6997 0.0266 -0.7139
vn -0.6853 0.0319 -0.7276
vn -0.7517 -0.0428 -0.6581
vn -0.7295 -0.0315 -0.6833
vn -0.7584 0.0280 -0.6512
vn -0.7855 -0.0555 -0.6164
vn -0.8055 0.0040 -0.5926
vn -0.8616 -0.0437 -0.5056
vn -0.8342 -0.0348 -0.5503
vn -0.9037 -0.0044 -0.4281
vn -0.7391 0.0785 -0.6691
vn -0.7279 0.0723 -0.6819
vn -0.7466 0.1176 -0.6548
vn -0.7396 0.1505 -0.6560
vn -0.7987 0.0662 -0.5981
vn -0.7757 0.0784 -0.6262
vn -0.7871 0.1190 -0.6052
vn -0.8469 0.0416 -0.5302
vn -0.8197 0.0553 -0.5701
vn -0.8330 0.1019 -0.5437
vn -0.8752 0.0235 -0.4833
vn -0.8852 0.0790 -0.4585
vn -0.9391 0.0349 -0.3417
vn -0.9153 0.0423 -0.4006
vn -0.9650 0.0753 -0.2511
vn -0.7766 0.1440 -0.6133
vn -0.7652 0.1766 -0.6191
vn -0.7537 0.1700 -0.6349
vn -0.7680 0.1945 -0.6101
vn -0.7588 0.2121 -0.6159
vn -0.8191 0.1481 -0.5541
vn -0.7987 0.1456 -0.5839
vn -0.8124 0.1797 -0.5547
vn -0.8030 0.2142 -0.5562
vn -0.8677 0.1362 -0.4781
vn -0.8434 0.1439 -0.5176
vn -0.8522 0.1807 -0.4910
vn -0.9150 0.1117 -0.3877
vn -0.8920 0.1266 -0.4340
vn -0.8958 0.1640 -0.4131
vn -0.9388 0.0921 -0.3320
vn -0.9426 0.1444 -0.3011
vn -0.9788 0.1082 -0.1739
vn -0.9668 0.1129 -0.2294
vn -0.9680 0.1493 -0.2017
vn -0.9872 0.1433 -0.0704
vn -0.9873 0.1318 0.0885
vn -0.7938 0.2189 -0.5674
vn -0.7842 0.2375 -0.5732
vn -0.8393 0.2068 -0.5028
vn -0.8237 0.2356 -0.5158
vn -0.8129 0.2284 -0.5358
vn -0.8255 0.2509 -0.5055
vn -0.8174 0.2711 -0.5083
vn -0.8777 0.2075 -0.4320
vn -0.8607 0.2075 -0.4648
vn -0.8680 0.2367 -0.4365
vn -0.8550 0.2679 -0.4442
vn -0.9191 0.1911 -0.3446
vn -0.8984 0.2003 -0.3909
vn -0.9027 0.2338 -0.3611
vn -0.9420 0.1815 -0.2824
vn -0.9382 0.2208 -0.2664
vn -0.9281 0.2452 -0.2801
vn -0.9761 0.1772 -0.1255
vn -0.9636 0.1946 -0.1832
vn -0.9585 0.2267 -0.1726
vn -0.9854 0.1583 -0.0628
vn -0.9776 0.2059 -0.0434
vn -0.9840 0.1602 0.0776
vn -0.9755 0.2056 0.0779
vn -0.8463 0.2726 -0.4577
vn -0.8377 0.2922 -0.4615
vn -0.8860 0.2591 -0.3845
vn -0.8715 0.2858 -0.3986
vn -0.8617 0.2791 -0.4238
vn -0.8718 0.2991 -0.3880
vn -0.8637 0.3187 -0.3905
vn -0.9050 0.2565 -0.3395
vn -0.9070 0.2872 -0.3080
vn -0.8932 0.3096 -0.3260
vn -0.8870 0.3136 -0.3390
vn -0.8788 0.3319 -0.3429
vn -0.9404 0.2705 -0.2060
vn -0.9258 0.2751 -0.2593
vn -0.9239 0.2959 -0.2427
vn -0.9136 0.3144 -0.2578
vn -0.9640 0.2453 -0.1027
vn -0.9537 0.2592 -0.1527
vn -0.9477 0.2883 -0.1366
vn -0.9411 0.2993 -0.1576
vn -0.9731 0.2281 -0.0335
vn -0.9631 0.2678 -0.0250
vn -0.9564 0.2898 -0.0361
vn -0.9697 0.2311 0.0797
vn -0.9603 0.2677 0.0781
vn -0.9551 0.2878 0.0699
vn -0.8987 0.3293 -0.2898
vn -0.8900 0.3480 -0.2945
vn -0.9240 0.3259 -0.1999
vn -0.9135 0.3262 -0.2429
vn -0.9146 0.3477 -0.2065
vn -0.9058 0.3653 -0.2147
vn -0.9453 0.3115 -0.0969
vn -0.9366 0.3190 -0.1453
vn -0.9315 0.3414 -0.1259
vn -0.9250 0.3527 -0.1412
vn -0.9155 0.3693 -0.1597
vn -0.9537 0.2994 -0.0285
vn -0.9446 0.3273 -0.0243
vn -0.9388 0.3415 -0.0449
vn -0.9338 0.3512 -0.0684
vn -0.9508 0.3013 0.0721
vn -0.9430 0.3256 0.0689
vn -0.9394 0.3379 0.0584
vn -0.9201 0.3745 -0.1146
vn -0.9336 0.3582 -0.0099
vn -0.9300 0.3635 -0.0551
vn -0.9224 0.3861 -0.0105
vn -0.9371 0.3431 0.0640
vn -0.9251 0.3726 0.0730
vn -0.9188 0.3889 0.0672
vn -0.3694 -0.1395 -0.9187
vn -0.3677 -0.1275 -0.9211
vn -0.3686 -0.1194 -0.9219
vn -0.3664 -0.1045 -0.9246
vn -0.3745 -0.1093 -0.9208
vn -0.3834 -0.1126 -0.9167
vn -0.3916 -0.1131 -0.9131
vn -0.4040 -0.1196 -0.9069
vn -0.4175 -0.1261 -0.8999
vn -0.4256 -0.0887 -0.9006
vn -0.4233 -0.0765 -0.9028
vn -0.4208 -0.0720 -0.9043
vn -0.4643 -0.0229 -0.8854
vn -0.4259 -0.0482 -0.9035
vn -0.4371 -0.0526 -0.8979
vn -0.4429 -0.0584 -0.8947
vn -0.4519 -0.0546 -0.8904
vn -0.4667 -0.0596 -0.8824
vn -0.4788 -0.0676 -0.8753
vn -0.4798 -0.0382 -0.8765
vn -0.4796 -0.0267 -0.8771
vn -0.5465 0.0223 -0.8372
vn -0.5342 0.0258 -0.8450
vn -0.5021 0.0042 -0.8648
vn -0.5060 0.0172 -0.8624
vn -0.5002 0.0008 -0.8659
vn -0.4995 -0.0098 -0.8663
vn -0.5414 0.0313 -0.8402
vn -0.5094 0.0039 -0.8605
vn -0.5249 -0.0047 -0.8512
vn -0.5352 -0.0161 -0.8446
vn -0.5774 0.0495 -0.8150
vn -0.5652 0.0554 -0.8231
vn -0.5570 0.0532 -0.8288
vn -0.5559 0.0459 -0.8300
vn -0.5957 0.0851 -0.7987
vn -0.5724 0.0609 -0.8177
vn -0.5845 0.0750 -0.8079
vn -0.5925 0.0543 -0.8037
vn -0.6129 0.0834 -0.7858
vn -0.6071 0.0903 -0.7895
vn -0.6053 0.0924 -0.7906
vn -0.6532 0.1218 -0.7474
vn -0.6480 0.1280 -0.7508
vn -0.6442 0.1298 -0.7537
vn -0.6259 0.1109 -0.7720
vn -0.6386 0.1272 -0.7589
vn -0.6408 0.1207 -0.7582
vn -0.6861 0.1533 -0.7112
vn -0.6818 0.1611 -0.7135
vn -0.6777 0.1653 -0.7165
vn -0.6788 0.1581 -0.7171
vn -0.6803 0.1571 -0.7159
vn -0.7180 0.1848 -0.6710
vn -0.7159 0.1929 -0.6711
vn -0.7170 0.1996 -0.6679
vn -0.4294 -0.1288 -0.8939
vn -0.4426 -0.1352 -0.8865
vn -0.4475 -0.1270 -0.8852
vn -0.4933 -0.0643 -0.8675
vn -0.5098 -0.0708 -0.8574
vn -0.5209 -0.0567 -0.8517
vn -0.5828 0.0302 -0.8121
vn -0.5521 -0.0000 -0.8337
vn -0.5694 -0.0148 -0.8220
vn -0.6216 0.0418 -0.7822
vn -0.5883 0.0133 -0.8085
vn -0.6322 0.0951 -0.7690
vn -0.6140 0.0657 -0.7866
vn -0.6358 0.0858 -0.7671
vn -0.6547 0.0744 -0.7523
vn -0.6755 0.0999 -0.7306
vn -0.6902 0.1002 -0.7166
vn -0.6585 0.1232 -0.7425
vn -0.6757 0.1412 -0.7235
vn -0.6824 0.1264 -0.7200
vn -0.7191 0.1627 -0.6755
vn -0.7036 0.1362 -0.6974
vn -0.7203 0.1379 -0.6798
vn -0.7621 0.1820 -0.6214
vn -0.7460 0.1558 -0.6475
vn -0.7788 0.1890 -0.5982
vn -0.7141 0.1938 -0.6726
vn -0.7128 0.1911 -0.6748
vn -0.7016 0.1738 -0.6911
vn -0.7170 0.1774 -0.6741
vn -0.7530 0.2147 -0.6220
vn -0.7408 0.1912 -0.6440
vn -0.7597 0.2058 -0.6169
vn -0.7885 0.2341 -0.5687
vn -0.7790 0.2067 -0.5920
vn -0.7991 0.2217 -0.5589
vn -0.8282 0.2520 -0.5006
vn -0.8184 0.2264 -0.5282
vn -0.8497 0.2553 -0.4614
vn -0.7525 0.2190 -0.6211
vn -0.7495 0.2255 -0.6224
vn -0.7471 0.2297 -0.6238
vn -0.7361 0.2127 -0.6425
vn -0.7510 0.2303 -0.6188
vn -0.7509 0.2322 -0.6182
vn -0.7795 0.2587 -0.5705
vn -0.7762 0.2575 -0.5755
vn -0.7684 0.2356 -0.5951
vn -0.7870 0.2506 -0.5638
vn -0.8130 0.2781 -0.5116
vn -0.8048 0.2564 -0.5354
vn -0.8234 0.2710 -0.4986
vn -0.8448 0.2960 -0.4458
vn -0.8413 0.2729 -0.4667
vn -0.8575 0.2825 -0.4300
vn -0.8816 0.3076 -0.3579
vn -0.8735 0.2836 -0.3958
vn -0.8979 0.3291 -0.2922
vn -0.9009 0.3043 -0.3096
vn -0.7824 0.2489 -0.5709
vn -0.7803 0.2566 -0.5704
vn -0.7803 0.2638 -0.5670
vn -0.8115 0.2786 -0.5137
vn -0.8079 0.2851 -0.5157
vn -0.8041 0.2887 -0.5197
vn -0.7951 0.2723 -0.5419
vn -0.8087 0.2890 -0.5124
vn -0.8106 0.2933 -0.5069
vn -0.8311 0.3134 -0.4595
vn -0.8302 0.3150 -0.4599
vn -0.8257 0.2958 -0.4804
vn -0.8403 0.3070 -0.4469
vn -0.8621 0.3306 -0.3842
vn -0.8542 0.3114 -0.4163
vn -0.8698 0.3224 -0.3734
vn -0.8788 0.3554 -0.3186
vn -0.8858 0.3419 -0.3138
vn -0.8824 0.3252 -0.3399
vn -0.8991 0.3637 -0.2436
vn -0.9060 0.3395 -0.2529
vn -0.9160 0.3471 -0.2010
vn -0.9255 0.3581 -0.1233
vn -0.9231 0.3504 -0.1587
vn -0.9298 0.3656 -0.0420
vn -0.9333 0.3535 -0.0629
vn -0.4419 -0.1065 -0.8907
vn -0.4184 -0.0573 -0.9064
vn -0.3915 -0.0093 -0.9201
vn -0.3743 0.0276 -0.9269
vn -0.3722 0.0594 -0.9262
vn -0.3918 0.0721 -0.9172
vn -0.4333 0.0849 -0.8972
vn -0.4791 0.1954 -0.8557
vn -0.2195 0.4570 -0.8620
vn -0.5224 -0.0407 -0.8517
vn -0.5106 0.0149 -0.8597
vn -0.4983 0.0665 -0.8644
vn -0.4795 0.1016 -0.8716
vn -0.4811 0.1475 -0.8641
vn -0.5050 0.1685 -0.8465
vn -0.5182 0.1637 -0.8395
vn -0.6089 0.2545 -0.7513
vn -0.5487 0.2623 -0.7938
vn -0.5438 0.4335 -0.7186
vn -0.5957 0.0135 -0.8031
vn -0.6532 0.0872 -0.7521
vn -0.5944 0.0772 -0.8004
vn -0.5985 0.1252 -0.7913
vn -0.5771 0.1514 -0.8025
vn -0.6387 0.2120 -0.7397
vn -0.5833 0.2162 -0.7829
vn -0.6183 0.2422 -0.7477
vn -0.6626 0.2589 -0.7028
vn -0.6691 0.2880 -0.6851
vn -0.7696 0.3208 -0.5521
vn -0.6741 0.3550 -0.6477
vn -0.6887 0.1296 -0.7134
vn -0.7389 0.1818 -0.6488
vn -0.6844 0.1750 -0.7078
vn -0.7127 0.2047 -0.6709
vn -0.7072 0.2661 -0.6550
vn -0.7606 0.2887 -0.5815
vn -0.7078 0.2910 -0.6438
vn -0.7498 0.3015 -0.5890
vn -0.8114 0.3196 -0.4893
vn -0.7820 0.2223 -0.5823
vn -0.8223 0.2515 -0.5104
vn -0.7899 0.2466 -0.5615
vn -0.8246 0.2740 -0.4949
vn -0.8234 0.3130 -0.4733
vn -0.8778 0.3159 -0.3600
vn -0.8242 0.3254 -0.4635
vn -0.9089 0.3240 -0.2625
vn -0.8694 0.3282 -0.3693
vn -0.8611 0.2832 -0.4223
vn -0.8889 0.3001 -0.3461
vn -0.8728 0.2937 -0.3898
vn -0.9018 0.3096 -0.3015
vn -0.9309 0.3156 -0.1837
vn -0.9112 0.3153 -0.2652
vn -0.9303 0.3248 -0.1702
vn -0.9202 0.3203 -0.2252
vn -0.9395 0.3325 -0.0825
vn -0.9382 0.3236 -0.1228
vn -0.8352 0.3036 -0.4585
vn -0.8324 0.3111 -0.4585
vn -0.8312 0.3171 -0.4566
vn -0.8572 0.3271 -0.3978
vn -0.8533 0.3346 -0.4000
vn -0.8498 0.3380 -0.4045
vn -0.8426 0.3228 -0.4312
vn -0.8542 0.3390 -0.3941
vn -0.8557 0.3405 -0.3896
vn -0.8732 0.3445 -0.3447
vn -0.8693 0.3538 -0.3452
vn -0.8667 0.3605 -0.3446
vn -0.8703 0.3574 -0.3389
vn -0.8713 0.3574 -0.3362
vn -0.8648 0.3438 -0.3659
vn -0.8821 0.3806 -0.2776
vn -0.8848 0.3763 -0.2748
vn -0.8865 0.3609 -0.2898
vn -0.8956 0.3718 -0.2444
vn -0.8961 0.3998 -0.1930
vn -0.9051 0.3825 -0.1856
vn -0.9045 0.3711 -0.2100
vn -0.9124 0.3770 -0.1594
vn -0.9118 0.4001 -0.0917
vn -0.9178 0.3861 -0.0926
vn -0.9169 0.3816 -0.1168
vn -0.9135 0.4067 -0.0100
vn -0.9191 0.3936 -0.0156
vn -0.9230 0.3837 -0.0300
vn -0.8865 0.3605 -0.2901
vn -0.8834 0.3697 -0.2880
vn -0.8826 0.3758 -0.2826
vn -0.8990 0.3758 -0.2252
vn -0.8950 0.3859 -0.2235
vn -0.8933 0.3908 -0.2218
vn -0.8897 0.3819 -0.2501
vn -0.8959 0.3958 -0.2016
vn -0.9068 0.3858 -0.1702
vn -0.9019 0.3996 -0.1643
vn -0.8998 0.4072 -0.1563
vn -0.9024 0.4046 -0.1484
vn -0.9012 0.3991 -0.1688
vn -0.9050 0.4084 -0.1188
vn -0.9017 0.4236 -0.0868
vn -0.9049 0.4193 -0.0726
vn -0.9081 0.4137 -0.0640
vn -0.9072 0.4129 -0.0808
vn -0.9035 0.4284 0.0130
vn -0.9068 0.4214 0.0119
vn -0.9099 0.4147 0.0022
vn -0.9110 0.3951 -0.1180
vn -0.9074 0.4069 -0.1055
vn -0.9141 0.4052 -0.0126
vn -0.9099 0.4142 -0.0225
vn -0.9080 0.4144 -0.0614
vn -0.9050 0.4253 -0.0052
vn -0.9120 0.4055 0.0620
vn -0.9072 0.4175 0.0521
vn -0.9052 0.4218 0.0514
vn -0.9028 0.4289 0.0300
vn -0.4890 -0.8512 0.1905
vn -0.4243 -0.8145 0.3957
vn -0.3569 -0.7550 0.5501
vn -0.2745 -0.6656 0.6940
vn -0.2501 -0.6350 0.7309
vn -0.2245 -0.6006 0.7673
vn -0.1939 -0.5573 0.8074
vn -0.1758 -0.5279 0.8309
vn -0.1585 -0.4985 0.8523
vn -0.6678 -0.7111 0.2201
vn -0.5962 -0.6782 0.4296
vn -0.5072 -0.6378 0.5796
vn -0.6024 -0.4661 0.6480
vn -0.4264 -0.5502 0.7180
vn -0.4071 -0.5239 0.7482
vn -0.3529 -0.5083 0.7855
vn -0.3039 -0.4695 0.8290
vn -0.2839 -0.4445 0.8496
vn -0.2534 -0.4255 0.8687
vn -0.8050 -0.5425 0.2400
vn -0.9147 -0.3188 0.2485
vn -0.7374 -0.5181 0.4333
vn -0.8313 -0.3179 0.4559
vn -0.7074 -0.4008 0.5822
vn -0.6644 -0.3747 0.6467
vn -0.5578 -0.4039 0.7251
vn -0.4702 -0.4117 0.7806
vn -0.5206 -0.3163 0.7931
vn -0.4092 -0.3756 0.8316
vn -0.3923 -0.3557 0.8483
vn -0.3459 -0.3468 0.8718
vn -0.9361 -0.2508 0.2467
vn -0.8462 -0.2773 0.4551
vn -0.7468 -0.3002 0.5934
vn -0.6575 -0.3111 0.6862
vn -0.7061 -0.2037 0.6781
vn -0.6050 -0.2696 0.7492
vn -0.5603 -0.2510 0.7893
vn -0.4907 -0.2685 0.8289
vn -0.9554 -0.1705 0.2413
vn -0.9691 -0.0754 0.2350
vn -0.8906 -0.1881 0.4141
vn -0.9166 -0.0830 0.3912
vn -0.8148 -0.1992 0.5444
vn -0.8464 -0.0894 0.5250
vn -0.7755 -0.1459 0.6143
vn -0.7437 -0.1324 0.6553
vn -0.6515 -0.1614 0.7413
vn -0.9729 -0.0148 0.2306
vn -0.9234 -0.0295 0.3827
vn -0.8532 -0.0538 0.5187
vn -0.7930 -0.0746 0.6046
vn -0.9732 0.0445 0.2256
vn -0.9334 0.0316 0.3573
vn -0.8802 0.0194 0.4743
vn -0.1369 -0.4644 0.8750
vn -0.1243 -0.4420 0.8884
vn -0.1111 -0.4155 0.9028
vn -0.2234 -0.3936 0.8917
vn -0.2097 -0.3753 0.9029
vn -0.1897 -0.3499 0.9174
vn -0.3924 -0.2722 0.8786
vn -0.3097 -0.3165 0.8966
vn -0.2971 -0.3035 0.9053
vn -0.3398 -0.2430 0.9086
vn -0.2691 -0.2818 0.9210
vn -0.5381 -0.1937 0.8204
vn -0.4574 -0.2390 0.8566
vn -0.4318 -0.2165 0.8756
vn -0.4042 -0.2056 0.8913
vn -0.3760 -0.1909 0.9067
vn -0.3678 -0.1765 0.9130
vn -0.6803 -0.1003 0.7260
vn -0.6126 -0.1458 0.7769
vn -0.5758 -0.1255 0.8079
vn -0.5133 -0.1421 0.8463
vn -0.5460 -0.0841 0.8336
vn -0.4748 -0.1341 0.8698
vn -0.4506 -0.1249 0.8839
vn -0.4907 -0.0678 0.8687
vn -0.4287 -0.1104 0.8967
vn -0.4362 -0.0797 0.8963
vn -0.8077 0.0031 0.5896
vn -0.7448 -0.0533 0.6652
vn -0.7026 -0.0361 0.7107
vn -0.6401 -0.0545 0.7664
vn -0.6675 0.0039 0.7446
vn -0.6044 -0.0426 0.7955
vn -0.5726 -0.0343 0.8191
vn -0.6009 0.0142 0.7992
vn -0.5461 -0.0278 0.8372
vn -0.5195 -0.0217 0.8542
vn -0.5456 0.0213 0.8378
vn -0.4894 -0.0218 0.8718
vn -0.9701 0.1132 0.2147
vn -0.9356 0.1026 0.3379
vn -0.8867 0.0916 0.4531
vn -0.8460 0.0481 0.5310
vn -0.8201 0.0550 0.5696
vn -0.8353 0.0966 0.5413
vn -0.7499 0.0285 0.6609
vn -0.7613 0.0734 0.6442
vn -0.7177 0.0448 0.6949
vn -0.6908 0.0530 0.7211
vn -0.7074 0.0914 0.7008
vn -0.6574 0.0561 0.7515
vn -0.6262 0.0582 0.7775
vn -0.6520 0.1006 0.7515
vn -0.5953 0.0577 0.8015
vn -0.5697 0.0502 0.8203
vn -0.6004 0.0884 0.7948
vn -0.5349 0.0411 0.8439
vn -0.6033 0.1226 0.7880
vn -0.5244 0.0647 0.8490
vn -0.9665 0.1542 0.2050
vn -0.9603 0.1981 0.1966
vn -0.9347 0.1397 0.3268
vn -0.9316 0.1883 0.3109
vn -0.8882 0.1215 0.4432
vn -0.8911 0.1733 0.4193
vn -0.8662 0.1381 0.4802
vn -0.8453 0.1532 0.5118
vn -0.8480 0.1811 0.4981
vn -0.7748 0.1243 0.6199
vn -0.7844 0.1564 0.6002
vn -0.7467 0.1239 0.6536
vn -0.7817 0.1805 0.5970
vn -0.7221 0.1313 0.6793
vn -0.7303 0.1573 0.6648
vn -0.6957 0.1363 0.7053
vn -0.6750 0.1333 0.7257
vn -0.6944 0.1639 0.7007
vn -0.6518 0.1299 0.7472
vn -0.6915 0.1881 0.6975
vn -0.6429 0.1520 0.7507
vn -0.6225 0.1428 0.7695
vn -0.6507 0.1748 0.7389
vn -0.5883 0.1294 0.7982
vn -0.6557 0.1962 0.7291
vn -0.5788 0.1385 0.8036
vn -0.1042 -0.3961 0.9123
vn -0.0960 -0.3733 0.9227
vn -0.0935 -0.3586 0.9288
vn -0.0929 -0.3471 0.9332
vn -0.0894 -0.3309 0.9394
vn -0.0903 -0.3209 0.9428
vn -0.0930 -0.3140 0.9449
vn -0.0831 -0.2887 0.9538
vn -0.0802 -0.2738 0.9584
vn -0.1805 -0.3346 0.9249
vn -0.1689 -0.3106 0.9354
vn -0.1699 -0.2941 0.9406
vn -0.1662 -0.2873 0.9433
vn -0.1589 -0.2703 0.9496
vn -0.1639 -0.2561 0.9527
vn -0.1629 -0.2552 0.9531
vn -0.2086 -0.1978 0.9578
vn -0.1427 -0.2391 0.9604
vn -0.1405 -0.2232 0.9646
vn -0.2571 -0.2704 0.9278
vn -0.2776 -0.2309 0.9325
vn -0.2417 -0.2459 0.9387
vn -0.2451 -0.2270 0.9425
vn -0.2401 -0.2260 0.9441
vn -0.2841 -0.1717 0.9433
vn -0.2259 -0.2101 0.9512
vn -0.2364 -0.1871 0.9535
vn -0.2507 -0.1651 0.9539
vn -0.2384 -0.1625 0.9575
vn -0.2677 -0.1191 0.9561
vn -0.2035 -0.1695 0.9643
vn -0.3213 -0.1636 0.9328
vn -0.3410 -0.1398 0.9296
vn -0.3135 -0.1602 0.9360
vn -0.3298 -0.1378 0.9340
vn -0.3159 -0.1322 0.9395
vn -0.3519 -0.0867 0.9320
vn -0.2952 -0.1292 0.9467
vn -0.3028 -0.1105 0.9466
vn -0.3076 -0.0880 0.9474
vn -0.3967 -0.0695 0.9153
vn -0.3890 -0.0748 0.9182
vn -0.3969 -0.0497 0.9165
vn -0.3830 -0.0512 0.9223
vn -0.4103 -0.0147 0.9119
vn -0.3557 -0.0591 0.9327
vn -0.4110 0.0004 0.9116
vn -0.3558 -0.0452 0.9335
vn -0.4636 -0.0190 0.8858
vn -0.4803 0.0094 0.8771
vn -0.4444 -0.0151 0.8957
vn -0.4783 0.0273 0.8778
vn -0.4514 0.0041 0.8923
vn -0.4561 0.0195 0.8897
vn -0.4575 0.0375 0.8884
vn -0.5061 0.0611 0.8603
vn -0.5265 0.0879 0.8456
vn -0.4957 0.0587 0.8665
vn -0.5273 0.0991 0.8439
vn -0.5034 0.0770 0.8606
vn -0.9548 0.2278 0.1909
vn -0.9475 0.2614 0.1840
vn -0.9426 0.2821 0.1785
vn -0.9293 0.2155 0.3000
vn -0.9237 0.2529 0.2877
vn -0.9191 0.2722 0.2848
vn -0.8925 0.1979 0.4054
vn -0.8909 0.2393 0.3861
vn -0.8712 0.2097 0.4439
vn -0.8865 0.2578 0.3842
vn -0.8550 0.2225 0.4685
vn -0.8534 0.2482 0.4583
vn -0.8272 0.2299 0.5128
vn -0.8454 0.2546 0.4695
vn -0.7999 0.2281 0.5551
vn -0.8030 0.2402 0.5455
vn -0.7963 0.2620 0.5453
vn -0.7434 0.1979 0.6389
vn -0.7577 0.2245 0.6127
vn -0.7315 0.1983 0.6523
vn -0.7544 0.2379 0.6119
vn -0.7304 0.2179 0.6474
vn -0.7580 0.2552 0.6003
vn -0.7646 0.2800 0.5805
vn -0.7077 0.2133 0.6736
vn -0.7176 0.2277 0.6582
vn -0.6935 0.2115 0.6887
vn -0.7122 0.2419 0.6590
vn -0.6957 0.2279 0.6812
vn -0.9386 0.2982 0.1736
vn -0.9326 0.3197 0.1676
vn -0.9291 0.3320 0.1630
vn -0.9178 0.2883 0.2732
vn -0.9122 0.3134 0.2638
vn -0.9080 0.3250 0.2642
vn -0.8889 0.2748 0.3666
vn -0.8850 0.3042 0.3524
vn -0.8678 0.2822 0.4091
vn -0.8789 0.3149 0.3583
vn -0.8737 0.3259 0.3612
vn -0.8523 0.2880 0.4367
vn -0.8527 0.3080 0.4219
vn -0.8288 0.2918 0.4774
vn -0.8450 0.3159 0.4316
vn -0.8412 0.3380 0.4221
vn -0.8099 0.2911 0.5093
vn -0.8162 0.3072 0.4893
vn -0.7941 0.2935 0.5322
vn -0.8089 0.3154 0.4962
vn -0.7949 0.3060 0.5239
vn -0.9264 0.3407 0.1603
vn -0.9156 0.3715 0.1537
vn -0.9100 0.3873 0.1479
vn -0.9076 0.3353 0.2526
vn -0.9005 0.3658 0.2352
vn -0.8888 0.3464 0.3000
vn -0.8960 0.3794 0.2306
vn -0.8771 0.3526 0.3260
vn -0.8789 0.3733 0.2968
vn -0.8621 0.3620 0.3547
vn -0.1923 -0.2754 0.9419
vn -0.2202 -0.2816 0.9339
vn -0.2764 -0.2010 0.9398
vn -0.3134 -0.1954 0.9293
vn -0.4264 -0.0717 0.9017
vn -0.3512 -0.1346 0.9266
vn -0.4005 -0.1084 0.9099
vn -0.5174 0.0052 0.8557
vn -0.5612 -0.0045 0.8277
vn -0.4323 -0.0174 0.9016
vn -0.4655 -0.0292 0.8846
vn -0.7001 0.1098 0.7055
vn -0.6353 0.1082 0.7647
vn -0.5732 0.0546 0.8176
vn -0.6255 0.0668 0.7774
vn -0.4808 0.0434 0.8758
vn -0.5501 0.0766 0.8316
vn -0.4972 0.0330 0.8670
vn -0.5379 0.0447 0.8418
vn -0.8066 0.2053 0.5543
vn -0.7441 0.2012 0.6370
vn -0.6998 0.1612 0.6959
vn -0.7384 0.1623 0.6545
vn -0.6647 0.1705 0.7274
vn -0.6216 0.1346 0.7717
vn -0.6551 0.1370 0.7430
vn -0.5935 0.1345 0.7935
vn -0.5422 0.0906 0.8354
vn -0.5828 0.1076 0.8055
vn -0.8662 0.3081 0.3934
vn -0.8759 0.2731 0.3979
vn -0.8313 0.2730 0.4842
vn -0.7935 0.2401 0.5592
vn -0.8245 0.2445 0.5103
vn -0.7604 0.2518 0.5987
vn -0.7253 0.2184 0.6528
vn -0.7575 0.2237 0.6133
vn -0.6942 0.2190 0.6857
vn -0.6532 0.1833 0.7346
vn -0.6859 0.1931 0.7017
vn -0.6264 0.1827 0.7578
vn -0.5641 0.1334 0.8149
vn -0.6217 0.1834 0.7615
vn -0.5826 0.1486 0.7990
vn -0.6145 0.1557 0.7734
vn -0.9291 0.3666 0.0477
vn -0.9351 0.3526 0.0344
vn -0.9225 0.3596 0.1404
vn -0.9276 0.3486 0.1342
vn -0.9103 0.3441 0.2301
vn -0.8934 0.3275 0.3075
vn -0.9101 0.3416 0.2347
vn -0.8600 0.3434 0.3775
vn -0.8696 0.3152 0.3800
vn -0.8154 0.3241 0.4796
vn -0.8278 0.3108 0.4671
vn -0.8022 0.2836 0.5254
vn -0.8267 0.2941 0.4798
vn -0.7758 0.2865 0.5621
vn -0.7434 0.2575 0.6173
vn -0.7696 0.2660 0.5805
vn -0.7141 0.2560 0.6516
vn -0.6705 0.2204 0.7084
vn -0.7153 0.2591 0.6490
vn -0.6875 0.2331 0.6878
vn -0.7118 0.2353 0.6618
vn -0.6565 0.2089 0.7248
vn -0.5817 0.1516 0.7992
vn -0.6584 0.2189 0.7201
vn -0.5888 0.1643 0.7914
vn -0.6538 0.2164 0.7250
vn -0.6111 0.1788 0.7711
vn -0.6423 0.1948 0.7413
vn -0.3265 0.7545 -0.5693
vn -0.4691 0.7733 0.4265
vn -0.1767 0.2820 0.9430
vn -0.2826 0.4112 0.8666
vn -0.1517 0.2867 0.9459
vn -0.4197 -0.3358 0.8433
vn -0.3683 -0.2256 0.9019
vn -0.3601 -0.3257 0.8742
vn -0.2601 -0.2984 0.9183
vn -0.3045 -0.3097 0.9008
vn -0.5766 0.7407 -0.3448
vn -0.5909 0.7819 0.1989
vn -0.6344 0.5878 0.5020
vn -0.4115 0.4776 0.7763
vn -0.5025 0.6394 0.5819
vn -0.5141 0.3117 0.7991
vn -0.5690 -0.2019 0.7971
vn -0.6399 -0.1118 0.7603
vn -0.4895 -0.2013 0.8485
vn -0.3590 -0.2078 0.9099
vn -0.4160 -0.2037 0.8863
vn -0.8339 0.3432 -0.4322
vn -0.7407 0.4503 -0.4986
vn -0.9156 0.3506 -0.1966
vn -0.8662 0.4997 0.0024
vn -0.8084 0.5781 -0.1112
vn -0.9234 0.2102 0.3211
vn -0.8524 0.1310 0.5062
vn -0.7597 0.0171 0.6500
vn -0.6599 -0.0978 0.7449
vn -0.7540 -0.0303 0.6562
vn -0.5907 -0.0840 0.8025
vn -0.5284 -0.0545 0.8472
vn -0.4411 -0.1294 0.8881
vn -0.5090 -0.1051 0.8543
vn -0.8876 0.3236 -0.3278
vn -0.9484 0.3012 -0.0989
vn -0.9438 0.2322 0.2353
vn -0.8823 0.1621 0.4419
vn -0.8291 0.0915 0.5515
vn -0.8780 0.1476 0.4554
vn -0.7602 0.0559 0.6473
vn -0.6709 0.0645 0.7387
vn -0.6154 0.0183 0.7880
vn -0.6726 0.0036 0.7400
vn -0.9404 0.3155 -0.1266
vn -0.9208 0.3212 -0.2211
vn -0.9574 0.2863 0.0378
vn -0.9539 0.2992 -0.0255
vn -0.9480 0.2381 0.2111
vn -0.9172 0.2017 0.3435
vn -0.9425 0.2553 0.2158
vn -0.8796 0.1800 0.4403
vn -0.7976 0.1780 0.5763
vn -0.7566 0.1334 0.6401
vn -0.7984 0.1211 0.5898
vn -0.9491 0.3101 -0.0542
vn -0.9514 0.2945 0.0901
vn -0.9322 0.2709 0.2401
vn -0.8788 0.2576 0.4016
vn -0.8510 0.2199 0.4770
vn -0.8813 0.2276 0.4142
vn -0.9430 0.3325 0.0175
vn -0.9473 0.3201 -0.0106
vn -0.9384 0.3229 0.1233
vn -0.9438 0.3120 0.1094
vn -0.9255 0.3042 0.2259
vn -0.9035 0.2834 0.3216
vn -0.9248 0.3001 0.2338
vn -0.1267 -0.2504 0.9598
vn -0.1440 -0.2546 0.9563
vn -0.1655 -0.2631 0.9505
vn -0.0876 -0.2390 0.9671
vn -0.0947 -0.2366 0.9670
vn -0.1104 -0.2439 0.9635
vn -0.0777 -0.2593 0.9627
vn -0.0761 -0.2478 0.9658
vn -0.0782 -0.2398 0.9677
vn -0.0819 -0.2364 0.9682
vn -0.2013 -0.1864 0.9616
vn -0.2192 -0.1906 0.9569
vn -0.2449 -0.1919 0.9504
vn -0.1566 -0.1818 0.9708
vn -0.1643 -0.1791 0.9700
vn -0.1810 -0.1828 0.9663
vn -0.1365 -0.2101 0.9681
vn -0.1351 -0.1986 0.9707
vn -0.1707 -0.1629 0.9718
vn -0.1334 -0.1926 0.9722
vn -0.1444 -0.1856 0.9720
vn -0.2736 -0.1254 0.9536
vn -0.3474 -0.0899 0.9334
vn -0.2908 -0.1334 0.9474
vn -0.3210 -0.1203 0.9394
vn -0.2295 -0.1155 0.9664
vn -0.2313 -0.1219 0.9652
vn -0.2785 -0.0945 0.9558
vn -0.2349 -0.1253 0.9639
vn -0.2520 -0.1214 0.9601
vn -0.2644 -0.1034 0.9588
vn -0.1995 -0.1574 0.9672
vn -0.2498 -0.1086 0.9622
vn -0.2049 -0.1419 0.9685
vn -0.2251 -0.1299 0.9656
vn -0.3439 -0.0407 0.9381
vn -0.4101 -0.0174 0.9119
vn -0.3598 -0.0600 0.9311
vn -0.3928 -0.0496 0.9183
vn -0.3042 -0.0723 0.9499
vn -0.3000 -0.0688 0.9514
vn -0.3022 -0.0647 0.9511
vn -0.3470 -0.0347 0.9372
vn -0.3075 -0.0641 0.9494
vn -0.3269 -0.0593 0.9432
vn -0.4095 0.0137 0.9122
vn -0.4209 0.0143 0.9070
vn -0.4481 0.0144 0.8938
vn -0.4103 0.0120 0.9119
vn -0.3567 -0.0313 0.9337
vn -0.4108 0.0209 0.9115
vn -0.3571 -0.0231 0.9338
vn -0.4061 0.0155 0.9137
vn -0.3663 -0.0149 0.9304
vn -0.3915 -0.0057 0.9201
vn -0.4582 0.0505 0.8874
vn -0.4572 0.0584 0.8874
vn -0.4625 0.0621 0.8844
vn -0.5116 0.0903 0.8545
vn -0.4725 0.0580 0.8794
vn -0.5100 0.0875 0.8557
vn -0.4816 0.0624 0.8742
vn -0.5121 0.0694 0.8561
vn -0.5312 0.1112 0.8399
vn -0.5075 0.0900 0.8570
vn -0.5382 0.1226 0.8339
vn -0.5108 0.0986 0.8540
vn -0.5417 0.1223 0.8316
vn -0.5184 0.1042 0.8488
vn -0.5366 0.1049 0.8373
vn -0.9103 0.4069 0.0758
vn -0.9164 0.3944 0.0675
vn -0.9221 0.3826 0.0579
vn -0.9016 0.4004 0.1636
vn -0.9091 0.3876 0.1528
vn -0.9139 0.3785 0.1470
vn -0.8877 0.3866 0.2500
vn -0.8972 0.3732 0.2361
vn -0.8839 0.3586 0.3002
vn -0.8979 0.3716 0.2362
vn -0.8506 0.3772 0.3662
vn -0.8618 0.3618 0.3555
vn -0.8467 0.3457 0.4043
vn -0.8640 0.3489 0.3631
vn -0.8105 0.3452 0.4732
vn -0.8158 0.3439 0.4650
vn -0.8227 0.3254 0.4662
vn -0.7668 0.2970 0.5690
vn -0.7693 0.3100 0.5586
vn -0.7693 0.3127 0.5571
vn -0.7745 0.3109 0.5509
vn -0.7515 0.2876 0.5938
vn -0.7833 0.3130 0.5371
vn -0.7644 0.2932 0.5743
vn -0.7799 0.2964 0.5513
vn -0.7134 0.2561 0.6522
vn -0.6972 0.2410 0.6751
vn -0.7181 0.2687 0.6419
vn -0.6988 0.2506 0.6700
vn -0.7231 0.2761 0.6331
vn -0.7084 0.2563 0.6577
vn -0.7261 0.2619 0.6358
vn -0.8978 0.4289 0.1000
vn -0.9018 0.4220 0.0927
vn -0.9067 0.4130 0.0850
vn -0.8875 0.4208 0.1877
vn -0.8929 0.4148 0.1754
vn -0.8973 0.4078 0.1689
vn -0.8659 0.4045 0.2942
vn -0.8717 0.4042 0.2771
vn -0.8795 0.4003 0.2574
vn -0.8708 0.3891 0.3006
vn -0.8813 0.3986 0.2539
vn -0.8424 0.3596 0.4013
vn -0.8422 0.3692 0.3929
vn -0.8429 0.3810 0.3798
vn -0.8513 0.3813 0.3603
vn -0.8413 0.3659 0.3978
vn -0.8552 0.3739 0.3589
vn -0.8061 0.3316 0.4902
vn -0.7952 0.3201 0.5150
vn -0.8107 0.3467 0.4718
vn -0.7969 0.3315 0.5051
vn -0.8174 0.3536 0.4547
vn -0.8055 0.3350 0.4887
vn -0.8206 0.3434 0.4569
vn -0.9047 0.4026 0.1390
vn -0.9007 0.4146 0.1294
vn -0.8988 0.4213 0.1211
vn -0.8987 0.4243 0.1108
vn -0.8924 0.3956 0.2173
vn -0.8894 0.4078 0.2066
vn -0.8890 0.4149 0.1939
vn -0.8836 0.4100 0.2260
vn -0.8888 0.4172 0.1900
vn -0.8746 0.3847 0.2950
vn -0.8610 0.3750 0.3435
vn -0.8739 0.3947 0.2837
vn -0.8658 0.3809 0.3244
vn -0.8746 0.3922 0.2849
vt 0.963577 0.500000
vt 0.963577 0.561810
vt 0.963577 0.561810
vt 0.963577 0.500000
vt 0.994482 0.561810
vt 0.994482 0.561810
vt 0.963577 0.561810
vt 0.994482 0.500000
vt 0.932672 0.561810
vt 0.932672 0.500000
vt 0.932672 0.500000
vt 0.963577 0.623621
vt 0.932672 0.623621
vt 0.963577 0.623621
vt 0.994482 0.623621
vt 0.994482 0.623621
vt 0.901767 0.561810
vt 0.901767 0.561810
vt 0.901767 0.500000
vt 0.932672 0.623621
vt 0.901767 0.623621
vt 0.901767 0.623621
vt 0.932672 0.561810
vt 0.963577 0.685431
vt 0.932672 0.685431
vt 0.963577 0.685431
vt 0.963577 0.623621
vt 0.994482 0.685431
vt 0.839956 0.561810
vt 0.839956 0.561810
vt 0.839957 0.500000
vt 0.809051 0.623621
vt 0.839956 0.623621
vt 0.839956 0.623621
vt 0.809051 0.561810
vt 0.809051 0.500000
vt 0.809051 0.623621
vt 0.778146 0.561810
vt 0.778146 0.623621
vt 0.778146 0.500000
vt 0.809051 0.685431
vt 0.778146 0.685431
vt 0.747241 0.561810
vt 0.747241 0.500000
vt 0.747241 0.623621
vt 0.747241 0.685431
vt 0.963577 0.809051
vt 0.932672 0.809051
vt 0.932672 0.809051
vt 0.994482 0.809051
vt 0.901767 0.809051
vt 0.901767 0.809051
vt 0.932672 0.870862
vt 0.901767 0.870862
vt 0.963577 0.870862
vt 0.870862 0.809051
vt 0.839956 0.809051
vt 0.870862 0.809051
vt 0.901767 0.870862
vt 0.870862 0.870862
vt 0.932672 0.870862
vt 0.809051 0.809051
vt 0.839956 0.809051
vt 0.839956 0.870862
vt 0.839956 0.870862
vt 0.870862 0.870862
vt 0.901767 0.932672
vt 0.963577 0.932672
vt 0.963577 0.932672
vt 0.932672 0.932672
vt 0.778146 0.809051
vt 0.809051 0.870862
vt 0.839956 0.932672
vt 0.870862 0.932672
vt 0.809051 0.932672
vt 0.932672 0.932672
vt 0.747241 0.809051
vt 0.778146 0.870862
vt 0.778146 0.932672
vt 0.886314 0.994482
vt 0.870862 0.561810
vt 0.870862 0.561810
vt 0.870862 0.500000
vt 0.901767 0.623621
vt 0.870862 0.623621
vt 0.870862 0.623621
vt 0.901767 0.685431
vt 0.901767 0.685431
vt 0.932672 0.685431
vt 0.932672 0.747241
vt 0.963577 0.747241
vt 0.963577 0.747241
vt 0.932672 0.747241
vt 0.994482 0.747241
vt 0.994482 0.747241
vt 0.870862 0.685431
vt 0.870862 0.685431
vt 0.901767 0.747241
vt 0.901767 0.747241
vt 0.839956 0.685431
vt 0.870862 0.747241
vt 0.870862 0.747241
vt 0.839956 0.685431
vt 0.839956 0.747241
vt 0.839956 0.747241
vt 0.809051 0.685431
vt 0.809051 0.747241
vt 0.778146 0.747241
vt 0.747241 0.747241
vt 0.963577 0.500000
vt 0.963577 0.438190
vt 0.994482 0.500000
vt 0.994482 0.438190
vt 0.932672 0.438190
vt 0.932672 0.438190
vt 0.963577 0.438190
vt 0.963577 0.376379
vt 0.932672 0.376379
vt 0.963577 0.376379
vt 0.963577 0.376379
vt 0.994482 0.376379
vt 0.901767 0.438190
vt 0.901767 0.438190
vt 0.901767 0.500000
vt 0.901767 0.376379
vt 0.932672 0.376379
vt 0.963577 0.314569
vt 0.932672 0.314569
vt 0.963577 0.314569
vt 0.994482 0.314569
vt 0.839956 0.438190
vt 0.839956 0.438190
vt 0.809051 0.438190
vt 0.809051 0.376379
vt 0.839956 0.376379
vt 0.839956 0.376379
vt 0.809051 0.376379
vt 0.778146 0.438190
vt 0.778146 0.376379
vt 0.778146 0.376379
vt 0.778146 0.314569
vt 0.809051 0.314569
vt 0.778146 0.314569
vt 0.747241 0.438190
vt 0.747241 0.376379
vt 0.747241 0.376379
vt 0.747241 0.314569
vt 0.870862 0.438190
vt 0.870862 0.438190
vt 0.870862 0.376379
vt 0.901767 0.376379
vt 0.870862 0.376379
vt 0.901767 0.314569
vt 0.901767 0.314569
vt 0.932672 0.314569
vt 0.932672 0.314569
vt 0.932672 0.252759
vt 0.963577 0.252759
vt 0.932672 0.252759
vt 0.994482 0.252759
vt 0.870862 0.314569
vt 0.870862 0.314569
vt 0.901767 0.252759
vt 0.901767 0.252759
vt 0.839956 0.314569
vt 0.870862 0.252759
vt 0.870861 0.252759
vt 0.932672 0.190949
vt 0.839956 0.314569
vt 0.839956 0.252759
vt 0.839956 0.252759
vt 0.901767 0.190949
vt 0.809051 0.314569
vt 0.809051 0.314569
vt 0.809051 0.252759
vt 0.839956 0.252759
vt 0.839956 0.190949
vt 0.809051 0.252759
vt 0.809051 0.252759
vt 0.809051 0.190949
vt 0.778146 0.252759
vt 0.778146 0.252759
vt 0.747241 0.252759
vt 0.963577 0.190949
vt 0.994482 0.190949
vt 0.932672 0.190949
vt 0.901767 0.190949
vt 0.870862 0.190949
vt 0.932672 0.190949
vt 0.932672 0.129138
vt 0.901767 0.129138
vt 0.963577 0.129138
vt 0.839956 0.190949
vt 0.870862 0.190949
vt 0.901767 0.129138
vt 0.870861 0.129138
vt 0.809051 0.190949
vt 0.839956 0.129138
vt 0.839956 0.129138
vt 0.870861 0.129138
vt 0.901767 0.067328
vt 0.963577 0.067328
vt 0.932672 0.067328
vt 0.778146 0.190949
vt 0.809051 0.129138
vt 0.839956 0.067328
vt 0.870861 0.067328
vt 0.870861 0.067328
vt 0.809051 0.067328
vt 0.932672 0.067328
vt 0.747241 0.190949
vt 0.778146 0.129138
vt 0.778146 0.067328
vt 0.809051 0.067328
vt 0.855409 0.005518
vt 0.005518 0.561810
vt 0.005518 0.500000
vt 0.036423 0.561810
vt 0.036423 0.561810
vt 0.036423 0.500000
vt 0.005518 0.623621
vt 0.036423 0.623621
vt 0.036423 0.623621
vt 0.067328 0.561810
vt 0.067328 0.623621
vt 0.067328 0.561810
vt 0.067328 0.500000
vt 0.005518 0.685431
vt 0.036423 0.685431
vt 0.067328 0.623621
vt 0.067328 0.685431
vt 0.067328 0.623621
vt 0.098233 0.623621
vt 0.098233 0.561810
vt 0.098233 0.500000
vt 0.098233 0.561810
vt 0.098233 0.561810
vt 0.098233 0.500000
vt 0.005518 0.809051
vt 0.036423 0.809051
vt 0.067328 0.809051
vt 0.036423 0.870862
vt 0.067328 0.870862
vt 0.098233 0.809051
vt 0.098233 0.870862
vt 0.129139 0.809051
vt 0.129138 0.870862
vt 0.160044 0.809052
vt 0.036423 0.932672
vt 0.098233 0.932672
vt 0.067328 0.932672
vt 0.160044 0.870862
vt 0.190949 0.809052
vt 0.129138 0.932672
vt 0.160044 0.932672
vt 0.190949 0.932672
vt 0.190949 0.870862
vt 0.221854 0.809052
vt 0.190949 0.809052
vt 0.113686 0.994482
vt 0.221854 0.932672
vt 0.221854 0.932672
vt 0.221854 0.870862
vt 0.252759 0.809052
vt 0.005518 0.747241
vt 0.036423 0.747241
vt 0.067328 0.747241
vt 0.067328 0.747241
vt 0.067328 0.685431
vt 0.098233 0.685431
vt 0.098233 0.623621
vt 0.129138 0.623621
vt 0.129138 0.561810
vt 0.129138 0.561810
vt 0.129139 0.500000
vt 0.098233 0.747241
vt 0.129138 0.685431
vt 0.129138 0.623621
vt 0.129138 0.747241
vt 0.160044 0.623621
vt 0.160044 0.685431
vt 0.160044 0.623621
vt 0.160044 0.561810
vt 0.160044 0.747241
vt 0.190949 0.747241
vt 0.190949 0.685431
vt 0.190949 0.685431
vt 0.190949 0.747241
vt 0.221854 0.747241
vt 0.252759 0.747241
vt 0.160044 0.500000
vt 0.160044 0.561810
vt 0.190949 0.623621
vt 0.190949 0.561810
vt 0.160044 0.500000
vt 0.190949 0.561810
vt 0.190949 0.500000
vt 0.190949 0.623621
vt 0.221854 0.685431
vt 0.221854 0.685431
vt 0.221854 0.623621
vt 0.221854 0.623621
vt 0.221854 0.623621
vt 0.221854 0.561810
vt 0.221854 0.500000
vt 0.221854 0.500000
vt 0.221854 0.561810
vt 0.221854 0.561810
vt 0.252759 0.685431
vt 0.252759 0.623621
vt 0.252759 0.561810
vt 0.252759 0.500000
vt 0.005518 0.438190
vt 0.036423 0.438190
vt 0.036423 0.438190
vt 0.005518 0.376379
vt 0.036423 0.376379
vt 0.036423 0.376379
vt 0.067328 0.438190
vt 0.067328 0.376379
vt 0.005518 0.314569
vt 0.036423 0.314569
vt 0.036423 0.314569
vt 0.067328 0.314569
vt 0.098233 0.438190
vt 0.098233 0.376379
vt 0.098233 0.438190
vt 0.005518 0.252759
vt 0.036423 0.252759
vt 0.067328 0.252759
vt 0.067328 0.252759
vt 0.067328 0.314569
vt 0.098233 0.314569
vt 0.098233 0.314569
vt 0.098233 0.376379
vt 0.129138 0.438190
vt 0.129138 0.376379
vt 0.098233 0.252759
vt 0.098233 0.252759
vt 0.098233 0.252759
vt 0.129138 0.314569
vt 0.129138 0.314569
vt 0.067328 0.190949
vt 0.129138 0.252759
vt 0.129138 0.252759
vt 0.160044 0.376379
vt 0.160044 0.438190
vt 0.160044 0.314569
vt 0.098233 0.190949
vt 0.160044 0.252759
vt 0.160044 0.252759
vt 0.160044 0.252759
vt 0.160044 0.314569
vt 0.160044 0.190949
vt 0.190949 0.252759
vt 0.190949 0.314569
vt 0.190949 0.314569
vt 0.190949 0.252759
vt 0.190949 0.190949
vt 0.221854 0.252759
vt 0.252759 0.252759
vt 0.252759 0.252759
vt 0.005518 0.190949
vt 0.036423 0.190949
vt 0.067328 0.190949
vt 0.036423 0.129138
vt 0.067328 0.129138
vt 0.098233 0.190949
vt 0.098233 0.129139
vt 0.129139 0.190949
vt 0.036423 0.129139
vt 0.098233 0.129138
vt 0.129139 0.190949
vt 0.129138 0.129139
vt 0.160044 0.190949
vt 0.036423 0.067328
vt 0.098233 0.067328
vt 0.067328 0.067328
vt 0.129138 0.129138
vt 0.160044 0.129138
vt 0.160044 0.129139
vt 0.190949 0.190949
vt 0.067328 0.067328
vt 0.129138 0.067328
vt 0.160044 0.067328
vt 0.190949 0.067328
vt 0.190949 0.129138
vt 0.221854 0.190949
vt 0.113686 0.005518
vt 0.190949 0.067328
vt 0.221854 0.067328
vt 0.221854 0.129138
vt 0.221854 0.129139
vt 0.252759 0.190949
vt 0.190949 0.438190
vt 0.190949 0.376379
vt 0.190949 0.438190
vt 0.221854 0.376379
vt 0.221854 0.314569
vt 0.221854 0.314569
vt 0.221854 0.438190
vt 0.221854 0.376379
vt 0.221854 0.438190
vt 0.221854 0.314569
vt 0.252759 0.314569
vt 0.252759 0.376379
vt 0.252759 0.438190
vt 0.716336 0.561810
vt 0.716336 0.561810
vt 0.716336 0.500000
vt 0.716336 0.623621
vt 0.716336 0.561810
vt 0.716336 0.685431
vt 0.716336 0.685431
vt 0.716336 0.500000
vt 0.716336 0.623621
vt 0.685431 0.623621
vt 0.685431 0.561810
vt 0.685431 0.500000
vt 0.685431 0.623621
vt 0.685431 0.685431
vt 0.685431 0.500000
vt 0.654526 0.623621
vt 0.685431 0.561810
vt 0.654526 0.561810
vt 0.654526 0.500000
vt 0.654526 0.561810
vt 0.716336 0.809051
vt 0.716336 0.870862
vt 0.716336 0.870862
vt 0.716336 0.932672
vt 0.716336 0.932672
vt 0.685431 0.932672
vt 0.639073 0.994482
vt 0.685431 0.809051
vt 0.685431 0.870862
vt 0.685431 0.870862
vt 0.654526 0.932672
vt 0.685431 0.932672
vt 0.623621 0.932672
vt 0.561810 0.932672
vt 0.685431 0.809051
vt 0.654526 0.809051
vt 0.654526 0.870862
vt 0.654526 0.809051
vt 0.623621 0.870862
vt 0.592715 0.932672
vt 0.530905 0.932672
vt 0.623621 0.809051
vt 0.592715 0.870862
vt 0.592715 0.809051
vt 0.561810 0.870862
vt 0.530905 0.870862
vt 0.561810 0.809051
vt 0.530905 0.809051
vt 0.500000 0.809051
vt 0.716336 0.747241
vt 0.716336 0.747241
vt 0.685431 0.747241
vt 0.685431 0.747241
vt 0.685431 0.685431
vt 0.654526 0.747241
vt 0.654526 0.747241
vt 0.654526 0.685431
vt 0.654526 0.685431
vt 0.654526 0.747241
vt 0.623621 0.747241
vt 0.623621 0.747241
vt 0.623621 0.685431
vt 0.592715 0.747241
vt 0.623621 0.623621
vt 0.623620 0.561810
vt 0.623620 0.561810
vt 0.623621 0.500000
vt 0.592715 0.747241
vt 0.592715 0.685431
vt 0.561810 0.747241
vt 0.561810 0.747241
vt 0.530905 0.747241
vt 0.500000 0.747241
vt 0.592715 0.623621
vt 0.592715 0.561810
vt 0.561810 0.685431
vt 0.530905 0.747241
vt 0.592715 0.500000
vt 0.592715 0.561810
vt 0.561810 0.623621
vt 0.561810 0.561810
vt 0.561810 0.561810
vt 0.530905 0.685431
vt 0.530905 0.623621
vt 0.561810 0.623621
vt 0.500000 0.685431
vt 0.561810 0.561810
vt 0.561810 0.500000
vt 0.530905 0.561810
vt 0.530905 0.500000
vt 0.530905 0.561810
vt 0.500000 0.623621
vt 0.500000 0.561810
vt 0.500000 0.561810
vt 0.500000 0.500000
vt 0.747241 0.500000
vt 0.716336 0.438190
vt 0.716336 0.438190
vt 0.716336 0.376379
vt 0.716336 0.314569
vt 0.716336 0.376379
vt 0.685431 0.376379
vt 0.716336 0.314569
vt 0.716336 0.314569
vt 0.685431 0.438190
vt 0.685431 0.376379
vt 0.685431 0.314569
vt 0.654526 0.438190
vt 0.685431 0.438190
vt 0.685431 0.376379
vt 0.654526 0.376379
vt 0.654526 0.376379
vt 0.716336 0.252759
vt 0.685431 0.252759
vt 0.685431 0.252759
vt 0.685431 0.314569
vt 0.654526 0.252759
vt 0.654526 0.252759
vt 0.685431 0.190949
vt 0.654526 0.314569
vt 0.654526 0.314569
vt 0.623620 0.252759
vt 0.623620 0.252759
vt 0.654526 0.190949
vt 0.623620 0.314569
vt 0.623620 0.252759
vt 0.592715 0.252759
vt 0.592715 0.190949
vt 0.623620 0.438190
vt 0.623620 0.376379
vt 0.623620 0.376379
vt 0.592715 0.314569
vt 0.592715 0.252759
vt 0.561810 0.252759
vt 0.561810 0.252759
vt 0.561810 0.252759
vt 0.561810 0.190949
vt 0.592715 0.438190
vt 0.592715 0.376379
vt 0.592715 0.314569
vt 0.561810 0.314569
vt 0.561810 0.314569
vt 0.561810 0.314569
vt 0.530905 0.252759
vt 0.500000 0.252759
vt 0.716336 0.190949
vt 0.716336 0.129138
vt 0.716336 0.067328
vt 0.685431 0.067328
vt 0.639073 0.005518
vt 0.685431 0.190949
vt 0.685431 0.129138
vt 0.654526 0.067328
vt 0.685431 0.067328
vt 0.623620 0.067328
vt 0.623620 0.067328
vt 0.561810 0.067328
vt 0.685431 0.190949
vt 0.654526 0.190949
vt 0.654526 0.129138
vt 0.654526 0.129138
vt 0.623620 0.129138
vt 0.592715 0.067328
vt 0.561810 0.067328
vt 0.530905 0.067328
vt 0.623621 0.190949
vt 0.623620 0.129138
vt 0.592715 0.129138
vt 0.561810 0.129138
vt 0.530905 0.129138
vt 0.623621 0.190949
vt 0.592715 0.190949
vt 0.592715 0.129138
vt 0.561810 0.190949
vt 0.530905 0.190949
vt 0.500000 0.190949
vt 0.592715 0.376379
vt 0.561810 0.438190
vt 0.561810 0.376379
vt 0.561810 0.438190
vt 0.561810 0.376379
vt 0.530905 0.376379
vt 0.530905 0.314569
vt 0.530905 0.314569
vt 0.500000 0.314569
vt 0.530905 0.438190
vt 0.530905 0.376379
vt 0.500000 0.438190
vt 0.500000 0.376379
vt 0.391832 0.994482
vt 0.314569 0.932672
vt 0.283664 0.932672
vt 0.283664 0.870862
vt 0.283664 0.809051
vt 0.438190 0.932672
vt 0.376380 0.932672
vt 0.345474 0.932672
vt 0.314569 0.870862
vt 0.314569 0.809051
vt 0.469095 0.932672
vt 0.469095 0.932672
vt 0.438190 0.932672
vt 0.407285 0.932672
vt 0.376380 0.870862
vt 0.345474 0.870862
vt 0.345474 0.809051
vt 0.314569 0.809051
vt 0.469095 0.870862
vt 0.438190 0.870862
vt 0.407285 0.870862
vt 0.376380 0.809051
vt 0.407285 0.809051
vt 0.469095 0.809051
vt 0.438190 0.809051
vt 0.407285 0.870862
vt 0.407285 0.809051
vt 0.438190 0.809051
vt 0.283664 0.747241
vt 0.314569 0.747241
vt 0.314569 0.747241
vt 0.345474 0.747241
vt 0.314569 0.685431
vt 0.314569 0.685431
vt 0.376380 0.747241
vt 0.345474 0.747241
vt 0.376380 0.747241
vt 0.345474 0.685431
vt 0.345474 0.623621
vt 0.407285 0.747241
vt 0.376380 0.685431
vt 0.469095 0.747241
vt 0.438190 0.747241
vt 0.407285 0.747241
vt 0.438190 0.747241
vt 0.438190 0.747241
vt 0.407285 0.747241
vt 0.407285 0.685431
vt 0.376379 0.623621
vt 0.376379 0.561810
vt 0.376379 0.561810
vt 0.345474 0.561810
vt 0.438190 0.685431
vt 0.438190 0.685431
vt 0.407285 0.685431
vt 0.407285 0.623621
vt 0.407285 0.623621
vt 0.407285 0.561810
vt 0.376379 0.500000
vt 0.252759 0.561810
vt 0.283664 0.685431
vt 0.283664 0.623621
vt 0.283664 0.561810
vt 0.283664 0.561810
vt 0.283664 0.500000
vt 0.314569 0.623621
vt 0.314569 0.623621
vt 0.314569 0.561810
vt 0.314569 0.561810
vt 0.314569 0.500000
vt 0.314569 0.561810
vt 0.314569 0.500000
vt 0.345474 0.500000
vt 0.345474 0.561810
vt 0.469095 0.685431
vt 0.469095 0.623621
vt 0.469095 0.685431
vt 0.438190 0.623621
vt 0.438190 0.623621
vt 0.438190 0.561810
vt 0.438190 0.561810
vt 0.407285 0.561810
vt 0.407285 0.500000
vt 0.469095 0.561810
vt 0.469095 0.623621
vt 0.469095 0.561810
vt 0.469095 0.561810
vt 0.438190 0.500000
vt 0.469095 0.500000
vt 0.469095 0.500000
vt 0.283664 0.252759
vt 0.314569 0.252759
vt 0.314569 0.252759
vt 0.345474 0.252759
vt 0.314569 0.190949
vt 0.314569 0.314569
vt 0.314569 0.314569
vt 0.345474 0.190949
vt 0.376379 0.252759
vt 0.345474 0.252759
vt 0.376379 0.252759
vt 0.345474 0.314569
vt 0.345474 0.376379
vt 0.345474 0.314569
vt 0.407284 0.252759
vt 0.407285 0.190949
vt 0.376379 0.314569
vt 0.376379 0.314569
vt 0.438190 0.252759
vt 0.407285 0.252759
vt 0.438190 0.252759
vt 0.438190 0.190949
vt 0.407285 0.252759
vt 0.407285 0.314569
vt 0.376379 0.376379
vt 0.376379 0.438190
vt 0.376379 0.438190
vt 0.345474 0.438190
vt 0.376379 0.376379
vt 0.500000 0.252759
vt 0.469095 0.252759
vt 0.469095 0.252759
vt 0.469095 0.252759
vt 0.438190 0.314569
vt 0.438190 0.314569
vt 0.407285 0.376379
vt 0.407284 0.314569
vt 0.407284 0.376379
vt 0.407285 0.438190
vt 0.360927 0.005518
vt 0.314569 0.067328
vt 0.283664 0.067328
vt 0.283664 0.129138
vt 0.283664 0.190949
vt 0.438190 0.067328
vt 0.376379 0.067328
vt 0.345474 0.067328
vt 0.376379 0.067328
vt 0.314569 0.129138
vt 0.469095 0.067328
vt 0.469095 0.067328
vt 0.407285 0.067328
vt 0.438190 0.067328
vt 0.376379 0.129138
vt 0.345474 0.129138
vt 0.345474 0.129139
vt 0.469095 0.129139
vt 0.438190 0.129138
vt 0.407284 0.129138
vt 0.376379 0.190949
vt 0.376379 0.129139
vt 0.469095 0.190949
vt 0.469095 0.129138
vt 0.407284 0.190949
vt 0.407285 0.129139
vt 0.376379 0.190949
vt 0.438190 0.190949
vt 0.283664 0.314569
vt 0.283664 0.376379
vt 0.283664 0.438190
vt 0.283664 0.438190
vt 0.283664 0.314569
vt 0.283664 0.376379
vt 0.314569 0.376380
vt 0.314569 0.376380
vt 0.314569 0.438190
vt 0.314569 0.438190
vt 0.345474 0.438190
vt 0.345474 0.376379
vt 0.469095 0.376379
vt 0.469095 0.314569
vt 0.469095 0.314569
vt 0.469095 0.314569
vt 0.438190 0.376379
vt 0.438190 0.376379
vt 0.438190 0.438190
vt 0.438190 0.438190
vt 0.407285 0.438190
vt 0.407285 0.376379
vt 0.500000 0.376379
vt 0.469095 0.438190
vt 0.469095 0.438190
vt 0.469095 0.376379
s 0
usemtl マテリアル
f 5/1/1 4/2/1 1/3/1 2/4/1
f 7/5/2 6/6/2 3/7/2 4/2/2
f 8/8/3 7/5/3 4/2/3 5/1/3
f 14/9/4 13/9/4 9/9/4 10/9/4
f 15/10/5 14/9/5 10/9/5 11/11/5
f 18/2/6 17/12/6 12/13/6 13/9/6
f 19/2/7 18/2/7 13/9/7 14/9/7
f 20/1/8 19/2/8 14/9/8 15/10/8
f 20/1/9 2/4/9 1/3/9 19/2/9
f 22/12/10 21/12/10 16/14/10 17/12/10
f 23/3/11 22/12/11 17/12/11 18/2/11
f 24/3/12 23/3/12 18/2/12 19/2/12
f 24/3/13 4/2/13 3/7/13 23/3/13
f 4/2/14 24/3/14 19/2/14 1/3/14
f 26/15/15 25/16/15 21/12/15 22/12/15
f 27/5/16 26/15/16 22/12/16 23/3/16
f 6/6/17 27/5/17 23/3/17 3/7/17
f 34/17/18 33/17/18 28/18/18 29/18/18
f 35/19/19 34/17/19 29/18/19 30/19/19
f 37/20/20 36/21/20 31/22/20 32/22/20
f 38/23/21 37/20/21 32/22/21 33/17/21
f 39/18/22 38/23/22 33/17/22 34/17/22
f 39/18/23 10/9/23 9/9/23 38/23/23
f 40/19/24 39/18/24 34/17/24 35/19/24
f 40/19/25 11/11/25 10/9/25 39/18/25
f 43/20/26 42/20/26 36/21/26 37/20/26
f 44/9/27 43/20/27 37/20/27 38/23/27
f 44/9/28 13/9/28 12/13/28 43/20/28
f 13/9/29 44/9/29 38/23/29 9/9/29
f 47/12/30 46/24/30 41/25/30 42/20/30
f 48/13/31 47/12/31 42/20/31 43/20/31
f 48/13/32 17/12/32 16/14/32 47/12/32
f 17/12/33 48/13/33 43/20/33 12/13/33
f 50/26/34 49/26/34 45/26/34 46/24/34
f 51/27/35 50/26/35 46/24/35 47/12/35
f 21/12/36 51/27/36 47/12/36 16/14/36
f 53/28/37 52/28/37 49/26/37 50/26/37
f 54/28/38 53/28/38 50/26/38 51/27/38
f 25/16/39 54/28/39 51/27/39 21/12/39
f 61/29/40 56/30/40 55/30/40 60/29/40
f 62/31/41 57/31/41 56/30/41 61/29/41
f 67/32/42 59/33/42 58/34/42 66/33/42
f 68/35/43 60/29/43 59/33/43 67/32/43
f 69/29/44 68/35/44 63/35/44 64/35/44
f 69/29/45 61/29/45 60/29/45 68/35/45
f 70/31/46 69/29/46 64/35/46 65/36/46
f 70/31/47 62/31/47 61/29/47 69/29/47
f 73/35/48 64/35/48 63/35/48 72/35/48
f 74/36/49 65/36/49 64/35/49 73/35/49
f 77/32/50 67/32/50 66/33/50 76/32/50
f 78/35/51 77/32/51 71/37/51 72/35/51
f 78/35/52 68/35/52 67/32/52 77/32/52
f 68/35/53 78/35/53 72/35/53 63/35/53
f 83/38/54 72/35/54 71/37/54 82/39/54
f 84/38/55 73/35/55 72/35/55 83/38/55
f 85/40/56 84/38/56 79/38/56 80/40/56
f 85/40/57 74/36/57 73/35/57 84/38/57
f 88/39/58 76/32/58 75/41/58 87/42/58
f 89/37/59 88/39/59 81/39/59 82/39/59
f 89/37/60 77/32/60 76/32/60 88/39/60
f 77/32/61 89/37/61 82/39/61 71/37/61
f 92/40/62 80/40/62 79/38/62 91/38/62
f 94/39/63 82/39/63 81/39/63 93/39/63
f 95/38/64 83/38/64 82/39/64 94/39/64
f 96/38/65 95/38/65 90/38/65 91/38/65
f 96/38/66 84/38/66 83/38/66 95/38/66
f 84/38/67 96/38/67 91/38/67 79/38/67
f 98/42/68 87/42/68 86/42/68 97/42/68
f 99/39/69 88/39/69 87/42/69 98/42/69
f 88/39/70 99/39/70 93/39/70 81/39/70
f 101/43/71 91/38/71 90/38/71 100/43/71
f 102/44/72 92/40/72 91/38/72 101/43/72
f 104/45/73 94/39/73 93/39/73 103/45/73
f 105/43/74 95/38/74 94/39/74 104/45/74
f 95/38/75 105/43/75 100/43/75 90/38/75
f 107/46/76 98/42/76 97/42/76 106/46/76
f 108/46/77 99/39/77 98/42/77 107/46/77
f 99/39/78 108/46/78 103/45/78 93/39/78
f 110/47/79 114/47/79 113/48/79 109/49/79
f 111/50/80 115/50/80 114/47/80 110/47/80
f 113/48/81 119/51/81 117/51/81 112/52/81
f 121/49/82 120/53/82 118/54/82 119/51/82
f 114/47/83 121/49/83 119/51/83 113/48/83
f 123/47/84 122/55/84 120/53/84 121/49/84
f 115/50/85 123/47/85 121/49/85 114/47/85
f 117/51/86 127/56/86 125/57/86 116/58/86
f 129/52/87 128/59/87 126/60/87 127/56/87
f 129/52/88 119/51/88 118/54/88 128/59/88
f 119/51/89 129/52/89 127/56/89 117/51/89
f 120/53/90 130/61/90 128/59/90 118/54/90
f 122/55/91 131/55/91 130/61/91 120/53/91
f 125/57/92 135/57/92 133/62/92 124/63/92
f 137/63/93 136/64/93 134/65/93 135/57/93
f 137/63/94 127/56/94 126/60/94 136/64/94
f 127/56/95 137/63/95 135/57/95 125/57/95
f 128/59/96 138/66/96 136/64/96 126/60/96
f 130/61/97 140/67/97 138/66/97 128/59/97
f 142/68/98 141/69/98 139/70/98 140/67/98
f 131/55/99 142/68/99 140/67/99 130/61/99
f 133/62/100 144/71/100 143/71/100 132/62/100
f 146/62/101 135/57/101 134/65/101 145/72/101
f 135/57/102 146/62/102 144/71/102 133/62/102
f 136/64/103 147/72/103 145/72/103 134/65/103
f 138/66/104 149/73/104 147/72/104 136/64/104
f 151/74/105 150/74/105 148/75/105 149/73/105
f 151/74/106 140/67/106 139/70/106 150/74/106
f 140/67/107 151/74/107 149/73/107 138/66/107
f 141/69/108 152/76/108 150/74/108 139/70/108
f 144/71/109 154/77/109 153/77/109 143/71/109
f 156/71/110 146/62/110 145/72/110 155/78/110
f 146/62/111 156/71/111 154/77/111 144/71/111
f 147/72/112 157/78/112 155/78/112 145/72/112
f 159/79/113 149/73/113 148/75/113 158/79/113
f 149/73/114 159/79/114 157/78/114 147/72/114
f 150/74/115 160/75/115 158/79/115 148/75/115
f 152/76/116 161/80/116 160/75/116 150/74/116
f 168/81/117 167/81/117 162/82/117 163/82/117
f 168/81/118 29/18/118 28/18/118 167/81/118
f 169/83/119 168/81/119 163/82/119 164/83/119
f 169/83/120 30/19/120 29/18/120 168/81/120
f 172/21/121 171/84/121 165/85/121 166/86/121
f 172/21/122 32/22/122 31/22/122 171/84/122
f 173/18/123 172/21/123 166/86/123 167/81/123
f 173/18/124 33/17/124 32/22/124 172/21/124
f 33/17/125 173/18/125 167/81/125 28/18/125
f 176/21/126 175/87/126 170/88/126 171/84/126
f 36/21/127 176/21/127 171/84/127 31/22/127
f 178/89/128 177/25/128 174/88/128 175/87/128
f 179/25/129 178/89/129 175/87/129 176/21/129
f 179/25/130 42/20/130 41/25/130 178/89/130
f 42/20/131 179/25/131 176/21/131 36/21/131
f 182/25/132 181/90/132 177/25/132 178/89/132
f 182/25/133 46/24/133 45/26/133 181/90/133
f 46/24/134 182/25/134 178/89/134 41/25/134
f 184/91/135 183/92/135 180/93/135 181/90/135
f 49/26/136 184/91/136 181/90/136 45/26/136
f 186/94/137 185/95/137 183/92/137 184/91/137
f 52/28/138 186/94/138 184/91/138 49/26/138
f 190/81/139 189/81/139 55/30/139 56/30/139
f 190/81/140 163/82/140 162/82/140 189/81/140
f 191/83/141 190/81/141 56/30/141 57/31/141
f 191/83/142 164/83/142 163/82/142 190/81/142
f 194/86/143 193/86/143 187/85/143 188/86/143
f 194/86/144 166/86/144 165/85/144 193/86/144
f 195/82/145 194/86/145 188/86/145 189/81/145
f 195/82/146 167/81/146 166/86/146 194/86/146
f 167/81/147 195/82/147 189/81/147 162/82/147
f 198/96/148 197/97/148 192/96/148 193/86/148
f 198/96/149 171/84/149 170/88/149 197/97/149
f 171/84/150 198/96/150 193/86/150 165/85/150
f 201/88/151 200/98/151 196/96/151 197/97/151
f 201/88/152 175/87/152 174/88/152 200/98/152
f 175/87/153 201/88/153 197/97/153 170/88/153
f 203/93/154 202/98/154 199/99/154 200/98/154
f 177/25/155 203/93/155 200/98/155 174/88/155
f 205/93/156 204/90/156 202/98/156 203/93/156
f 205/93/157 181/90/157 180/93/157 204/90/157
f 181/90/158 205/93/158 203/93/158 177/25/158
f 206/91/159 110/47/159 109/49/159 204/90/159
f 183/92/160 206/91/160 204/90/160 180/93/160
f 207/94/161 111/50/161 110/47/161 206/91/161
f 185/95/162 207/94/162 206/91/162 183/92/162
f 210/33/163 209/33/163 58/34/163 59/33/163
f 210/33/164 188/86/164 187/85/164 209/33/164
f 211/30/165 210/33/165 59/33/165 60/29/165
f 211/30/166 189/81/166 188/86/166 210/33/166
f 189/81/167 211/30/167 60/29/167 55/30/167
f 214/96/168 213/97/168 208/100/168 209/33/168
f 214/96/169 193/86/169 192/96/169 213/97/169
f 193/86/170 214/96/170 209/33/170 187/85/170
f 217/96/171 216/101/171 212/96/171 213/97/171
f 217/96/172 197/97/172 196/96/172 216/101/172
f 197/97/173 217/96/173 213/97/173 192/96/173
f 219/102/174 218/98/174 215/102/174 216/101/174
f 219/102/175 200/98/175 199/99/175 218/98/175
f 200/98/176 219/102/176 216/101/176 196/96/176
f 202/98/177 220/99/177 218/98/177 199/99/177
f 221/49/178 113/48/178 112/52/178 220/99/178
f 221/49/179 204/90/179 109/49/179 113/48/179
f 204/90/180 221/49/180 220/99/180 202/98/180
f 224/33/181 209/33/181 208/100/181 223/103/181
f 209/33/182 224/33/182 66/33/182 58/34/182
f 227/100/183 226/104/183 222/100/183 223/103/183
f 227/100/184 213/97/184 212/96/184 226/104/184
f 213/97/185 227/100/185 223/103/185 208/100/185
f 229/102/186 228/104/186 225/105/186 226/104/186
f 229/102/187 216/101/187 215/102/187 228/104/187
f 216/101/188 229/102/188 226/104/188 212/96/188
f 218/98/189 230/101/189 228/104/189 215/102/189
f 231/52/190 117/51/190 116/58/190 230/101/190
f 231/52/191 220/99/191 112/52/191 117/51/191
f 220/99/192 231/52/192 230/101/192 218/98/192
f 233/106/193 223/103/193 222/100/193 232/106/193
f 234/41/194 233/106/194 75/41/194 76/32/194
f 234/41/195 224/33/195 223/103/195 233/106/195
f 224/33/196 234/41/196 76/32/196 66/33/196
f 236/107/197 226/104/197 225/105/197 235/104/197
f 226/104/198 236/107/198 232/106/198 222/100/198
f 228/104/199 237/104/199 235/104/199 225/105/199
f 238/63/200 125/57/200 124/63/200 237/104/200
f 238/63/201 230/101/201 116/58/201 125/57/201
f 230/101/202 238/63/202 237/104/202 228/104/202
f 241/41/203 240/107/203 86/42/203 87/42/203
f 241/41/204 233/106/204 232/106/204 240/107/204
f 233/106/205 241/41/205 87/42/205 75/41/205
f 243/107/206 242/107/206 239/107/206 240/107/206
f 243/107/207 236/107/207 235/104/207 242/107/207
f 236/107/208 243/107/208 240/107/208 232/106/208
f 244/62/209 133/62/209 132/62/209 242/107/209
f 244/62/210 237/104/210 124/63/210 133/62/210
f 237/104/211 244/62/211 242/107/211 235/104/211
f 246/108/212 240/107/212 239/107/212 245/108/212
f 240/107/213 246/108/213 97/42/213 86/42/213
f 247/108/214 242/107/214 132/62/214 143/71/214
f 242/107/215 247/108/215 245/108/215 239/107/215
f 249/109/216 246/108/216 245/108/216 248/109/216
f 246/108/217 249/109/217 106/46/217 97/42/217
f 250/109/218 247/108/218 143/71/218 153/77/218
f 247/108/219 250/109/219 248/109/219 245/108/219
f 253/1/220 5/1/220 2/4/220 251/110/220
f 254/111/221 253/1/221 251/110/221 252/111/221
f 256/112/222 8/8/222 5/1/222 253/1/222
f 257/113/223 256/112/223 253/1/223 254/111/223
f 258/113/224 257/113/224 254/111/224 255/111/224
f 262/11/225 15/10/225 11/11/225 259/11/225
f 263/114/226 262/11/226 259/11/226 260/115/226
f 264/115/227 263/114/227 260/115/227 261/115/227
f 266/110/228 20/1/228 15/10/228 262/11/228
f 266/110/229 251/110/229 2/4/229 20/1/229
f 267/111/230 266/110/230 262/11/230 263/114/230
f 267/111/231 252/111/231 251/110/231 266/110/231
f 268/116/232 267/111/232 263/114/232 264/115/232
f 269/117/233 268/116/233 264/115/233 265/118/233
f 271/111/234 254/111/234 252/111/234 267/111/234
f 272/111/235 271/111/235 267/111/235 268/116/235
f 272/111/236 255/111/236 254/111/236 271/111/236
f 273/119/237 272/111/237 268/116/237 269/117/237
f 274/117/238 273/119/238 269/117/238 270/120/238
f 275/113/239 258/113/239 255/111/239 272/111/239
f 276/121/240 275/113/240 272/111/240 273/119/240
f 277/121/241 276/121/241 273/119/241 274/117/241
f 281/19/242 35/19/242 30/19/242 278/19/242
f 282/122/243 281/19/243 278/19/243 279/122/243
f 283/123/244 282/122/244 279/122/244 280/122/244
f 286/124/245 40/19/245 35/19/245 281/19/245
f 286/124/246 259/11/246 11/11/246 40/19/246
f 287/122/247 286/124/247 281/19/247 282/122/247
f 287/122/248 260/115/248 259/11/248 286/124/248
f 288/114/249 287/122/249 282/122/249 283/123/249
f 288/114/250 261/115/250 260/115/250 287/122/250
f 289/118/251 288/114/251 283/123/251 284/125/251
f 290/125/252 289/118/252 284/125/252 285/125/252
f 291/115/253 264/115/253 261/115/253 288/114/253
f 292/126/254 291/115/254 288/114/254 289/118/254
f 292/126/255 265/118/255 264/115/255 291/115/255
f 293/126/256 292/126/256 289/118/256 290/125/256
f 295/118/257 269/117/257 265/118/257 292/126/257
f 296/119/258 295/118/258 292/126/258 293/126/258
f 296/119/259 270/120/259 269/117/259 295/118/259
f 297/127/260 296/119/260 293/126/260 294/128/260
f 299/117/261 274/117/261 270/120/261 296/119/261
f 300/129/262 299/117/262 296/119/262 297/127/262
f 301/129/263 300/129/263 297/127/263 298/129/263
f 302/130/264 277/121/264 274/117/264 299/117/264
f 303/130/265 302/130/265 299/117/265 300/129/265
f 304/130/266 303/130/266 300/129/266 301/129/266
f 308/31/267 305/31/267 57/31/267 62/31/267
f 309/131/268 306/132/268 305/31/268 308/31/268
f 310/131/269 307/132/269 306/132/269 309/131/269
f 316/31/270 70/31/270 65/36/270 313/36/270
f 316/31/271 308/31/271 62/31/271 70/31/271
f 317/131/272 316/31/272 313/36/272 314/133/272
f 317/131/273 309/131/273 308/31/273 316/31/273
f 318/133/274 317/131/274 314/133/274 315/133/274
f 318/133/275 310/131/275 309/131/275 317/131/275
f 319/134/276 311/135/276 310/131/276 318/133/276
f 320/136/277 312/135/277 311/135/277 319/134/277
f 321/36/278 313/36/278 65/36/278 74/36/278
f 322/133/279 314/133/279 313/36/279 321/36/279
f 323/133/280 315/133/280 314/133/280 322/133/280
f 325/133/281 318/133/281 315/133/281 323/133/281
f 326/134/282 325/133/282 323/133/282 324/137/282
f 326/134/283 319/134/283 318/133/283 325/133/283
f 327/134/284 320/136/284 319/134/284 326/134/284
f 331/40/285 85/40/285 80/40/285 329/40/285
f 331/40/286 321/36/286 74/36/286 85/40/286
f 332/138/287 331/40/287 329/40/287 330/138/287
f 332/138/288 322/133/288 321/36/288 331/40/288
f 333/138/289 323/133/289 322/133/289 332/138/289
f 334/139/290 324/137/290 323/133/290 333/138/290
f 336/137/291 326/134/291 324/137/291 334/139/291
f 337/139/292 336/137/292 334/139/292 335/140/292
f 337/139/293 327/134/293 326/134/293 336/137/293
f 338/141/294 328/142/294 327/134/294 337/139/294
f 340/40/295 329/40/295 80/40/295 92/40/295
f 341/138/296 330/138/296 329/40/296 340/40/296
f 343/138/297 332/138/297 330/138/297 341/138/297
f 344/138/298 343/138/298 341/138/298 342/138/298
f 344/138/299 333/138/299 332/138/299 343/138/299
f 345/139/300 334/139/300 333/138/300 344/138/300
f 346/139/301 335/140/301 334/139/301 345/139/301
f 347/139/302 337/139/302 335/140/302 346/139/302
f 348/143/303 338/141/303 337/139/303 347/139/303
f 349/143/304 339/143/304 338/141/304 348/143/304
f 350/44/305 340/40/305 92/40/305 102/44/305
f 351/144/306 341/138/306 340/40/306 350/44/306
f 352/144/307 342/138/307 341/138/307 351/144/307
f 353/144/308 344/138/308 342/138/308 352/144/308
f 354/145/309 345/139/309 344/138/309 353/144/309
f 355/146/310 346/139/310 345/139/310 354/145/310
f 356/147/311 347/139/311 346/139/311 355/146/311
f 357/147/312 348/143/312 347/139/312 356/147/312
f 358/147/313 349/143/313 348/143/313 357/147/313
f 362/83/314 169/83/314 164/83/314 359/83/314
f 362/83/315 278/19/315 30/19/315 169/83/315
f 363/148/316 362/83/316 359/83/316 360/149/316
f 363/148/317 279/122/317 278/19/317 362/83/317
f 364/148/318 363/148/318 360/149/318 361/149/318
f 364/148/319 280/122/319 279/122/319 363/148/319
f 367/122/320 283/123/320 280/122/320 364/148/320
f 368/125/321 367/122/321 364/148/321 365/150/321
f 368/125/322 284/125/322 283/123/322 367/122/322
f 369/151/323 368/125/323 365/150/323 366/152/323
f 369/151/324 285/125/324 284/125/324 368/125/324
f 371/125/325 290/125/325 285/125/325 369/151/325
f 372/153/326 371/125/326 369/151/326 370/154/326
f 374/128/327 293/126/327 290/125/327 371/125/327
f 375/155/328 374/128/328 371/125/328 372/153/328
f 375/155/329 294/128/329 293/126/329 374/128/329
f 376/156/330 375/155/330 372/153/330 373/154/330
f 377/128/331 297/127/331 294/128/331 375/155/331
f 378/157/332 377/128/332 375/155/332 376/156/332
f 378/157/333 298/129/333 297/127/333 377/128/333
f 380/158/334 301/129/334 298/129/334 378/157/334
f 381/158/335 380/158/335 378/157/335 379/159/335
f 382/160/336 304/130/336 301/129/336 380/158/336
f 383/160/337 382/160/337 380/158/337 381/158/337
f 384/83/338 191/83/338 57/31/338 305/31/338
f 384/83/339 359/83/339 164/83/339 191/83/339
f 385/148/340 384/83/340 305/31/340 306/132/340
f 385/148/341 360/149/341 359/83/341 384/83/341
f 386/148/342 385/148/342 306/132/342 307/132/342
f 386/148/343 361/149/343 360/149/343 385/148/343
f 389/149/344 364/148/344 361/149/344 386/148/344
f 390/150/345 389/149/345 386/148/345 387/150/345
f 390/150/346 365/150/346 364/148/346 389/149/346
f 391/150/347 390/150/347 387/150/347 388/152/347
f 391/150/348 366/152/348 365/150/348 390/150/348
f 393/161/349 369/151/349 366/152/349 391/150/349
f 394/162/350 393/161/350 391/150/350 392/161/350
f 394/162/351 370/154/351 369/151/351 393/161/351
f 396/154/352 372/153/352 370/154/352 394/162/352
f 397/163/353 396/154/353 394/162/353 395/161/353
f 397/163/354 373/154/354 372/153/354 396/154/354
f 399/159/355 376/156/355 373/154/355 397/163/355
f 400/164/356 399/159/356 397/163/356 398/164/356
f 401/159/357 378/157/357 376/156/357 399/159/357
f 402/157/358 401/159/358 399/159/358 400/164/358
f 402/157/359 379/159/359 378/157/359 401/159/359
f 403/158/360 381/158/360 379/159/360 402/157/360
f 404/160/361 383/160/361 381/158/361 403/158/361
f 405/132/362 386/148/362 307/132/362 310/131/362
f 406/136/363 405/132/363 310/131/363 311/135/363
f 406/136/364 387/150/364 386/148/364 405/132/364
f 407/136/365 406/136/365 311/135/365 312/135/365
f 407/136/366 388/152/366 387/150/366 406/136/366
f 409/161/367 391/150/367 388/152/367 407/136/367
f 410/162/368 409/161/368 407/136/368 408/165/368
f 410/162/369 392/161/369 391/150/369 409/161/369
f 412/161/370 394/162/370 392/161/370 410/162/370
f 413/166/371 412/161/371 410/162/371 411/161/371
f 413/166/372 395/161/372 394/162/372 412/161/372
f 415/167/373 397/163/373 395/161/373 413/166/373
f 416/163/374 415/167/374 413/166/374 414/167/374
f 416/163/375 398/164/375 397/163/375 415/167/375
f 417/163/376 400/164/376 398/164/376 416/163/376
f 418/168/377 402/157/377 400/164/377 417/163/377
f 419/136/378 407/136/378 312/135/378 320/136/378
f 420/169/379 408/165/379 407/136/379 419/136/379
f 422/165/380 410/162/380 408/165/380 420/169/380
f 423/170/381 422/165/381 420/169/381 421/165/381
f 423/170/382 411/161/382 410/162/382 422/165/382
f 425/167/383 413/166/383 411/161/383 423/170/383
f 426/170/384 425/167/384 423/170/384 424/171/384
f 426/170/385 414/167/385 413/166/385 425/167/385
f 427/166/386 416/163/386 414/167/386 426/170/386
f 428/172/387 417/163/387 416/163/387 427/166/387
f 429/142/388 419/136/388 320/136/388 327/134/388
f 430/173/389 429/142/389 327/134/389 328/142/389
f 430/173/390 420/169/390 419/136/390 429/142/390
f 431/174/391 421/165/391 420/169/391 430/173/391
f 432/175/392 423/170/392 421/165/392 431/174/392
f 433/176/393 424/171/393 423/170/393 432/175/393
f 434/170/394 426/170/394 424/171/394 433/176/394
f 435/177/395 427/166/395 426/170/395 434/170/395
f 436/142/396 430/173/396 328/142/396 338/141/396
f 437/178/397 436/142/397 338/141/397 339/143/397
f 437/178/398 431/174/398 430/173/398 436/142/398
f 439/179/399 432/175/399 431/174/399 437/178/399
f 440/178/400 439/179/400 437/178/400 438/175/400
f 440/178/401 433/176/401 432/175/401 439/179/401
f 441/180/402 434/170/402 433/176/402 440/178/402
f 442/181/403 437/178/403 339/143/403 349/143/403
f 443/182/404 438/175/404 437/178/404 442/181/404
f 444/181/405 440/178/405 438/175/405 443/182/405
f 445/183/406 442/181/406 349/143/406 358/147/406
f 446/183/407 443/182/407 442/181/407 445/183/407
f 447/183/408 444/181/408 443/182/408 446/183/408
f 449/184/409 403/158/409 402/157/409 448/168/409
f 450/185/410 404/160/410 403/158/410 449/184/410
f 452/186/411 418/168/411 417/163/411 451/172/411
f 452/186/412 448/168/412 402/157/412 418/168/412
f 453/184/413 449/184/413 448/168/413 452/186/413
f 454/185/414 450/185/414 449/184/414 453/184/414
f 456/187/415 428/172/415 427/166/415 455/188/415
f 456/187/416 451/172/416 417/163/416 428/172/416
f 457/187/417 452/186/417 451/172/417 456/187/417
f 459/189/418 453/184/418 452/186/418 457/187/418
f 460/190/419 459/189/419 457/187/419 458/191/419
f 461/184/420 454/185/420 453/184/420 459/189/420
f 462/192/421 461/184/421 459/189/421 460/190/421
f 464/193/422 435/177/422 434/170/422 463/177/422
f 464/193/423 455/188/423 427/166/423 435/177/423
f 465/194/424 456/187/424 455/188/424 464/193/424
f 467/172/425 457/187/425 456/187/425 465/194/425
f 468/195/426 467/172/426 465/194/426 466/196/426
f 468/195/427 458/191/427 457/187/427 467/172/427
f 469/190/428 460/190/428 458/191/428 468/195/428
f 470/192/429 462/192/429 460/190/429 469/190/429
f 472/197/430 441/180/430 440/178/430 471/180/430
f 472/197/431 463/177/431 434/170/431 441/180/431
f 473/193/432 464/193/432 463/177/432 472/197/432
f 475/177/433 465/194/433 464/193/433 473/193/433
f 476/198/434 475/177/434 473/193/434 474/199/434
f 476/198/435 466/196/435 465/194/435 475/177/435
f 477/200/436 468/195/436 466/196/436 476/198/436
f 478/201/437 469/190/437 468/195/437 477/200/437
f 480/202/438 470/192/438 469/190/438 478/201/438
f 481/202/439 480/202/439 478/201/439 479/203/439
f 482/204/440 471/180/440 440/178/440 444/181/440
f 483/204/441 472/197/441 471/180/441 482/204/441
f 484/197/442 473/193/442 472/197/442 483/204/442
f 485/205/443 474/199/443 473/193/443 484/197/443
f 486/205/444 476/198/444 474/199/444 485/205/444
f 487/206/445 477/200/445 476/198/445 486/205/445
f 489/207/446 478/201/446 477/200/446 487/206/446
f 490/208/447 489/207/447 487/206/447 488/209/447
f 490/208/448 479/203/448 478/201/448 489/207/448
f 491/210/449 481/202/449 479/203/449 490/208/449
f 492/211/450 482/204/450 444/181/450 447/183/450
f 493/211/451 483/204/451 482/204/451 492/211/451
f 494/204/452 484/197/452 483/204/452 493/211/452
f 495/212/453 485/205/453 484/197/453 494/204/453
f 496/212/454 486/205/454 485/205/454 495/212/454
f 497/213/455 487/206/455 486/205/455 496/212/455
f 498/213/456 488/209/456 487/206/456 497/213/456
f 499/214/457 490/208/457 488/209/457 498/213/457
f 500/215/458 491/210/458 490/208/458 499/214/458
f 502/216/459 501/216/459 6/6/459 7/5/459
f 503/217/460 502/216/460 7/5/460 8/8/460
f 505/218/461 504/219/461 501/216/461 502/216/461
f 506/220/462 505/218/462 502/216/462 503/217/462
f 508/220/463 507/219/463 505/218/463 506/220/463
f 510/221/464 509/221/464 25/16/464 26/15/464
f 511/216/465 510/221/465 26/15/465 27/5/465
f 501/216/466 511/216/466 27/5/466 6/6/466
f 513/222/467 512/223/467 509/221/467 510/221/467
f 514/219/468 513/222/468 510/221/468 511/216/468
f 504/219/469 514/219/469 511/216/469 501/216/469
f 505/218/470 515/219/470 514/219/470 504/219/470
f 517/223/471 516/223/471 512/223/471 513/222/471
f 518/218/472 517/223/472 513/222/472 514/219/472
f 519/218/473 518/218/473 514/219/473 515/219/473
f 507/219/474 519/218/474 515/219/474 505/218/474
f 508/220/475 520/220/475 519/218/475 507/219/475
f 522/224/476 521/225/476 517/223/476 518/218/476
f 523/226/477 522/224/477 518/218/477 519/218/477
f 524/227/478 523/226/478 519/218/478 520/220/478
f 526/226/479 525/226/479 522/224/479 523/226/479
f 527/227/480 526/226/480 523/226/480 524/227/480
f 529/228/481 528/228/481 52/28/481 53/28/481
f 530/228/482 529/228/482 53/28/482 54/28/482
f 509/221/483 530/228/483 54/28/483 25/16/483
f 532/229/484 531/229/484 528/228/484 529/228/484
f 533/223/485 532/229/485 529/228/485 530/228/485
f 512/223/486 533/223/486 530/228/486 509/221/486
f 535/229/487 534/229/487 531/229/487 532/229/487
f 536/222/488 535/229/488 532/229/488 533/223/488
f 516/223/489 536/222/489 533/223/489 512/223/489
f 517/223/490 537/225/490 536/222/490 516/223/490
f 539/230/491 538/231/491 535/229/491 536/222/491
f 540/230/492 539/230/492 536/222/492 537/225/492
f 521/225/493 540/230/493 537/225/493 517/223/493
f 522/224/494 541/226/494 540/230/494 521/225/494
f 543/232/495 542/233/495 539/230/495 540/230/495
f 544/224/496 543/232/496 540/230/496 541/226/496
f 525/226/497 544/224/497 541/226/497 522/224/497
f 526/226/498 545/234/498 544/224/498 525/226/498
f 527/227/499 546/235/499 545/234/499 526/226/499
f 548/233/500 547/233/500 542/233/500 543/232/500
f 549/236/501 548/233/501 543/232/501 544/224/501
f 550/234/502 549/236/502 544/224/502 545/234/502
f 551/235/503 550/234/503 545/234/503 546/235/503
f 553/234/504 552/237/504 549/236/504 550/234/504
f 554/238/505 553/234/505 550/234/505 551/235/505
f 555/239/506 558/239/506 115/50/506 111/50/506
f 556/240/507 559/240/507 558/239/507 555/239/507
f 557/241/508 560/241/508 559/240/508 556/240/508
f 563/240/509 562/242/509 122/55/509 123/47/509
f 558/239/510 563/240/510 123/47/510 115/50/510
f 565/241/511 564/243/511 562/242/511 563/240/511
f 559/240/512 565/241/512 563/240/512 558/239/512
f 567/244/513 566/245/513 564/243/513 565/241/513
f 560/241/514 567/244/514 565/241/514 559/240/514
f 561/244/515 568/244/515 567/244/515 560/241/515
f 562/242/516 570/242/516 131/55/516 122/55/516
f 564/243/517 571/243/517 570/242/517 562/242/517
f 566/245/518 572/245/518 571/243/518 564/243/518
f 567/244/519 573/244/519 572/245/519 566/245/519
f 575/246/520 574/247/520 572/245/520 573/244/520
f 568/244/521 575/246/521 573/244/521 567/244/521
f 569/246/522 576/248/522 575/246/522 568/244/522
f 579/249/523 578/249/523 141/69/523 142/68/523
f 570/242/524 579/249/524 142/68/524 131/55/524
f 581/250/525 580/251/525 578/249/525 579/249/525
f 571/243/526 581/250/526 579/249/526 570/242/526
f 572/245/527 582/247/527 581/250/527 571/243/527
f 574/247/528 583/252/528 582/247/528 572/245/528
f 575/246/529 584/248/529 583/252/529 574/247/529
f 586/248/530 585/252/530 583/252/530 584/248/530
f 576/248/531 586/248/531 584/248/531 575/246/531
f 577/248/532 587/253/532 586/248/532 576/248/532
f 578/249/533 589/251/533 152/76/533 141/69/533
f 580/251/534 590/254/534 589/251/534 578/249/534
f 581/250/535 591/254/535 590/254/535 580/251/535
f 593/255/536 592/256/536 590/254/536 591/254/536
f 582/247/537 593/255/537 591/254/537 581/250/537
f 583/252/538 594/257/538 593/255/538 582/247/538
f 585/252/539 595/257/539 594/257/539 583/252/539
f 586/248/540 596/253/540 595/257/540 585/252/540
f 587/253/541 597/258/541 596/253/541 586/248/541
f 588/259/542 598/258/542 597/258/542 587/253/542
f 589/251/543 599/260/543 161/80/543 152/76/543
f 590/254/544 600/256/544 599/260/544 589/251/544
f 592/256/545 601/261/545 600/256/545 590/254/545
f 593/255/546 602/262/546 601/261/546 592/256/546
f 594/257/547 603/263/547 602/262/547 593/255/547
f 595/257/548 604/263/548 603/263/548 594/257/548
f 596/253/549 605/258/549 604/263/549 595/257/549
f 597/258/550 606/264/550 605/258/550 596/253/550
f 598/258/551 607/264/551 606/264/551 597/258/551
f 609/265/552 608/265/552 185/95/552 186/94/552
f 528/228/553 609/265/553 186/94/553 52/28/553
f 611/266/554 610/266/554 608/265/554 609/265/554
f 531/229/555 611/266/555 609/265/555 528/228/555
f 613/267/556 612/268/556 610/266/556 611/266/556
f 534/229/557 613/267/557 611/266/557 531/229/557
f 535/229/558 614/231/558 613/267/558 534/229/558
f 616/269/559 615/269/559 613/267/559 614/231/559
f 538/231/560 616/269/560 614/231/560 535/229/560
f 539/230/561 617/231/561 616/269/561 538/231/561
f 619/270/562 618/270/562 615/269/562 616/269/562
f 620/233/563 619/270/563 616/269/563 617/231/563
f 542/233/564 620/233/564 617/231/564 539/230/564
f 622/271/565 621/270/565 619/270/565 620/233/565
f 547/233/566 622/271/566 620/233/566 542/233/566
f 548/233/567 623/233/567 622/271/567 547/233/567
f 549/236/568 624/237/568 623/233/568 548/233/568
f 626/272/569 625/272/569 622/271/569 623/233/569
f 627/273/570 626/272/570 623/233/570 624/237/570
f 552/237/571 627/273/571 624/237/571 549/236/571
f 553/234/572 628/274/572 627/273/572 552/237/572
f 554/238/573 629/275/573 628/274/573 553/234/573
f 631/274/574 630/274/574 627/273/574 628/274/574
f 632/275/575 631/274/575 628/274/575 629/275/575
f 633/265/576 555/239/576 111/50/576 207/94/576
f 608/265/577 633/265/577 207/94/577 185/95/577
f 634/266/578 556/240/578 555/239/578 633/265/578
f 610/266/579 634/266/579 633/265/579 608/265/579
f 635/267/580 557/241/580 556/240/580 634/266/580
f 612/268/581 635/267/581 634/266/581 610/266/581
f 613/267/582 636/268/582 635/267/582 612/268/582
f 638/267/583 637/276/583 635/267/583 636/268/583
f 615/269/584 638/267/584 636/268/584 613/267/584
f 640/276/585 639/276/585 637/276/585 638/267/585
f 618/270/586 640/276/586 638/267/586 615/269/586
f 619/270/587 641/270/587 640/276/587 618/270/587
f 643/277/588 642/277/588 640/276/588 641/270/588
f 621/270/589 643/277/589 641/270/589 619/270/589
f 622/271/590 644/277/590 643/277/590 621/270/590
f 646/278/591 645/277/591 643/277/591 644/277/591
f 625/272/592 646/278/592 644/277/592 622/271/592
f 626/272/593 647/272/593 646/278/593 625/272/593
f 627/273/594 648/274/594 647/272/594 626/272/594
f 650/272/595 649/272/595 646/278/595 647/272/595
f 651/273/596 650/272/596 647/272/596 648/274/596
f 630/274/597 651/273/597 648/274/597 627/273/597
f 631/274/598 652/274/598 651/273/598 630/274/598
f 632/275/599 653/275/599 652/274/599 631/274/599
f 635/267/600 654/241/600 560/241/600 557/241/600
f 655/276/601 561/244/601 560/241/601 654/241/601
f 637/276/602 655/276/602 654/241/602 635/267/602
f 639/276/603 656/276/603 655/276/603 637/276/603
f 640/276/604 657/279/604 656/276/604 639/276/604
f 659/279/605 658/279/605 656/276/605 657/279/605
f 642/277/606 659/279/606 657/279/606 640/276/606
f 643/277/607 660/277/607 659/279/607 642/277/607
f 662/277/608 661/277/608 659/279/608 660/277/608
f 645/277/609 662/277/609 660/277/609 643/277/609
f 646/278/610 663/277/610 662/277/610 645/277/610
f 665/280/611 664/281/611 662/277/611 663/277/611
f 649/272/612 665/280/612 663/277/612 646/278/612
f 650/272/613 666/282/613 665/280/613 649/272/613
f 651/273/614 667/283/614 666/282/614 650/272/614
f 655/276/615 668/244/615 568/244/615 561/244/615
f 669/279/616 569/246/616 568/244/616 668/244/616
f 656/276/617 669/279/617 668/244/617 655/276/617
f 658/279/618 670/284/618 669/279/618 656/276/618
f 659/279/619 671/279/619 670/284/619 658/279/619
f 673/284/620 672/284/620 670/284/620 671/279/620
f 661/277/621 673/284/621 671/279/621 659/279/621
f 662/277/622 674/281/622 673/284/622 661/277/622
f 676/281/623 675/281/623 673/284/623 674/281/623
f 664/281/624 676/281/624 674/281/624 662/277/624
f 665/280/625 677/282/625 676/281/625 664/281/625
f 669/279/626 678/248/626 576/248/626 569/246/626
f 679/284/627 577/248/627 576/248/627 678/248/627
f 670/284/628 679/284/628 678/248/628 669/279/628
f 672/284/629 680/284/629 679/284/629 670/284/629
f 673/284/630 681/285/630 680/284/630 672/284/630
f 675/281/631 682/286/631 681/285/631 673/284/631
f 676/281/632 683/287/632 682/286/632 675/281/632
f 677/282/633 684/286/633 683/287/633 676/281/633
f 679/284/634 685/259/634 587/253/634 577/248/634
f 686/285/635 588/259/635 587/253/635 685/259/635
f 680/284/636 686/285/636 685/259/636 679/284/636
f 681/285/637 687/288/637 686/285/637 680/284/637
f 689/285/638 688/288/638 686/285/638 687/288/638
f 682/286/639 689/285/639 687/288/639 681/285/639
f 683/287/640 690/286/640 689/285/640 682/286/640
f 686/285/641 691/289/641 598/258/641 588/259/641
f 688/288/642 692/289/642 691/289/642 686/285/642
f 689/285/643 693/289/643 692/289/643 688/288/643
f 691/289/644 694/290/644 607/264/644 598/258/644
f 692/289/645 695/290/645 694/290/645 691/289/645
f 693/289/646 696/290/646 695/290/646 692/289/646
f 698/283/647 697/283/647 651/273/647 652/274/647
f 699/291/648 698/283/648 652/274/648 653/275/648
f 701/282/649 700/282/649 665/280/649 666/282/649
f 702/292/650 701/282/650 666/282/650 667/283/650
f 697/283/651 702/292/651 667/283/651 651/273/651
f 698/283/652 703/283/652 702/292/652 697/283/652
f 699/291/653 704/291/653 703/283/653 698/283/653
f 700/282/654 705/282/654 677/282/654 665/280/654
f 701/282/655 706/293/655 705/282/655 700/282/655
f 702/292/656 707/294/656 706/293/656 701/282/656
f 703/283/657 708/283/657 707/294/657 702/292/657
f 704/291/658 709/295/658 708/283/658 703/283/658
f 711/296/659 710/296/659 707/294/659 708/283/659
f 712/297/660 711/296/660 708/283/660 709/295/660
f 714/298/661 713/286/661 683/287/661 684/286/661
f 705/282/662 714/298/662 684/286/662 677/282/662
f 706/293/663 715/298/663 714/298/663 705/282/663
f 707/294/664 716/296/664 715/298/664 706/293/664
f 718/294/665 717/293/665 715/298/665 716/296/665
f 710/296/666 718/294/666 716/296/666 707/294/666
f 711/296/667 719/296/667 718/294/667 710/296/667
f 712/297/668 720/297/668 719/296/668 711/296/668
f 722/299/669 721/300/669 689/285/669 690/286/669
f 713/286/670 722/299/670 690/286/670 683/287/670
f 714/298/671 723/301/671 722/299/671 713/286/671
f 715/298/672 724/293/672 723/301/672 714/298/672
f 726/302/673 725/303/673 723/301/673 724/293/673
f 717/293/674 726/302/674 724/293/674 715/298/674
f 718/294/675 727/304/675 726/302/675 717/293/675
f 719/296/676 728/304/676 727/304/676 718/294/676
f 720/297/677 729/305/677 728/304/677 719/296/677
f 731/306/678 730/307/678 728/304/678 729/305/678
f 721/300/679 732/299/679 693/289/679 689/285/679
f 722/299/680 733/299/680 732/299/680 721/300/680
f 723/301/681 734/302/681 733/299/681 722/299/681
f 725/303/682 735/302/682 734/302/682 723/301/682
f 726/302/683 736/301/683 735/302/683 725/303/683
f 727/304/684 737/308/684 736/301/684 726/302/684
f 728/304/685 738/307/685 737/308/685 727/304/685
f 740/304/686 739/307/686 737/308/686 738/307/686
f 730/307/687 740/304/687 738/307/687 728/304/687
f 731/306/688 741/305/688 740/304/688 730/307/688
f 732/299/689 742/309/689 696/290/689 693/289/689
f 733/299/690 743/309/690 742/309/690 732/299/690
f 734/302/691 744/309/691 743/309/691 733/299/691
f 735/302/692 745/310/692 744/309/692 734/302/692
f 736/301/693 746/310/693 745/310/693 735/302/693
f 737/308/694 747/311/694 746/310/694 736/301/694
f 739/307/695 748/311/695 747/311/695 737/308/695
f 740/304/696 749/311/696 748/311/696 739/307/696
f 741/305/697 750/312/697 749/311/697 740/304/697
f 751/217/698 503/217/698 8/8/698 256/112/698
f 752/313/699 751/217/699 256/112/699 257/113/699
f 753/313/700 752/313/700 257/113/700 258/113/700
f 754/220/701 506/220/701 503/217/701 751/217/701
f 755/314/702 754/220/702 751/217/702 752/313/702
f 756/315/703 755/314/703 752/313/703 753/313/703
f 757/220/704 508/220/704 506/220/704 754/220/704
f 758/315/705 757/220/705 754/220/705 755/314/705
f 759/313/706 753/313/706 258/113/706 275/113/706
f 760/316/707 759/313/707 275/113/707 276/121/707
f 761/316/708 760/316/708 276/121/708 277/121/708
f 756/315/709 763/315/709 762/315/709 755/314/709
f 763/315/710 756/315/710 753/313/710 759/313/710
f 764/317/711 763/315/711 759/313/711 760/316/711
f 765/317/712 764/317/712 760/316/712 761/316/712
f 757/220/713 766/220/713 520/220/713 508/220/713
f 758/315/714 767/314/714 766/220/714 757/220/714
f 767/314/715 758/315/715 755/314/715 762/315/715
f 768/314/716 767/314/716 762/315/716 763/315/716
f 769/317/717 768/314/717 763/315/717 764/317/717
f 770/318/718 769/317/718 764/317/718 765/317/718
f 771/227/719 524/227/719 520/220/719 766/220/719
f 772/319/720 771/227/720 766/220/720 767/314/720
f 773/319/721 772/319/721 767/314/721 768/314/721
f 774/320/722 773/319/722 768/314/722 769/317/722
f 775/227/723 527/227/723 524/227/723 771/227/723
f 776/319/724 775/227/724 771/227/724 772/319/724
f 777/319/725 776/319/725 772/319/725 773/319/725
f 778/321/726 761/316/726 277/121/726 302/130/726
f 779/321/727 778/321/727 302/130/727 303/130/727
f 780/321/728 779/321/728 303/130/728 304/130/728
f 781/317/729 765/317/729 761/316/729 778/321/729
f 782/322/730 781/317/730 778/321/730 779/321/730
f 783/322/731 782/322/731 779/321/731 780/321/731
f 770/318/732 785/317/732 784/320/732 769/317/732
f 785/317/733 770/318/733 765/317/733 781/317/733
f 786/323/734 785/317/734 781/317/734 782/322/734
f 787/322/735 786/323/735 782/322/735 783/322/735
f 774/320/736 789/320/736 788/319/736 773/319/736
f 789/320/737 774/320/737 769/317/737 784/320/737
f 790/320/738 789/320/738 784/320/738 785/317/738
f 791/324/739 790/320/739 785/317/739 786/323/739
f 775/227/740 792/235/740 546/235/740 527/227/740
f 776/319/741 793/325/741 792/235/741 775/227/741
f 777/319/742 794/319/742 793/325/742 776/319/742
f 794/319/743 777/319/743 773/319/743 788/319/743
f 795/320/744 794/319/744 788/319/744 789/320/744
f 796/326/745 795/320/745 789/320/745 790/320/745
f 797/235/746 551/235/746 546/235/746 792/235/746
f 798/325/747 797/235/747 792/235/747 793/325/747
f 799/325/748 798/325/748 793/325/748 794/319/748
f 800/326/749 799/325/749 794/319/749 795/320/749
f 801/326/750 800/326/750 795/320/750 796/326/750
f 802/238/751 554/238/751 551/235/751 797/235/751
f 803/325/752 802/238/752 797/235/752 798/325/752
f 804/327/753 803/325/753 798/325/753 799/325/753
f 805/328/754 780/321/754 304/130/754 382/160/754
f 806/328/755 805/328/755 382/160/755 383/160/755
f 807/329/756 783/322/756 780/321/756 805/328/756
f 808/329/757 807/329/757 805/328/757 806/328/757
f 787/322/758 810/330/758 809/324/758 786/323/758
f 810/330/759 787/322/759 783/322/759 807/329/759
f 811/331/760 810/330/760 807/329/760 808/329/760
f 791/324/761 813/332/761 812/324/761 790/320/761
f 813/332/762 791/324/762 786/323/762 809/324/762
f 814/324/763 813/332/763 809/324/763 810/330/763
f 815/326/764 796/326/764 790/320/764 812/324/764
f 816/333/765 815/326/765 812/324/765 813/332/765
f 817/334/766 816/333/766 813/332/766 814/324/766
f 800/326/767 819/326/767 818/327/767 799/325/767
f 801/326/768 820/335/768 819/326/768 800/326/768
f 820/335/769 801/326/769 796/326/769 815/326/769
f 821/334/770 820/335/770 815/326/770 816/333/770
f 802/238/771 822/275/771 629/275/771 554/238/771
f 803/325/772 823/336/772 822/275/772 802/238/772
f 804/327/773 824/336/773 823/336/773 803/325/773
f 824/336/774 804/327/774 799/325/774 818/327/774
f 825/337/775 824/336/775 818/327/775 819/326/775
f 826/337/776 825/337/776 819/326/776 820/335/776
f 827/275/777 632/275/777 629/275/777 822/275/777
f 828/336/778 827/275/778 822/275/778 823/336/778
f 829/336/779 828/336/779 823/336/779 824/336/779
f 830/328/780 806/328/780 383/160/780 404/160/780
f 831/329/781 808/329/781 806/328/781 830/328/781
f 811/331/782 833/330/782 832/331/782 810/330/782
f 833/330/783 811/331/783 808/329/783 831/329/783
f 834/330/784 814/324/784 810/330/784 832/331/784
f 835/338/785 834/330/785 832/331/785 833/330/785
f 817/334/786 837/339/786 836/334/786 816/333/786
f 837/339/787 817/334/787 814/324/787 834/330/787
f 838/340/788 837/339/788 834/330/788 835/338/788
f 821/334/789 840/341/789 839/342/789 820/335/789
f 840/341/790 821/334/790 816/333/790 836/334/790
f 841/342/791 840/341/791 836/334/791 837/339/791
f 825/337/792 843/337/792 842/336/792 824/336/792
f 826/337/793 844/337/793 843/337/793 825/337/793
f 844/337/794 826/337/794 820/335/794 839/342/794
f 845/342/795 844/337/795 839/342/795 840/341/795
f 827/275/796 846/275/796 653/275/796 632/275/796
f 828/336/797 847/336/797 846/275/797 827/275/797
f 829/336/798 848/336/798 847/336/798 828/336/798
f 848/336/799 829/336/799 824/336/799 842/336/799
f 849/337/800 848/336/800 842/336/800 843/337/800
f 850/337/801 849/337/801 843/337/801 844/337/801
f 852/339/802 835/338/802 833/330/802 851/343/802
f 838/340/803 854/339/803 853/344/803 837/339/803
f 854/339/804 838/340/804 835/338/804 852/339/804
f 841/342/805 856/345/805 855/342/805 840/341/805
f 856/345/806 841/342/806 837/339/806 853/344/806
f 857/344/807 856/345/807 853/344/807 854/339/807
f 845/342/808 859/341/808 858/342/808 844/337/808
f 859/341/809 845/342/809 840/341/809 855/342/809
f 860/342/810 859/341/810 855/342/810 856/345/810
f 849/337/811 862/346/811 861/347/811 848/336/811
f 850/337/812 863/346/812 862/346/812 849/337/812
f 863/346/813 850/337/813 844/337/813 858/342/813
f 864/348/814 863/346/814 858/342/814 859/341/814
f 866/345/815 854/339/815 852/339/815 865/349/815
f 857/344/816 868/350/816 867/344/816 856/345/816
f 868/350/817 857/344/817 854/339/817 866/345/817
f 860/342/818 870/351/818 869/348/818 859/341/818
f 870/351/819 860/342/819 856/345/819 867/344/819
f 871/352/820 870/351/820 867/344/820 868/350/820
f 864/348/821 873/353/821 872/346/821 863/346/821
f 873/353/822 864/348/822 859/341/822 869/348/822
f 874/348/823 873/353/823 869/348/823 870/351/823
f 876/350/824 868/350/824 866/345/824 875/354/824
f 871/352/825 878/351/825 877/355/825 870/351/825
f 878/351/826 871/352/826 868/350/826 876/350/826
f 873/353/827 880/356/827 879/357/827 872/346/827
f 874/348/828 881/357/828 880/356/828 873/353/828
f 881/357/829 874/348/829 870/351/829 877/355/829
f 878/351/830 884/355/830 883/358/830 877/355/830
f 884/355/831 878/351/831 876/350/831 882/359/831
f 881/357/832 886/355/832 885/357/832 880/356/832
f 886/355/833 881/357/833 877/355/833 883/358/833
f 887/355/834 886/355/834 883/358/834 884/355/834
f 887/355/835 890/360/835 889/360/835 886/355/835
f 890/360/836 887/355/836 884/355/836 888/360/836
f 890/360/837 893/361/837 892/362/837 889/360/837
f 893/361/838 890/360/838 888/360/838 891/362/838
f 894/363/839 830/328/839 404/160/839 450/185/839
f 895/364/840 831/329/840 830/328/840 894/363/840
f 896/343/841 833/330/841 831/329/841 895/364/841
f 897/363/842 894/363/842 450/185/842 454/185/842
f 898/364/843 895/364/843 894/363/843 897/363/843
f 896/343/844 899/365/844 851/343/844 833/330/844
f 899/365/845 896/343/845 895/364/845 898/364/845
f 900/349/846 852/339/846 851/343/846 899/365/846
f 901/364/847 897/363/847 454/185/847 461/184/847
f 902/366/848 901/364/848 461/184/848 462/192/848
f 903/365/849 898/364/849 897/363/849 901/364/849
f 904/367/850 903/365/850 901/364/850 902/366/850
f 905/368/851 899/365/851 898/364/851 903/365/851
f 906/369/852 905/368/852 903/365/852 904/367/852
f 900/349/853 907/368/853 865/349/853 852/339/853
f 907/368/854 900/349/854 899/365/854 905/368/854
f 908/370/855 866/345/855 865/349/855 907/368/855
f 909/371/856 902/366/856 462/192/856 470/192/856
f 910/367/857 904/367/857 902/366/857 909/371/857
f 906/369/858 912/372/858 911/349/858 905/368/858
f 912/372/859 906/369/859 904/367/859 910/367/859
f 913/373/860 907/368/860 905/368/860 911/349/860
f 914/374/861 913/373/861 911/349/861 912/372/861
f 908/370/862 915/375/862 875/354/862 866/345/862
f 915/375/863 908/370/863 907/368/863 913/373/863
f 916/354/864 876/350/864 875/354/864 915/375/864
f 917/376/865 909/371/865 470/192/865 480/202/865
f 918/376/866 917/376/866 480/202/866 481/202/866
f 919/377/867 910/367/867 909/371/867 917/376/867
f 920/378/868 919/377/868 917/376/868 918/376/868
f 921/379/869 912/372/869 910/367/869 919/377/869
f 914/374/870 923/380/870 922/354/870 913/373/870
f 923/380/871 914/374/871 912/372/871 921/379/871
f 924/375/872 915/375/872 913/373/872 922/354/872
f 925/381/873 924/375/873 922/354/873 923/380/873
f 916/354/874 926/382/874 882/359/874 876/350/874
f 926/382/875 916/354/875 915/375/875 924/375/875
f 927/359/876 884/355/876 882/359/876 926/382/876
f 928/383/877 918/376/877 481/202/877 491/210/877
f 920/378/878 930/384/878 929/384/878 919/377/878
f 930/384/879 920/378/879 918/376/879 928/383/879
f 931/385/880 921/379/880 919/377/880 929/384/880
f 932/386/881 931/385/881 929/384/881 930/384/881
f 933/387/882 923/380/882 921/379/882 931/385/882
f 925/381/883 935/387/883 934/359/883 924/375/883
f 935/387/884 925/381/884 923/380/884 933/387/884
f 936/388/885 926/382/885 924/375/885 934/359/885
f 927/359/886 937/388/886 888/360/886 884/355/886
f 937/388/887 927/359/887 926/382/887 936/388/887
f 938/389/888 928/383/888 491/210/888 500/215/888
f 939/390/889 930/384/889 928/383/889 938/389/889
f 932/386/890 941/391/890 940/391/890 931/385/890
f 941/391/891 932/386/891 930/384/891 939/390/891
f 942/392/892 933/387/892 931/385/892 940/391/892
f 935/387/893 944/393/893 943/388/893 934/359/893
f 944/393/894 935/387/894 933/387/894 942/392/894
f 945/394/895 936/388/895 934/359/895 943/388/895
f 937/388/896 946/394/896 891/362/896 888/360/896
f 946/394/897 937/388/897 936/388/897 945/394/897
f 947/291/898 699/291/898 653/275/898 846/275/898
f 948/347/899 947/291/899 846/275/899 847/336/899
f 949/347/900 948/347/900 847/336/900 848/336/900
f 947/291/901 950/295/901 704/291/901 699/291/901
f 948/347/902 951/347/902 950/295/902 947/291/902
f 949/347/903 952/347/903 951/347/903 948/347/903
f 952/347/904 949/347/904 848/336/904 861/347/904
f 953/346/905 952/347/905 861/347/905 862/346/905
f 954/346/906 953/346/906 862/346/906 863/346/906
f 950/295/907 955/291/907 709/295/907 704/291/907
f 951/347/908 956/347/908 955/291/908 950/295/908
f 952/347/909 957/395/909 956/347/909 951/347/909
f 953/346/910 958/396/910 957/395/910 952/347/910
f 954/346/911 959/346/911 958/396/911 953/346/911
f 959/346/912 954/346/912 863/346/912 872/346/912
f 960/297/913 712/297/913 709/295/913 955/291/913
f 961/397/914 960/297/914 955/291/914 956/347/914
f 962/397/915 961/397/915 956/347/915 957/395/915
f 958/396/916 964/396/916 963/397/916 957/395/916
f 959/346/917 965/396/917 964/396/917 958/396/917
f 965/396/918 959/346/918 872/346/918 879/357/918
f 966/357/919 965/396/919 879/357/919 880/356/919
f 960/297/920 967/297/920 720/297/920 712/297/920
f 961/397/921 968/395/921 967/297/921 960/297/921
f 962/397/922 969/397/922 968/395/922 961/397/922
f 969/397/923 962/397/923 957/395/923 963/397/923
f 970/396/924 969/397/924 963/397/924 964/396/924
f 965/396/925 972/398/925 971/396/925 964/396/925
f 966/357/926 973/399/926 972/398/926 965/396/926
f 973/399/927 966/357/927 880/356/927 885/357/927
f 974/400/928 973/399/928 885/357/928 886/355/928
f 967/297/929 975/305/929 729/305/929 720/297/929
f 968/395/930 976/401/930 975/305/930 967/297/930
f 969/397/931 977/401/931 976/401/931 968/395/931
f 970/396/932 978/398/932 977/401/932 969/397/932
f 978/398/933 970/396/933 964/396/933 971/396/933
f 979/402/934 978/398/934 971/396/934 972/398/934
f 980/306/935 731/306/935 729/305/935 975/305/935
f 981/403/936 980/306/936 975/305/936 976/401/936
f 973/399/937 983/400/937 982/402/937 972/398/937
f 974/400/938 984/404/938 983/400/938 973/399/938
f 984/404/939 974/400/939 886/355/939 889/360/939
f 977/401/940 986/401/940 985/403/940 976/401/940
f 978/398/941 987/398/941 986/401/941 977/401/941
f 979/402/942 988/398/942 987/398/942 978/398/942
f 988/398/943 979/402/943 972/398/943 982/402/943
f 980/306/944 989/305/944 741/305/944 731/306/944
f 981/403/945 990/401/945 989/305/945 980/306/945
f 990/401/946 981/403/946 976/401/946 985/403/946
f 991/401/947 990/401/947 985/403/947 986/401/947
f 983/400/948 993/405/948 992/405/948 982/402/948
f 984/404/949 994/405/949 993/405/949 983/400/949
f 994/405/950 984/404/950 889/360/950 892/362/950
f 987/398/951 996/406/951 995/407/951 986/401/951
f 988/398/952 997/406/952 996/406/952 987/398/952
f 997/406/953 988/398/953 982/402/953 992/405/953
f 989/305/954 998/312/954 750/312/954 741/305/954
f 990/401/955 999/407/955 998/312/955 989/305/955
f 991/401/956 1000/407/956 999/407/956 990/401/956
f 1000/407/957 991/401/957 986/401/957 995/407/957
f 1002/43/958 101/43/958 100/43/958 1001/43/958
f 1003/44/959 102/44/959 101/43/959 1002/43/959
f 1005/45/960 104/45/960 103/45/960 1004/45/960
f 1006/43/961 105/43/961 104/45/961 1005/45/961
f 105/43/962 1006/43/962 1001/43/962 100/43/962
f 1008/46/963 107/46/963 106/46/963 1007/46/963
f 1009/46/964 108/46/964 107/46/964 1008/46/964
f 108/46/965 1009/46/965 1004/45/965 103/45/965
f 1011/408/966 1002/43/966 1001/43/966 1010/409/966
f 1012/410/967 1003/44/967 1002/43/967 1011/408/967
f 1014/411/968 1005/45/968 1004/45/968 1013/411/968
f 1015/408/969 1006/43/969 1005/45/969 1014/411/969
f 1006/43/970 1015/408/970 1010/409/970 1001/43/970
f 1015/408/971 1016/412/971 1011/408/971 1010/409/971
f 1018/413/972 1008/46/972 1007/46/972 1017/414/972
f 1019/411/973 1009/46/973 1008/46/973 1018/413/973
f 1009/46/974 1019/411/974 1013/411/974 1004/45/974
f 1021/415/975 1012/410/975 1011/408/975 1020/412/975
f 1023/411/976 1014/411/976 1013/411/976 1022/416/976
f 1024/408/977 1015/408/977 1014/411/977 1023/411/977
f 1025/408/978 1016/412/978 1015/408/978 1024/408/978
f 1016/412/979 1025/408/979 1020/412/979 1011/408/979
f 1025/408/980 1026/415/980 1021/415/980 1020/412/980
f 1028/413/981 1018/413/981 1017/414/981 1027/413/981
f 1029/411/982 1019/411/982 1018/413/982 1028/413/982
f 1019/411/983 1029/411/983 1022/416/983 1013/411/983
f 1029/411/984 1030/417/984 1023/411/984 1022/416/984
f 1032/418/985 1024/408/985 1023/411/985 1031/417/985
f 1033/418/986 1025/408/986 1024/408/986 1032/418/986
f 1034/419/987 1026/415/987 1025/408/987 1033/418/987
f 1036/420/988 1029/411/988 1028/413/988 1035/421/988
f 1037/420/989 1030/417/989 1029/411/989 1036/420/989
f 1030/417/990 1037/420/990 1031/417/990 1023/411/990
f 1037/420/991 1038/418/991 1032/418/991 1031/417/991
f 1040/418/992 1033/418/992 1032/418/992 1039/418/992
f 1041/422/993 1034/419/993 1033/418/993 1040/418/993
f 1043/420/994 1037/420/994 1036/420/994 1042/423/994
f 1044/424/995 1038/418/995 1037/420/995 1043/420/995
f 1038/418/996 1044/424/996 1039/418/996 1032/418/996
f 1044/424/997 1045/425/997 1040/418/997 1039/418/997
f 1045/425/998 1046/426/998 1041/422/998 1040/418/998
f 1048/423/999 1043/420/999 1042/423/999 1047/423/999
f 1049/427/1000 1044/424/1000 1043/420/1000 1048/423/1000
f 1050/425/1001 1045/425/1001 1044/424/1001 1049/427/1001
f 1051/426/1002 1046/426/1002 1045/425/1002 1050/425/1002
f 1053/425/1003 1050/425/1003 1049/427/1003 1052/425/1003
f 1054/426/1004 1051/426/1004 1050/425/1004 1053/425/1004
f 154/77/1005 1056/77/1005 1055/77/1005 153/77/1005
f 1058/428/1006 156/71/1006 155/78/1006 1057/429/1006
f 156/71/1007 1058/428/1007 1056/77/1007 154/77/1007
f 157/78/1008 1059/430/1008 1057/429/1008 155/78/1008
f 1061/431/1009 159/79/1009 158/79/1009 1060/432/1009
f 159/79/1010 1061/431/1010 1059/430/1010 157/78/1010
f 160/75/1011 1062/433/1011 1060/432/1011 158/79/1011
f 161/80/1012 1063/434/1012 1062/433/1012 160/75/1012
f 1056/77/1013 1065/428/1013 1064/428/1013 1055/77/1013
f 1067/435/1014 1058/428/1014 1057/429/1014 1066/436/1014
f 1058/428/1015 1067/435/1015 1065/428/1015 1056/77/1015
f 1059/430/1016 1068/437/1016 1066/436/1016 1057/429/1016
f 1070/438/1017 1061/431/1017 1060/432/1017 1069/439/1017
f 1061/431/1018 1070/438/1018 1068/437/1018 1059/430/1018
f 1062/433/1019 1071/440/1019 1069/439/1019 1060/432/1019
f 1071/440/1020 1072/440/1020 1070/438/1020 1069/439/1020
f 1063/434/1021 1073/441/1021 1071/440/1021 1062/433/1021
f 1065/428/1022 1075/442/1022 1074/435/1022 1064/428/1022
f 1077/443/1023 1067/435/1023 1066/436/1023 1076/444/1023
f 1067/435/1024 1077/443/1024 1075/442/1024 1065/428/1024
f 1068/437/1025 1078/444/1025 1076/444/1025 1066/436/1025
f 1078/444/1026 1079/445/1026 1077/443/1026 1076/444/1026
f 1070/438/1027 1080/446/1027 1078/444/1027 1068/437/1027
f 1082/447/1028 1072/440/1028 1071/440/1028 1081/441/1028
f 1072/440/1029 1082/447/1029 1080/446/1029 1070/438/1029
f 1073/441/1030 1083/448/1030 1081/441/1030 1071/440/1030
f 1083/448/1031 1084/448/1031 1082/447/1031 1081/441/1031
f 1077/443/1032 1086/443/1032 1085/445/1032 1075/442/1032
f 1088/449/1033 1079/445/1033 1078/444/1033 1087/446/1033
f 1079/445/1034 1088/449/1034 1086/443/1034 1077/443/1034
f 1080/446/1035 1089/450/1035 1087/446/1035 1078/444/1035
f 1089/450/1036 1090/451/1036 1088/449/1036 1087/446/1036
f 1082/447/1037 1091/452/1037 1089/450/1037 1080/446/1037
f 1084/448/1038 1092/453/1038 1091/452/1038 1082/447/1038
f 1088/449/1039 1094/451/1039 1093/449/1039 1086/443/1039
f 1096/451/1040 1090/451/1040 1089/450/1040 1095/450/1040
f 1090/451/1041 1096/451/1041 1094/451/1041 1088/449/1041
f 1091/452/1042 1097/452/1042 1095/450/1042 1089/450/1042
f 1097/452/1043 1098/454/1043 1096/451/1043 1095/450/1043
f 1092/453/1044 1099/453/1044 1097/452/1044 1091/452/1044
f 1099/453/1045 1100/455/1045 1098/454/1045 1097/452/1045
f 1096/451/1046 1102/454/1046 1101/451/1046 1094/451/1046
f 1098/454/1047 1103/455/1047 1102/454/1047 1096/451/1047
f 1100/455/1048 1104/456/1048 1103/455/1048 1098/454/1048
f 1103/455/1049 1106/455/1049 1105/454/1049 1102/454/1049
f 1104/456/1050 1107/456/1050 1106/455/1050 1103/455/1050
f 1109/109/1051 249/109/1051 248/109/1051 1108/109/1051
f 249/109/1052 1109/109/1052 1007/46/1052 106/46/1052
f 1110/109/1053 250/109/1053 153/77/1053 1055/77/1053
f 250/109/1054 1110/109/1054 1108/109/1054 248/109/1054
f 1112/457/1055 1109/109/1055 1108/109/1055 1111/458/1055
f 1109/109/1056 1112/457/1056 1017/414/1056 1007/46/1056
f 1113/457/1057 1110/109/1057 1055/77/1057 1064/428/1057
f 1110/109/1058 1113/457/1058 1111/458/1058 1108/109/1058
f 1115/459/1059 1112/457/1059 1111/458/1059 1114/460/1059
f 1112/457/1060 1115/459/1060 1027/413/1060 1017/414/1060
f 1115/459/1061 1116/421/1061 1028/413/1061 1027/413/1061
f 1117/460/1062 1113/457/1062 1064/428/1062 1074/435/1062
f 1113/457/1063 1117/460/1063 1114/460/1063 1111/458/1063
f 1117/460/1064 1118/460/1064 1115/459/1064 1114/460/1064
f 1075/442/1065 1119/435/1065 1117/460/1065 1074/435/1065
f 1121/461/1066 1116/421/1066 1115/459/1066 1120/421/1066
f 1116/421/1067 1121/461/1067 1035/421/1067 1028/413/1067
f 1121/461/1068 1122/421/1068 1036/420/1068 1035/421/1068
f 1124/460/1069 1118/460/1069 1117/460/1069 1123/462/1069
f 1118/460/1070 1124/460/1070 1120/421/1070 1115/459/1070
f 1125/463/1071 1119/435/1071 1075/442/1071 1085/445/1071
f 1119/435/1072 1125/463/1072 1123/462/1072 1117/460/1072
f 1086/443/1073 1126/445/1073 1125/463/1073 1085/445/1073
f 1128/464/1074 1121/461/1074 1120/421/1074 1127/465/1074
f 1129/423/1075 1122/421/1075 1121/461/1075 1128/464/1075
f 1122/421/1076 1129/423/1076 1042/423/1076 1036/420/1076
f 1131/463/1077 1124/460/1077 1123/462/1077 1130/466/1077
f 1124/460/1078 1131/463/1078 1127/465/1078 1120/421/1078
f 1131/463/1079 1132/465/1079 1128/464/1079 1127/465/1079
f 1125/463/1080 1133/462/1080 1130/466/1080 1123/462/1080
f 1133/462/1081 1134/467/1081 1131/463/1081 1130/466/1081
f 1135/468/1082 1126/445/1082 1086/443/1082 1093/449/1082
f 1126/445/1083 1135/468/1083 1133/462/1083 1125/463/1083
f 1094/451/1084 1136/451/1084 1135/468/1084 1093/449/1084
f 1138/423/1085 1129/423/1085 1128/464/1085 1137/465/1085
f 1129/423/1086 1138/423/1086 1047/423/1086 1042/423/1086
f 1138/423/1087 1139/423/1087 1048/423/1087 1047/423/1087
f 1139/423/1088 1140/425/1088 1049/427/1088 1048/423/1088
f 1142/469/1089 1132/465/1089 1131/463/1089 1141/469/1089
f 1132/465/1090 1142/469/1090 1137/465/1090 1128/464/1090
f 1142/469/1091 1143/469/1091 1138/423/1091 1137/465/1091
f 1145/468/1092 1134/467/1092 1133/462/1092 1144/467/1092
f 1134/467/1093 1145/468/1093 1141/469/1093 1131/463/1093
f 1145/468/1094 1146/469/1094 1142/469/1094 1141/469/1094
f 1135/468/1095 1147/470/1095 1144/467/1095 1133/462/1095
f 1147/470/1096 1148/467/1096 1145/468/1096 1144/467/1096
f 1149/470/1097 1136/451/1097 1094/451/1097 1101/451/1097
f 1136/451/1098 1149/470/1098 1147/470/1098 1135/468/1098
f 1102/454/1099 1150/454/1099 1149/470/1099 1101/451/1099
f 1152/471/1100 1139/423/1100 1138/423/1100 1151/471/1100
f 1153/472/1101 1140/425/1101 1139/423/1101 1152/471/1101
f 1140/425/1102 1153/472/1102 1052/425/1102 1049/427/1102
f 1153/472/1103 1154/473/1103 1053/425/1103 1052/425/1103
f 1154/473/1104 1155/474/1104 1054/426/1104 1053/425/1104
f 1157/471/1105 1143/469/1105 1142/469/1105 1156/469/1105
f 1143/469/1106 1157/471/1106 1151/471/1106 1138/423/1106
f 1157/471/1107 1158/471/1107 1152/471/1107 1151/471/1107
f 1158/471/1108 1159/473/1108 1153/472/1108 1152/471/1108
f 1161/469/1109 1146/469/1109 1145/468/1109 1160/469/1109
f 1146/469/1110 1161/469/1110 1156/469/1110 1142/469/1110
f 1161/469/1111 1162/469/1111 1157/471/1111 1156/469/1111
f 1164/470/1112 1148/467/1112 1147/470/1112 1163/475/1112
f 1148/467/1113 1164/470/1113 1160/469/1113 1145/468/1113
f 1164/470/1114 1165/476/1114 1161/469/1114 1160/469/1114
f 1149/470/1115 1166/470/1115 1163/475/1115 1147/470/1115
f 1166/470/1116 1167/477/1116 1164/470/1116 1163/475/1116
f 1168/477/1117 1150/454/1117 1102/454/1117 1105/454/1117
f 1150/454/1118 1168/477/1118 1166/470/1118 1149/470/1118
f 1168/477/1119 1169/478/1119 1167/477/1119 1166/470/1119
f 1106/455/1120 1170/479/1120 1168/477/1120 1105/454/1120
f 1107/456/1121 1171/480/1121 1170/479/1121 1106/455/1121
f 1173/473/1122 1154/473/1122 1153/472/1122 1172/473/1122
f 1174/474/1123 1155/474/1123 1154/473/1123 1173/473/1123
f 1176/471/1124 1158/471/1124 1157/471/1124 1175/471/1124
f 1177/472/1125 1159/473/1125 1158/471/1125 1176/471/1125
f 1159/473/1126 1177/472/1126 1172/473/1126 1153/472/1126
f 1177/472/1127 1178/473/1127 1173/473/1127 1172/473/1127
f 1178/473/1128 1179/474/1128 1174/474/1128 1173/473/1128
f 1181/481/1129 1162/469/1129 1161/469/1129 1180/476/1129
f 1162/469/1130 1181/481/1130 1175/471/1130 1157/471/1130
f 1181/481/1131 1182/481/1131 1176/471/1131 1175/471/1131
f 1182/481/1132 1183/482/1132 1177/472/1132 1176/471/1132
f 1185/476/1133 1165/476/1133 1164/470/1133 1184/476/1133
f 1165/476/1134 1185/476/1134 1180/476/1134 1161/469/1134
f 1185/476/1135 1186/481/1135 1181/481/1135 1180/476/1135
f 1167/477/1136 1187/483/1136 1184/476/1136 1164/470/1136
f 1187/483/1137 1188/483/1137 1185/476/1137 1184/476/1137
f 1188/483/1138 1189/483/1138 1186/481/1138 1185/476/1138
f 1191/477/1139 1169/478/1139 1168/477/1139 1190/477/1139
f 1169/478/1140 1191/477/1140 1187/483/1140 1167/477/1140
f 1191/477/1141 1192/483/1141 1188/483/1141 1187/483/1141
f 1170/479/1142 1193/484/1142 1190/477/1142 1168/477/1142
f 1193/484/1143 1194/479/1143 1191/477/1143 1190/477/1143
f 1171/480/1144 1195/480/1144 1193/484/1144 1170/479/1144
f 1195/480/1145 1196/480/1145 1194/479/1145 1193/484/1145
f 1198/482/1146 1178/473/1146 1177/472/1146 1197/482/1146
f 1199/485/1147 1179/474/1147 1178/473/1147 1198/482/1147
f 1201/481/1148 1182/481/1148 1181/481/1148 1200/481/1148
f 1202/486/1149 1183/482/1149 1182/481/1149 1201/481/1149
f 1183/482/1150 1202/486/1150 1197/482/1150 1177/472/1150
f 1202/486/1151 1203/482/1151 1198/482/1151 1197/482/1151
f 1203/482/1152 1204/485/1152 1199/485/1152 1198/482/1152
f 1186/481/1153 1205/481/1153 1200/481/1153 1181/481/1153
f 1205/481/1154 1206/487/1154 1201/481/1154 1200/481/1154
f 1206/487/1155 1207/488/1155 1202/486/1155 1201/481/1155
f 1207/488/1156 1208/482/1156 1203/482/1156 1202/486/1156
f 1208/482/1157 1209/485/1157 1204/485/1157 1203/482/1157
f 1211/487/1158 1189/483/1158 1188/483/1158 1210/483/1158
f 1189/483/1159 1211/487/1159 1205/481/1159 1186/481/1159
f 1211/487/1160 1212/487/1160 1206/487/1160 1205/481/1160
f 1212/487/1161 1213/489/1161 1207/488/1161 1206/487/1161
f 1215/490/1162 1192/483/1162 1191/477/1162 1214/490/1162
f 1192/483/1163 1215/490/1163 1210/483/1163 1188/483/1163
f 1215/490/1164 1216/491/1164 1211/487/1164 1210/483/1164
f 1216/491/1165 1217/492/1165 1212/487/1165 1211/487/1165
f 1194/479/1166 1218/490/1166 1214/490/1166 1191/477/1166
f 1218/490/1167 1219/490/1167 1215/490/1167 1214/490/1167
f 1219/490/1168 1220/491/1168 1216/491/1168 1215/490/1168
f 1196/480/1169 1221/493/1169 1218/490/1169 1194/479/1169
f 1221/493/1170 1222/493/1170 1219/490/1170 1218/490/1170
f 1222/493/1171 1223/493/1171 1220/491/1171 1219/490/1171
f 1225/494/1172 1208/482/1172 1207/488/1172 1224/489/1172
f 1226/495/1173 1209/485/1173 1208/482/1173 1225/494/1173
f 1228/494/1174 1213/489/1174 1212/487/1174 1227/492/1174
f 1213/489/1175 1228/494/1175 1224/489/1175 1207/488/1175
f 1228/494/1176 1229/494/1176 1225/494/1176 1224/489/1176
f 1229/494/1177 1230/495/1177 1226/495/1177 1225/494/1177
f 1232/491/1178 1217/492/1178 1216/491/1178 1231/491/1178
f 1217/492/1179 1232/491/1179 1227/492/1179 1212/487/1179
f 1232/491/1180 1233/496/1180 1228/494/1180 1227/492/1180
f 1233/496/1181 1234/496/1181 1229/494/1181 1228/494/1181
f 1234/496/1182 1235/497/1182 1230/495/1182 1229/494/1182
f 1220/491/1183 1236/491/1183 1231/491/1183 1216/491/1183
f 1236/491/1184 1237/491/1184 1232/491/1184 1231/491/1184
f 1237/491/1185 1238/498/1185 1233/496/1185 1232/491/1185
f 1238/498/1186 1239/498/1186 1234/496/1186 1233/496/1186
f 1223/493/1187 1240/499/1187 1236/491/1187 1220/491/1187
f 1240/499/1188 1241/499/1188 1237/491/1188 1236/491/1188
f 1241/499/1189 1242/500/1189 1238/498/1189 1237/491/1189
f 1244/497/1190 1235/497/1190 1234/496/1190 1243/498/1190
f 1246/496/1191 1239/498/1191 1238/498/1191 1245/498/1191
f 1239/498/1192 1246/496/1192 1243/498/1192 1234/496/1192
f 1246/496/1193 1247/497/1193 1244/497/1193 1243/498/1193
f 1242/500/1194 1248/501/1194 1245/498/1194 1238/498/1194
f 1248/501/1195 1249/501/1195 1246/496/1195 1245/498/1195
f 1249/501/1196 1250/502/1196 1247/497/1196 1246/496/1196
f 1251/503/1197 350/44/1197 102/44/1197 1003/44/1197
f 1252/144/1198 351/144/1198 350/44/1198 1251/503/1198
f 1253/144/1199 352/144/1199 351/144/1199 1252/144/1199
f 1254/144/1200 353/144/1200 352/144/1200 1253/144/1200
f 1255/146/1201 354/145/1201 353/144/1201 1254/144/1201
f 1256/146/1202 355/146/1202 354/145/1202 1255/146/1202
f 1257/147/1203 356/147/1203 355/146/1203 1256/146/1203
f 1258/147/1204 357/147/1204 356/147/1204 1257/147/1204
f 1259/147/1205 358/147/1205 357/147/1205 1258/147/1205
f 1260/410/1206 1251/503/1206 1003/44/1206 1012/410/1206
f 1261/504/1207 1252/144/1207 1251/503/1207 1260/410/1207
f 1262/505/1208 1253/144/1208 1252/144/1208 1261/504/1208
f 1263/505/1209 1264/504/1209 1262/505/1209 1261/504/1209
f 1264/504/1210 1254/144/1210 1253/144/1210 1262/505/1210
f 1265/506/1211 1255/146/1211 1254/144/1211 1264/504/1211
f 1266/506/1212 1256/146/1212 1255/146/1212 1265/506/1212
f 1267/506/1213 1257/147/1213 1256/146/1213 1266/506/1213
f 1268/507/1214 1258/147/1214 1257/147/1214 1267/506/1214
f 1269/507/1215 1259/147/1215 1258/147/1215 1268/507/1215
f 1270/415/1216 1260/410/1216 1012/410/1216 1021/415/1216
f 1271/505/1217 1261/504/1217 1260/410/1217 1270/415/1217
f 1026/415/1218 1272/415/1218 1270/415/1218 1021/415/1218
f 1272/415/1219 1273/504/1219 1271/505/1219 1270/415/1219
f 1273/504/1220 1263/505/1220 1261/504/1220 1271/505/1220
f 1274/504/1221 1264/504/1221 1263/505/1221 1273/504/1221
f 1275/506/1222 1265/506/1222 1264/504/1222 1274/504/1222
f 1276/508/1223 1266/506/1223 1265/506/1223 1275/506/1223
f 1277/509/1224 1278/506/1224 1276/508/1224 1275/506/1224
f 1278/506/1225 1267/506/1225 1266/506/1225 1276/508/1225
f 1279/510/1226 1268/507/1226 1267/506/1226 1278/506/1226
f 1280/511/1227 1269/507/1227 1268/507/1227 1279/510/1227
f 1281/419/1228 1272/415/1228 1026/415/1228 1034/419/1228
f 1282/512/1229 1273/504/1229 1272/415/1229 1281/419/1229
f 1283/512/1230 1274/504/1230 1273/504/1230 1282/512/1230
f 1284/509/1231 1275/506/1231 1274/504/1231 1283/512/1231
f 1285/512/1232 1286/513/1232 1284/509/1232 1283/512/1232
f 1286/513/1233 1277/509/1233 1275/506/1233 1284/509/1233
f 1287/513/1234 1278/506/1234 1277/509/1234 1286/513/1234
f 1288/514/1235 1279/510/1235 1278/506/1235 1287/513/1235
f 1289/422/1236 1281/419/1236 1034/419/1236 1041/422/1236
f 1290/512/1237 1282/512/1237 1281/419/1237 1289/422/1237
f 1291/512/1238 1283/512/1238 1282/512/1238 1290/512/1238
f 1046/426/1239 1292/426/1239 1289/422/1239 1041/422/1239
f 1292/426/1240 1293/515/1240 1290/512/1240 1289/422/1240
f 1293/515/1241 1294/516/1241 1291/512/1241 1290/512/1241
f 1294/516/1242 1285/512/1242 1283/512/1242 1291/512/1242
f 1295/517/1243 1286/513/1243 1285/512/1243 1294/516/1243
f 1296/518/1244 1287/513/1244 1286/513/1244 1295/517/1244
f 1297/426/1245 1292/426/1245 1046/426/1245 1051/426/1245
f 1298/515/1246 1293/515/1246 1292/426/1246 1297/426/1246
f 1299/515/1247 1294/516/1247 1293/515/1247 1298/515/1247
f 1300/518/1248 1295/517/1248 1294/516/1248 1299/515/1248
f 1301/519/1249 1296/518/1249 1295/517/1249 1300/518/1249
f 1302/426/1250 1297/426/1250 1051/426/1250 1054/426/1250
f 1303/515/1251 1298/515/1251 1297/426/1251 1302/426/1251
f 1304/515/1252 1299/515/1252 1298/515/1252 1303/515/1252
f 1305/183/1253 445/183/1253 358/147/1253 1259/147/1253
f 1306/183/1254 446/183/1254 445/183/1254 1305/183/1254
f 1307/183/1255 447/183/1255 446/183/1255 1306/183/1255
f 1308/520/1256 1305/183/1256 1259/147/1256 1269/507/1256
f 1309/520/1257 1306/183/1257 1305/183/1257 1308/520/1257
f 1310/520/1258 1307/183/1258 1306/183/1258 1309/520/1258
f 1311/514/1259 1312/521/1259 1280/511/1259 1279/510/1259
f 1312/521/1260 1308/520/1260 1269/507/1260 1280/511/1260
f 1313/522/1261 1309/520/1261 1308/520/1261 1312/521/1261
f 1314/522/1262 1315/521/1262 1313/522/1262 1312/521/1262
f 1315/521/1263 1310/520/1263 1309/520/1263 1313/522/1263
f 1317/514/1264 1318/523/1264 1288/514/1264 1287/513/1264
f 1318/523/1265 1311/514/1265 1279/510/1265 1288/514/1265
f 1319/514/1266 1312/521/1266 1311/514/1266 1318/523/1266
f 1320/522/1267 1314/522/1267 1312/521/1267 1319/514/1267
f 1321/524/1268 1315/521/1268 1314/522/1268 1320/522/1268
f 1322/525/1269 1316/526/1269 1315/521/1269 1321/524/1269
f 1324/518/1270 1317/514/1270 1287/513/1270 1296/518/1270
f 1325/527/1271 1318/523/1271 1317/514/1271 1324/518/1271
f 1326/528/1272 1319/514/1272 1318/523/1272 1325/527/1272
f 1327/528/1273 1328/525/1273 1326/528/1273 1325/527/1273
f 1328/525/1274 1320/522/1274 1319/514/1274 1326/528/1274
f 1329/524/1275 1321/524/1275 1320/522/1275 1328/525/1275
f 1330/529/1276 1331/525/1276 1329/524/1276 1328/525/1276
f 1331/525/1277 1322/525/1277 1321/524/1277 1329/524/1277
f 1332/530/1278 1323/531/1278 1322/525/1278 1331/525/1278
f 1334/515/1279 1335/518/1279 1300/518/1279 1299/515/1279
f 1335/518/1280 1336/518/1280 1301/519/1280 1300/518/1280
f 1336/518/1281 1324/518/1281 1296/518/1281 1301/519/1281
f 1337/528/1282 1325/527/1282 1324/518/1282 1336/518/1282
f 1338/532/1283 1339/532/1283 1337/528/1283 1336/518/1283
f 1339/532/1284 1327/528/1284 1325/527/1284 1337/528/1284
f 1340/532/1285 1328/525/1285 1327/528/1285 1339/532/1285
f 1341/532/1286 1342/533/1286 1340/532/1286 1339/532/1286
f 1342/533/1287 1330/529/1287 1328/525/1287 1340/532/1287
f 1343/529/1288 1331/525/1288 1330/529/1288 1342/533/1288
f 1344/529/1289 1345/534/1289 1343/529/1289 1342/533/1289
f 1345/534/1290 1332/530/1290 1331/525/1290 1343/529/1290
f 1346/534/1291 1333/535/1291 1332/530/1291 1345/534/1291
f 1155/474/1292 1348/474/1292 1302/426/1292 1054/426/1292
f 1348/474/1293 1349/536/1293 1303/515/1293 1302/426/1293
f 1349/536/1294 1350/536/1294 1304/515/1294 1303/515/1294
f 1350/536/1295 1334/515/1295 1299/515/1295 1304/515/1295
f 1351/537/1296 1335/518/1296 1334/515/1296 1350/536/1296
f 1352/538/1297 1336/518/1297 1335/518/1297 1351/537/1297
f 1353/536/1298 1354/537/1298 1351/537/1298 1350/536/1298
f 1354/537/1299 1355/537/1299 1352/538/1299 1351/537/1299
f 1355/537/1300 1338/532/1300 1336/518/1300 1352/538/1300
f 1356/532/1301 1339/532/1301 1338/532/1301 1355/537/1301
f 1357/532/1302 1358/532/1302 1356/532/1302 1355/537/1302
f 1358/532/1303 1341/532/1303 1339/532/1303 1356/532/1303
f 1359/532/1304 1342/533/1304 1341/532/1304 1358/532/1304
f 1360/539/1305 1361/534/1305 1359/532/1305 1358/532/1305
f 1361/534/1306 1344/529/1306 1342/533/1306 1359/532/1306
f 1362/540/1307 1345/534/1307 1344/529/1307 1361/534/1307
f 1363/541/1308 1364/540/1308 1362/540/1308 1361/534/1308
f 1364/540/1309 1346/534/1309 1345/534/1309 1362/540/1309
f 1365/542/1310 1366/543/1310 1364/540/1310 1363/541/1310
f 1366/543/1311 1347/544/1311 1346/534/1311 1364/540/1311
f 1369/474/1312 1348/474/1312 1155/474/1312 1174/474/1312
f 1370/536/1313 1349/536/1313 1348/474/1313 1369/474/1313
f 1371/536/1314 1350/536/1314 1349/536/1314 1370/536/1314
f 1179/474/1315 1372/474/1315 1369/474/1315 1174/474/1315
f 1372/474/1316 1373/536/1316 1370/536/1316 1369/474/1316
f 1373/536/1317 1374/536/1317 1371/536/1317 1370/536/1317
f 1374/536/1318 1353/536/1318 1350/536/1318 1371/536/1318
f 1375/537/1319 1354/537/1319 1353/536/1319 1374/536/1319
f 1376/538/1320 1355/537/1320 1354/537/1320 1375/537/1320
f 1377/545/1321 1378/546/1321 1375/537/1321 1374/536/1321
f 1378/546/1322 1379/546/1322 1376/538/1322 1375/537/1322
f 1379/546/1323 1357/532/1323 1355/537/1323 1376/538/1323
f 1380/539/1324 1358/532/1324 1357/532/1324 1379/546/1324
f 1381/546/1325 1382/547/1325 1380/539/1325 1379/546/1325
f 1382/547/1326 1360/539/1326 1358/532/1326 1380/539/1326
f 1383/539/1327 1361/534/1327 1360/539/1327 1382/547/1327
f 1384/548/1328 1385/549/1328 1382/547/1328 1381/546/1328
f 1385/549/1329 1386/550/1329 1383/539/1329 1382/547/1329
f 1386/550/1330 1363/541/1330 1361/534/1330 1383/539/1330
f 1387/548/1331 1388/543/1331 1386/550/1331 1385/549/1331
f 1388/543/1332 1365/542/1332 1363/541/1332 1386/550/1332
f 1389/542/1333 1366/543/1333 1365/542/1333 1388/543/1333
f 1390/551/1334 1391/551/1334 1389/542/1334 1388/543/1334
f 1391/551/1335 1367/551/1335 1366/543/1335 1389/542/1335
f 1392/552/1336 1393/552/1336 1391/551/1336 1390/551/1336
f 1393/552/1337 1368/552/1337 1367/551/1337 1391/551/1337
f 1394/211/1338 492/211/1338 447/183/1338 1307/183/1338
f 1395/211/1339 493/211/1339 492/211/1339 1394/211/1339
f 1396/553/1340 494/204/1340 493/211/1340 1395/211/1340
f 1397/554/1341 495/212/1341 494/204/1341 1396/553/1341
f 1398/554/1342 496/212/1342 495/212/1342 1397/554/1342
f 1399/555/1343 497/213/1343 496/212/1343 1398/554/1343
f 1400/555/1344 498/213/1344 497/213/1344 1399/555/1344
f 1401/556/1345 499/214/1345 498/213/1345 1400/555/1345
f 1402/557/1346 500/215/1346 499/214/1346 1401/556/1346
f 1403/553/1347 1394/211/1347 1307/183/1347 1310/520/1347
f 1404/553/1348 1395/211/1348 1394/211/1348 1403/553/1348
f 1405/558/1349 1396/553/1349 1395/211/1349 1404/553/1349
f 1406/559/1350 1397/554/1350 1396/553/1350 1405/558/1350
f 1407/559/1351 1398/554/1351 1397/554/1351 1406/559/1351
f 1408/560/1352 1399/555/1352 1398/554/1352 1407/559/1352
f 1409/561/1353 1400/555/1353 1399/555/1353 1408/560/1353
f 1410/562/1354 1411/563/1354 1409/561/1354 1408/560/1354
f 1411/563/1355 1401/556/1355 1400/555/1355 1409/561/1355
f 1412/564/1356 1402/557/1356 1401/556/1356 1411/563/1356
f 1413/526/1357 1403/553/1357 1310/520/1357 1315/521/1357
f 1316/526/1358 1414/565/1358 1413/526/1358 1315/521/1358
f 1414/565/1359 1404/553/1359 1403/553/1359 1413/526/1359
f 1415/566/1360 1405/558/1360 1404/553/1360 1414/565/1360
f 1416/567/1361 1406/559/1361 1405/558/1361 1415/566/1361
f 1417/531/1362 1418/568/1362 1416/567/1362 1415/566/1362
f 1418/568/1363 1407/559/1363 1406/559/1363 1416/567/1363
f 1419/569/1364 1408/560/1364 1407/559/1364 1418/568/1364
f 1420/570/1365 1410/562/1365 1408/560/1365 1419/569/1365
f 1421/571/1366 1411/563/1366 1410/562/1366 1420/570/1366
f 1422/572/1367 1423/572/1367 1421/571/1367 1420/570/1367
f 1423/572/1368 1412/564/1368 1411/563/1368 1421/571/1368
f 1424/531/1369 1414/565/1369 1316/526/1369 1322/525/1369
f 1323/531/1370 1425/566/1370 1424/531/1370 1322/525/1370
f 1425/566/1371 1415/566/1371 1414/565/1371 1424/531/1371
f 1426/573/1372 1417/531/1372 1415/566/1372 1425/566/1372
f 1427/574/1373 1418/568/1373 1417/531/1373 1426/573/1373
f 1428/535/1374 1429/575/1374 1427/574/1374 1426/573/1374
f 1429/575/1375 1419/569/1375 1418/568/1375 1427/574/1375
f 1430/576/1376 1420/570/1376 1419/569/1376 1429/575/1376
f 1431/577/1377 1422/572/1377 1420/570/1377 1430/576/1377
f 1432/578/1378 1425/566/1378 1323/531/1378 1332/530/1378
f 1333/535/1379 1433/579/1379 1432/578/1379 1332/530/1379
f 1433/579/1380 1426/573/1380 1425/566/1380 1432/578/1380
f 1434/579/1381 1428/535/1381 1426/573/1381 1433/579/1381
f 1435/580/1382 1429/575/1382 1428/535/1382 1434/579/1382
f 1436/581/1383 1437/576/1383 1435/580/1383 1434/579/1383
f 1437/576/1384 1430/576/1384 1429/575/1384 1435/580/1384
f 1438/582/1385 1439/577/1385 1437/576/1385 1436/581/1385
f 1439/577/1386 1431/577/1386 1430/576/1386 1437/576/1386
f 1440/535/1387 1433/579/1387 1333/535/1387 1346/534/1387
f 1347/544/1388 1441/581/1388 1440/535/1388 1346/534/1388
f 1441/581/1389 1434/579/1389 1433/579/1389 1440/535/1389
f 1442/582/1390 1436/581/1390 1434/579/1390 1441/581/1390
f 1443/583/1391 1438/582/1391 1436/581/1391 1442/582/1391
f 1444/544/1392 1441/581/1392 1347/544/1392 1366/543/1392
f 1367/551/1393 1445/582/1393 1444/544/1393 1366/543/1393
f 1445/582/1394 1442/582/1394 1441/581/1394 1444/544/1394
f 1368/552/1395 1446/583/1395 1445/582/1395 1367/551/1395
f 1446/583/1396 1443/583/1396 1442/582/1396 1445/582/1396
f 1447/485/1397 1372/474/1397 1179/474/1397 1199/485/1397
f 1448/545/1398 1373/536/1398 1372/474/1398 1447/485/1398
f 1449/545/1399 1374/536/1399 1373/536/1399 1448/545/1399
f 1204/485/1400 1450/485/1400 1447/485/1400 1199/485/1400
f 1450/485/1401 1451/545/1401 1448/545/1401 1447/485/1401
f 1451/545/1402 1452/545/1402 1449/545/1402 1448/545/1402
f 1452/545/1403 1377/545/1403 1374/536/1403 1449/545/1403
f 1453/546/1404 1378/546/1404 1377/545/1404 1452/545/1404
f 1454/584/1405 1379/546/1405 1378/546/1405 1453/546/1405
f 1209/485/1406 1455/485/1406 1450/485/1406 1204/485/1406
f 1455/485/1407 1456/545/1407 1451/545/1407 1450/485/1407
f 1456/545/1408 1457/585/1408 1452/545/1408 1451/545/1408
f 1457/585/1409 1458/586/1409 1453/546/1409 1452/545/1409
f 1458/586/1410 1459/546/1410 1454/584/1410 1453/546/1410
f 1459/546/1411 1381/546/1411 1379/546/1411 1454/584/1411
f 1460/587/1412 1461/586/1412 1458/586/1412 1457/585/1412
f 1461/586/1413 1462/586/1413 1459/546/1413 1458/586/1413
f 1462/586/1414 1384/548/1414 1381/546/1414 1459/546/1414
f 1463/548/1415 1385/549/1415 1384/548/1415 1462/586/1415
f 1464/588/1416 1465/589/1416 1462/586/1416 1461/586/1416
f 1465/589/1417 1466/590/1417 1463/548/1417 1462/586/1417
f 1466/590/1418 1387/548/1418 1385/549/1418 1463/548/1418
f 1467/591/1419 1388/543/1419 1387/548/1419 1466/590/1419
f 1468/589/1420 1469/591/1420 1466/590/1420 1465/589/1420
f 1469/591/1421 1470/591/1421 1467/591/1421 1466/590/1421
f 1470/591/1422 1390/551/1422 1388/543/1422 1467/591/1422
f 1471/592/1423 1472/592/1423 1469/591/1423 1468/589/1423
f 1472/592/1424 1473/592/1424 1470/591/1424 1469/591/1424
f 1473/592/1425 1392/552/1425 1390/551/1425 1470/591/1425
f 1474/495/1426 1455/485/1426 1209/485/1426 1226/495/1426
f 1475/585/1427 1456/545/1427 1455/485/1427 1474/495/1427
f 1476/587/1428 1457/585/1428 1456/545/1428 1475/585/1428
f 1230/495/1429 1477/495/1429 1474/495/1429 1226/495/1429
f 1477/495/1430 1478/585/1430 1475/585/1430 1474/495/1430
f 1478/585/1431 1479/585/1431 1476/587/1431 1475/585/1431
f 1479/585/1432 1460/587/1432 1457/585/1432 1476/587/1432
f 1480/588/1433 1461/586/1433 1460/587/1433 1479/585/1433
f 1235/497/1434 1481/497/1434 1477/495/1434 1230/495/1434
f 1481/497/1435 1482/593/1435 1478/585/1435 1477/495/1435
f 1482/593/1436 1483/593/1436 1479/585/1436 1478/585/1436
f 1483/593/1437 1484/589/1437 1480/588/1437 1479/585/1437
f 1484/589/1438 1464/588/1438 1461/586/1438 1480/588/1438
f 1485/594/1439 1465/589/1439 1464/588/1439 1484/589/1439
f 1486/593/1440 1487/593/1440 1483/593/1440 1482/593/1440
f 1487/593/1441 1488/589/1441 1484/589/1441 1483/593/1441
f 1488/589/1442 1489/589/1442 1485/594/1442 1484/589/1442
f 1489/589/1443 1468/589/1443 1465/589/1443 1485/594/1443
f 1490/595/1444 1491/596/1444 1488/589/1444 1487/593/1444
f 1491/596/1445 1492/596/1445 1489/589/1445 1488/589/1445
f 1492/596/1446 1471/592/1446 1468/589/1446 1489/589/1446
f 1493/497/1447 1481/497/1447 1235/497/1447 1244/497/1447
f 1494/593/1448 1482/593/1448 1481/497/1448 1493/497/1448
f 1247/497/1449 1495/497/1449 1493/497/1449 1244/497/1449
f 1495/497/1450 1496/593/1450 1494/593/1450 1493/497/1450
f 1496/593/1451 1486/593/1451 1482/593/1451 1494/593/1451
f 1497/593/1452 1487/593/1452 1486/593/1452 1496/593/1452
f 1250/502/1453 1498/502/1453 1495/497/1453 1247/497/1453
f 1498/502/1454 1499/595/1454 1496/593/1454 1495/497/1454
f 1499/595/1455 1500/595/1455 1497/593/1455 1496/593/1455
f 1500/595/1456 1490/595/1456 1487/593/1456 1497/593/1456
f 599/260/1457 1501/597/1457 1063/434/1457 161/80/1457
f 600/256/1458 1502/598/1458 1501/597/1458 599/260/1458
f 601/261/1459 1503/599/1459 1502/598/1459 600/256/1459
f 602/262/1460 1504/599/1460 1503/599/1460 601/261/1460
f 603/263/1461 1505/600/1461 1504/599/1461 602/262/1461
f 604/263/1462 1506/600/1462 1505/600/1462 603/263/1462
f 605/258/1463 1507/601/1463 1506/600/1463 604/263/1463
f 606/264/1464 1508/264/1464 1507/601/1464 605/258/1464
f 607/264/1465 1509/264/1465 1508/264/1465 606/264/1465
f 1501/597/1466 1510/602/1466 1073/441/1466 1063/434/1466
f 1502/598/1467 1511/603/1467 1510/602/1467 1501/597/1467
f 1503/599/1468 1513/598/1468 1511/603/1468 1502/598/1468
f 1513/598/1469 1514/604/1469 1512/603/1469 1511/603/1469
f 1504/599/1470 1514/604/1470 1513/598/1470 1503/599/1470
f 1505/600/1471 1515/605/1471 1514/604/1471 1504/599/1471
f 1506/600/1472 1516/605/1472 1515/605/1472 1505/600/1472
f 1507/601/1473 1517/606/1473 1516/605/1473 1506/600/1473
f 1508/264/1474 1518/601/1474 1517/606/1474 1507/601/1474
f 1509/264/1475 1519/601/1475 1518/601/1475 1508/264/1475
f 1510/602/1476 1520/607/1476 1083/448/1476 1073/441/1476
f 1520/607/1477 1521/608/1477 1084/448/1477 1083/448/1477
f 1511/603/1478 1522/609/1478 1520/607/1478 1510/602/1478
f 1522/609/1479 1523/610/1479 1521/608/1479 1520/607/1479
f 1512/603/1480 1523/610/1480 1522/609/1480 1511/603/1480
f 1514/604/1481 1524/611/1481 1523/610/1481 1512/603/1481
f 1515/605/1482 1525/612/1482 1524/611/1482 1514/604/1482
f 1516/605/1483 1527/612/1483 1525/612/1483 1515/605/1483
f 1527/612/1484 1528/613/1484 1526/613/1484 1525/612/1484
f 1517/606/1485 1528/613/1485 1527/612/1485 1516/605/1485
f 1518/601/1486 1529/606/1486 1528/613/1486 1517/606/1486
f 1519/601/1487 1530/614/1487 1529/606/1487 1518/601/1487
f 1521/608/1488 1531/615/1488 1092/453/1488 1084/448/1488
f 1523/610/1489 1532/616/1489 1531/615/1489 1521/608/1489
f 1524/611/1490 1533/617/1490 1532/616/1490 1523/610/1490
f 1525/612/1491 1535/611/1491 1533/617/1491 1524/611/1491
f 1535/611/1492 1536/618/1492 1534/619/1492 1533/617/1492
f 1526/613/1493 1536/618/1493 1535/611/1493 1525/612/1493
f 1528/613/1494 1537/613/1494 1536/618/1494 1526/613/1494
f 1529/606/1495 1538/613/1495 1537/613/1495 1528/613/1495
f 1531/615/1496 1539/615/1496 1099/453/1496 1092/453/1496
f 1539/615/1497 1540/620/1497 1100/455/1497 1099/453/1497
f 1532/616/1498 1541/616/1498 1539/615/1498 1531/615/1498
f 1541/616/1499 1542/621/1499 1540/620/1499 1539/615/1499
f 1533/617/1500 1543/622/1500 1541/616/1500 1532/616/1500
f 1543/622/1501 1544/623/1501 1542/621/1501 1541/616/1501
f 1534/619/1502 1544/623/1502 1543/622/1502 1533/617/1502
f 1536/618/1503 1545/623/1503 1544/623/1503 1534/619/1503
f 1537/613/1504 1546/618/1504 1545/623/1504 1536/618/1504
f 1540/620/1505 1547/456/1505 1104/456/1505 1100/455/1505
f 1542/621/1506 1548/620/1506 1547/456/1506 1540/620/1506
f 1544/623/1507 1549/624/1507 1548/620/1507 1542/621/1507
f 1545/623/1508 1550/619/1508 1549/624/1508 1544/623/1508
f 1547/456/1509 1551/456/1509 1107/456/1509 1104/456/1509
f 1548/620/1510 1552/620/1510 1551/456/1510 1547/456/1510
f 1549/624/1511 1553/621/1511 1552/620/1511 1548/620/1511
f 694/290/1512 1554/290/1512 1509/264/1512 607/264/1512
f 695/290/1513 1555/290/1513 1554/290/1513 694/290/1513
f 696/290/1514 1556/290/1514 1555/290/1514 695/290/1514
f 1554/290/1515 1557/625/1515 1519/601/1515 1509/264/1515
f 1555/290/1516 1558/625/1516 1557/625/1516 1554/290/1516
f 1556/290/1517 1559/625/1517 1558/625/1517 1555/290/1517
f 1530/614/1518 1561/626/1518 1560/606/1518 1529/606/1518
f 1557/625/1519 1561/626/1519 1530/614/1519 1519/601/1519
f 1558/625/1520 1563/627/1520 1561/626/1520 1557/625/1520
f 1563/627/1521 1564/626/1521 1562/627/1521 1561/626/1521
f 1559/625/1522 1564/626/1522 1563/627/1522 1558/625/1522
f 1538/613/1523 1567/628/1523 1566/613/1523 1537/613/1523
f 1560/606/1524 1567/628/1524 1538/613/1524 1529/606/1524
f 1561/626/1525 1568/628/1525 1567/628/1525 1560/606/1525
f 1562/627/1526 1569/626/1526 1568/628/1526 1561/626/1526
f 1564/626/1527 1570/629/1527 1569/626/1527 1562/627/1527
f 1565/630/1528 1571/629/1528 1570/629/1528 1564/626/1528
f 1546/618/1529 1574/631/1529 1573/619/1529 1545/623/1529
f 1566/613/1530 1574/631/1530 1546/618/1530 1537/613/1530
f 1567/628/1531 1575/628/1531 1574/631/1531 1566/613/1531
f 1568/628/1532 1577/632/1532 1575/628/1532 1567/628/1532
f 1577/632/1533 1578/628/1533 1576/633/1533 1575/628/1533
f 1569/626/1534 1578/628/1534 1577/632/1534 1568/628/1534
f 1570/629/1535 1580/634/1535 1578/628/1535 1569/626/1535
f 1580/634/1536 1581/634/1536 1579/634/1536 1578/628/1536
f 1571/629/1537 1581/634/1537 1580/634/1537 1570/629/1537
f 1572/630/1538 1582/635/1538 1581/634/1538 1571/629/1538
f 1550/619/1539 1584/636/1539 1583/621/1539 1549/624/1539
f 1573/619/1540 1584/636/1540 1550/619/1540 1545/623/1540
f 1574/631/1541 1585/636/1541 1584/636/1541 1573/619/1541
f 1575/628/1542 1587/633/1542 1585/636/1542 1574/631/1542
f 1587/633/1543 1588/631/1543 1586/633/1543 1585/636/1543
f 1576/633/1544 1588/631/1544 1587/633/1544 1575/628/1544
f 1578/628/1545 1590/637/1545 1588/631/1545 1576/633/1545
f 1590/637/1546 1591/637/1546 1589/637/1546 1588/631/1546
f 1579/634/1547 1591/637/1547 1590/637/1547 1578/628/1547
f 1581/634/1548 1593/634/1548 1591/637/1548 1579/634/1548
f 1593/634/1549 1594/635/1549 1592/637/1549 1591/637/1549
f 1582/635/1550 1594/635/1550 1593/634/1550 1581/634/1550
f 1551/456/1551 1597/480/1551 1171/480/1551 1107/456/1551
f 1552/620/1552 1598/638/1552 1597/480/1552 1551/456/1552
f 1553/621/1553 1599/639/1553 1598/638/1553 1552/620/1553
f 1583/621/1554 1599/639/1554 1553/621/1554 1549/624/1554
f 1584/636/1555 1601/640/1555 1599/639/1555 1583/621/1555
f 1601/640/1556 1602/641/1556 1600/642/1556 1599/639/1556
f 1585/636/1557 1603/643/1557 1601/640/1557 1584/636/1557
f 1603/643/1558 1604/636/1558 1602/641/1558 1601/640/1558
f 1586/633/1559 1604/636/1559 1603/643/1559 1585/636/1559
f 1588/631/1560 1606/637/1560 1604/636/1560 1586/633/1560
f 1606/637/1561 1607/637/1561 1605/644/1561 1604/636/1561
f 1589/637/1562 1607/637/1562 1606/637/1562 1588/631/1562
f 1591/637/1563 1609/637/1563 1607/637/1563 1589/637/1563
f 1609/637/1564 1610/645/1564 1608/637/1564 1607/637/1564
f 1592/637/1565 1610/645/1565 1609/637/1565 1591/637/1565
f 1594/635/1566 1613/645/1566 1610/645/1566 1592/637/1566
f 1613/645/1567 1614/645/1567 1611/645/1567 1610/645/1567
f 1595/635/1568 1614/645/1568 1613/645/1568 1594/635/1568
f 1614/645/1569 1615/646/1569 1612/647/1569 1611/645/1569
f 1596/648/1570 1615/646/1570 1614/645/1570 1595/635/1570
f 1597/480/1571 1618/480/1571 1195/480/1571 1171/480/1571
f 1618/480/1572 1619/480/1572 1196/480/1572 1195/480/1572
f 1598/638/1573 1620/638/1573 1618/480/1573 1597/480/1573
f 1620/638/1574 1621/638/1574 1619/480/1574 1618/480/1574
f 1599/639/1575 1622/642/1575 1620/638/1575 1598/638/1575
f 1622/642/1576 1623/639/1576 1621/638/1576 1620/638/1576
f 1600/642/1577 1623/639/1577 1622/642/1577 1599/639/1577
f 1602/641/1578 1625/649/1578 1623/639/1578 1600/642/1578
f 1625/649/1579 1626/650/1579 1624/649/1579 1623/639/1579
f 1604/636/1580 1628/644/1580 1625/649/1580 1602/641/1580
f 1628/644/1581 1629/651/1581 1626/650/1581 1625/649/1581
f 1605/644/1582 1629/651/1582 1628/644/1582 1604/636/1582
f 1629/651/1583 1630/652/1583 1627/649/1583 1626/650/1583
f 1607/637/1584 1631/644/1584 1629/651/1584 1605/644/1584
f 1631/644/1585 1632/653/1585 1630/652/1585 1629/651/1585
f 1608/637/1586 1632/653/1586 1631/644/1586 1607/637/1586
f 1610/645/1587 1635/645/1587 1632/653/1587 1608/637/1587
f 1635/645/1588 1636/645/1588 1633/652/1588 1632/653/1588
f 1611/645/1589 1636/645/1589 1635/645/1589 1610/645/1589
f 1636/645/1590 1637/646/1590 1634/654/1590 1633/652/1590
f 1612/647/1591 1637/646/1591 1636/645/1591 1611/645/1591
f 1615/646/1592 1640/647/1592 1637/646/1592 1612/647/1592
f 1640/647/1593 1641/647/1593 1638/646/1593 1637/646/1593
f 1616/646/1594 1641/647/1594 1640/647/1594 1615/646/1594
f 1641/647/1595 1642/655/1595 1639/655/1595 1638/646/1595
f 1617/655/1596 1642/655/1596 1641/647/1596 1616/646/1596
f 742/309/1597 1643/309/1597 1556/290/1597 696/290/1597
f 743/309/1598 1644/309/1598 1643/309/1598 742/309/1598
f 744/309/1599 1645/309/1599 1644/309/1599 743/309/1599
f 745/310/1600 1646/310/1600 1645/309/1600 744/309/1600
f 746/310/1601 1647/310/1601 1646/310/1601 745/310/1601
f 747/311/1602 1648/311/1602 1647/310/1602 746/310/1602
f 748/311/1603 1649/656/1603 1648/311/1603 747/311/1603
f 749/311/1604 1650/311/1604 1649/656/1604 748/311/1604
f 750/312/1605 1651/312/1605 1650/311/1605 749/311/1605
f 1643/309/1606 1652/657/1606 1559/625/1606 1556/290/1606
f 1644/309/1607 1653/657/1607 1652/657/1607 1643/309/1607
f 1645/309/1608 1654/658/1608 1653/657/1608 1644/309/1608
f 1646/310/1609 1655/658/1609 1654/658/1609 1645/309/1609
f 1647/310/1610 1656/658/1610 1655/658/1610 1646/310/1610
f 1648/311/1611 1657/659/1611 1656/658/1611 1647/310/1611
f 1649/656/1612 1659/659/1612 1657/659/1612 1648/311/1612
f 1659/659/1613 1660/660/1613 1658/659/1613 1657/659/1613
f 1650/311/1614 1660/660/1614 1659/659/1614 1649/656/1614
f 1651/312/1615 1661/661/1615 1660/660/1615 1650/311/1615
f 1652/657/1616 1662/657/1616 1564/626/1616 1559/625/1616
f 1662/657/1617 1663/657/1617 1565/630/1617 1564/626/1617
f 1653/657/1618 1663/657/1618 1662/657/1618 1652/657/1618
f 1654/658/1619 1664/658/1619 1663/657/1619 1653/657/1619
f 1655/658/1620 1666/658/1620 1664/658/1620 1654/658/1620
f 1666/658/1621 1667/658/1621 1665/662/1621 1664/658/1621
f 1656/658/1622 1667/658/1622 1666/658/1622 1655/658/1622
f 1657/659/1623 1668/660/1623 1667/658/1623 1656/658/1623
f 1658/659/1624 1669/660/1624 1668/660/1624 1657/659/1624
f 1660/660/1625 1671/659/1625 1669/660/1625 1658/659/1625
f 1671/659/1626 1672/661/1626 1670/661/1626 1669/660/1626
f 1661/661/1627 1672/661/1627 1671/659/1627 1660/660/1627
f 1663/657/1628 1673/630/1628 1571/629/1628 1565/630/1628
f 1673/630/1629 1674/663/1629 1572/630/1629 1571/629/1629
f 1664/658/1630 1674/663/1630 1673/630/1630 1663/657/1630
f 1665/662/1631 1675/663/1631 1674/663/1631 1664/658/1631
f 1667/658/1632 1677/662/1632 1675/663/1632 1665/662/1632
f 1677/662/1633 1678/664/1633 1676/665/1633 1675/663/1633
f 1668/660/1634 1678/664/1634 1677/662/1634 1667/658/1634
f 1669/660/1635 1679/664/1635 1678/664/1635 1668/660/1635
f 1670/661/1636 1680/666/1636 1679/664/1636 1669/660/1636
f 1674/663/1637 1681/635/1637 1582/635/1637 1572/630/1637
f 1675/663/1638 1682/663/1638 1681/635/1638 1674/663/1638
f 1676/665/1639 1683/667/1639 1682/663/1639 1675/663/1639
f 1678/664/1640 1686/665/1640 1683/667/1640 1676/665/1640
f 1686/665/1641 1687/664/1641 1684/648/1641 1683/667/1641
f 1679/664/1642 1687/664/1642 1686/665/1642 1678/664/1642
f 1687/664/1643 1688/668/1643 1685/669/1643 1684/648/1643
f 1680/666/1644 1688/668/1644 1687/664/1644 1679/664/1644
f 1681/635/1645 1689/635/1645 1594/635/1645 1582/635/1645
f 1689/635/1646 1690/635/1646 1595/635/1646 1594/635/1646
f 1682/663/1647 1690/635/1647 1689/635/1647 1681/635/1647
f 1690/635/1648 1691/670/1648 1596/648/1648 1595/635/1648
f 1683/667/1649 1691/670/1649 1690/635/1649 1682/663/1649
f 1684/648/1650 1692/670/1650 1691/670/1650 1683/667/1650
f 1685/669/1651 1693/669/1651 1692/670/1651 1684/648/1651
f 1691/670/1652 1694/648/1652 1615/646/1652 1596/648/1652
f 1694/648/1653 1695/648/1653 1616/646/1653 1615/646/1653
f 1692/670/1654 1695/648/1654 1694/648/1654 1691/670/1654
f 1695/648/1655 1696/669/1655 1617/655/1655 1616/646/1655
f 1693/669/1656 1696/669/1656 1695/648/1656 1692/670/1656
f 1619/480/1657 1697/493/1657 1221/493/1657 1196/480/1657
f 1697/493/1658 1698/493/1658 1222/493/1658 1221/493/1658
f 1698/493/1659 1699/493/1659 1223/493/1659 1222/493/1659
f 1621/638/1660 1700/671/1660 1697/493/1660 1619/480/1660
f 1700/671/1661 1701/671/1661 1698/493/1661 1697/493/1661
f 1701/671/1662 1702/672/1662 1699/493/1662 1698/493/1662
f 1623/639/1663 1703/673/1663 1700/671/1663 1621/638/1663
f 1703/673/1664 1704/671/1664 1701/671/1664 1700/671/1664
f 1624/649/1665 1704/671/1665 1703/673/1665 1623/639/1665
f 1704/671/1666 1705/672/1666 1702/672/1666 1701/671/1666
f 1626/650/1667 1707/649/1667 1704/671/1667 1624/649/1667
f 1707/649/1668 1708/674/1668 1705/672/1668 1704/671/1668
f 1627/649/1669 1708/674/1669 1707/649/1669 1626/650/1669
f 1708/674/1670 1709/674/1670 1706/675/1670 1705/672/1670
f 1630/652/1671 1711/652/1671 1708/674/1671 1627/649/1671
f 1711/652/1672 1712/675/1672 1709/674/1672 1708/674/1672
f 1712/675/1673 1713/676/1673 1710/677/1673 1709/674/1673
f 1632/653/1674 1716/652/1674 1711/652/1674 1630/652/1674
f 1716/652/1675 1717/652/1675 1712/675/1675 1711/652/1675
f 1633/652/1676 1717/652/1676 1716/652/1676 1632/653/1676
f 1717/652/1677 1718/678/1677 1713/676/1677 1712/675/1677
f 1634/654/1678 1718/678/1678 1717/652/1678 1633/652/1678
f 1718/678/1679 1719/654/1679 1714/678/1679 1713/676/1679
f 1719/654/1680 1720/679/1680 1715/679/1680 1714/678/1680
f 1637/646/1681 1721/654/1681 1718/678/1681 1634/654/1681
f 1721/654/1682 1722/654/1682 1719/654/1682 1718/678/1682
f 1638/646/1683 1722/654/1683 1721/654/1683 1637/646/1683
f 1722/654/1684 1723/679/1684 1720/679/1684 1719/654/1684
f 1639/655/1685 1723/679/1685 1722/654/1685 1638/646/1685
f 1699/493/1686 1724/499/1686 1240/499/1686 1223/493/1686
f 1724/499/1687 1725/499/1687 1241/499/1687 1240/499/1687
f 1725/499/1688 1726/501/1688 1242/500/1688 1241/499/1688
f 1702/672/1689 1727/672/1689 1724/499/1689 1699/493/1689
f 1727/672/1690 1728/672/1690 1725/499/1690 1724/499/1690
f 1728/672/1691 1729/680/1691 1726/501/1691 1725/499/1691
f 1705/672/1692 1731/681/1692 1727/672/1692 1702/672/1692
f 1731/681/1693 1732/672/1693 1728/672/1693 1727/672/1693
f 1706/675/1694 1732/672/1694 1731/681/1694 1705/672/1694
f 1732/672/1695 1733/682/1695 1729/680/1695 1728/672/1695
f 1733/682/1696 1734/680/1696 1730/683/1696 1729/680/1696
f 1709/674/1697 1736/675/1697 1732/672/1697 1706/675/1697
f 1736/675/1698 1737/676/1698 1733/682/1698 1732/672/1698
f 1710/677/1699 1737/676/1699 1736/675/1699 1709/674/1699
f 1737/676/1700 1738/677/1700 1734/680/1700 1733/682/1700
f 1738/677/1701 1739/684/1701 1735/685/1701 1734/680/1701
f 1713/676/1702 1740/677/1702 1737/676/1702 1710/677/1702
f 1740/677/1703 1741/677/1703 1738/677/1703 1737/676/1703
f 1714/678/1704 1741/677/1704 1740/677/1704 1713/676/1704
f 1741/677/1705 1742/684/1705 1739/684/1705 1738/677/1705
f 1715/679/1706 1742/684/1706 1741/677/1706 1714/678/1706
f 1726/501/1707 1743/501/1707 1248/501/1707 1242/500/1707
f 1743/501/1708 1744/501/1708 1249/501/1708 1248/501/1708
f 1744/501/1709 1745/502/1709 1250/502/1709 1249/501/1709
f 1729/680/1710 1746/683/1710 1743/501/1710 1726/501/1710
f 1746/683/1711 1747/680/1711 1744/501/1711 1743/501/1711
f 1730/683/1712 1747/680/1712 1746/683/1712 1729/680/1712
f 1747/680/1713 1748/685/1713 1745/502/1713 1744/501/1713
f 1734/680/1714 1749/683/1714 1747/680/1714 1730/683/1714
f 1749/683/1715 1750/686/1715 1748/685/1715 1747/680/1715
f 1735/685/1716 1750/686/1716 1749/683/1716 1734/680/1716
f 893/361/1717 1753/362/1717 1752/362/1717 892/362/1717
f 1753/362/1718 893/361/1718 891/362/1718 1751/362/1718
f 1753/362/1719 1756/687/1719 1755/687/1719 1752/362/1719
f 1756/687/1720 1753/362/1720 1751/362/1720 1754/687/1720
f 1761/688/1721 1762/689/1721 1759/688/1721 1758/689/1721
f 1756/687/1722 1762/689/1722 1761/688/1722 1755/687/1722
f 1762/689/1723 1756/687/1723 1754/687/1723 1759/688/1723
f 1759/688/1724 1766/690/1724 1765/688/1724 1758/689/1724
f 1766/690/1725 1759/688/1725 1757/691/1725 1764/690/1725
f 1761/688/1726 1769/692/1726 1768/693/1726 1760/692/1726
f 1769/692/1727 1761/688/1727 1758/689/1727 1765/688/1727
f 1773/690/1728 1764/690/1728 1763/694/1728 1771/695/1728
f 1775/690/1729 1776/696/1729 1773/690/1729 1772/697/1729
f 1766/690/1730 1776/696/1730 1775/690/1730 1765/688/1730
f 1776/696/1731 1766/690/1731 1764/690/1731 1773/690/1731
f 1768/693/1732 1778/698/1732 1777/699/1732 1767/692/1732
f 1778/698/1733 1779/700/1733 1775/690/1733 1774/700/1733
f 1769/692/1734 1779/700/1734 1778/698/1734 1768/693/1734
f 1779/700/1735 1769/692/1735 1765/688/1735 1775/690/1735
f 1783/701/1736 1771/695/1736 1770/702/1736 1781/701/1736
f 1785/695/1737 1786/697/1737 1783/701/1737 1782/697/1737
f 1773/690/1738 1786/697/1738 1785/695/1738 1772/697/1738
f 1786/697/1739 1773/690/1739 1771/695/1739 1783/701/1739
f 1788/703/1740 1789/704/1740 1785/695/1740 1784/704/1740
f 1775/690/1741 1789/704/1741 1788/703/1741 1774/700/1741
f 1789/704/1742 1775/690/1742 1772/697/1742 1785/695/1742
f 1792/699/1743 1793/700/1743 1788/703/1743 1787/704/1743
f 1778/698/1744 1793/700/1744 1792/699/1744 1777/699/1744
f 1793/700/1745 1778/698/1745 1774/700/1745 1788/703/1745
f 1798/705/1746 1799/706/1746 1797/707/1746 1796/705/1746
f 1799/706/1747 1781/701/1747 1780/708/1747 1797/707/1747
f 1801/701/1748 1802/709/1748 1799/706/1748 1798/705/1748
f 1783/701/1749 1802/709/1749 1801/701/1749 1782/697/1749
f 1802/709/1750 1783/701/1750 1781/701/1750 1799/706/1750
f 1804/703/1751 1805/704/1751 1801/701/1751 1800/710/1751
f 1785/695/1752 1805/704/1752 1804/703/1752 1784/704/1752
f 1805/704/1753 1785/695/1753 1782/697/1753 1801/701/1753
f 1808/711/1754 1809/704/1754 1804/703/1754 1803/704/1754
f 1788/703/1755 1809/704/1755 1808/711/1755 1787/704/1755
f 1809/704/1756 1788/703/1756 1784/704/1756 1804/703/1756
f 1812/712/1757 1813/711/1757 1807/711/1757 1806/713/1757
f 1791/699/1758 1813/711/1758 1812/712/1758 1790/714/1758
f 1813/711/1759 1814/715/1759 1808/711/1759 1807/711/1759
f 1792/699/1760 1814/715/1760 1813/711/1760 1791/699/1760
f 1814/715/1761 1792/699/1761 1787/704/1761 1808/711/1761
f 1815/552/1762 1816/552/1762 1393/552/1762 1392/552/1762
f 1816/552/1763 1794/716/1763 1368/552/1763 1393/552/1763
f 1817/717/1764 1818/718/1764 1816/552/1764 1815/552/1764
f 1818/718/1765 1795/719/1765 1794/716/1765 1816/552/1765
f 1820/707/1766 1821/705/1766 1818/718/1766 1817/717/1766
f 1797/707/1767 1821/705/1767 1820/707/1767 1796/705/1767
f 1821/705/1768 1797/707/1768 1795/719/1768 1818/718/1768
f 1823/720/1769 1824/721/1769 1820/707/1769 1819/721/1769
f 1824/721/1770 1798/705/1770 1796/705/1770 1820/707/1770
f 1825/722/1771 1826/723/1771 1823/720/1771 1822/721/1771
f 1826/723/1772 1827/710/1772 1824/721/1772 1823/720/1772
f 1801/701/1773 1827/710/1773 1826/723/1773 1800/710/1773
f 1827/710/1774 1801/701/1774 1798/705/1774 1824/721/1774
f 1830/724/1775 1831/710/1775 1826/723/1775 1825/722/1775
f 1804/703/1776 1831/710/1776 1830/724/1776 1803/704/1776
f 1831/710/1777 1804/703/1777 1800/710/1777 1826/723/1777
f 1834/712/1778 1835/711/1778 1829/722/1778 1828/725/1778
f 1807/711/1779 1835/711/1779 1834/712/1779 1806/713/1779
f 1835/711/1780 1836/715/1780 1830/724/1780 1829/722/1780
f 1808/711/1781 1836/715/1781 1835/711/1781 1807/711/1781
f 1836/715/1782 1808/711/1782 1803/704/1782 1830/724/1782
f 1642/655/1783 1837/655/1783 1832/655/1783 1639/655/1783
f 1810/655/1784 1837/655/1784 1642/655/1784 1617/655/1784
f 1837/655/1785 1838/713/1785 1833/712/1785 1832/655/1785
f 1811/712/1786 1838/713/1786 1837/655/1786 1810/655/1786
f 1838/713/1787 1839/713/1787 1834/712/1787 1833/712/1787
f 1812/712/1788 1839/713/1788 1838/713/1788 1811/712/1788
f 1839/713/1789 1812/712/1789 1806/713/1789 1834/712/1789
f 1840/726/1790 938/389/1790 500/215/1790 1402/557/1790
f 1841/727/1791 939/390/1791 938/389/1791 1840/726/1791
f 941/391/1792 1843/728/1792 1842/728/1792 940/391/1792
f 1843/728/1793 941/391/1793 939/390/1793 1841/727/1793
f 1844/729/1794 942/392/1794 940/391/1794 1842/728/1794
f 944/393/1795 1846/729/1795 1845/730/1795 943/388/1795
f 1846/729/1796 944/393/1796 942/392/1796 1844/729/1796
f 1847/394/1797 945/394/1797 943/388/1797 1845/730/1797
f 946/394/1798 1848/394/1798 1751/362/1798 891/362/1798
f 1848/394/1799 946/394/1799 945/394/1799 1847/394/1799
f 1849/731/1800 1840/726/1800 1402/557/1800 1412/564/1800
f 1851/732/1801 1841/727/1801 1840/726/1801 1849/731/1801
f 1852/733/1802 1853/727/1802 1851/732/1802 1850/734/1802
f 1843/728/1803 1853/727/1803 1852/733/1803 1842/728/1803
f 1853/727/1804 1843/728/1804 1841/727/1804 1851/732/1804
f 1854/735/1805 1844/729/1805 1842/728/1805 1852/733/1805
f 1846/729/1806 1856/735/1806 1855/691/1806 1845/730/1806
f 1856/735/1807 1846/729/1807 1844/729/1807 1854/735/1807
f 1857/730/1808 1847/394/1808 1845/730/1808 1855/691/1808
f 1848/394/1809 1858/730/1809 1754/687/1809 1751/362/1809
f 1858/730/1810 1848/394/1810 1847/394/1810 1857/730/1810
f 1859/736/1811 1860/737/1811 1423/572/1811 1422/572/1811
f 1860/737/1812 1849/731/1812 1412/564/1812 1423/572/1812
f 1861/738/1813 1862/739/1813 1860/737/1813 1859/736/1813
f 1851/732/1814 1862/739/1814 1861/738/1814 1850/734/1814
f 1862/739/1815 1851/732/1815 1849/731/1815 1860/737/1815
f 1863/740/1816 1852/733/1816 1850/734/1816 1861/738/1816
f 1865/741/1817 1854/735/1817 1852/733/1817 1863/740/1817
f 1866/694/1818 1867/742/1818 1865/741/1818 1864/694/1818
f 1856/735/1819 1867/742/1819 1866/694/1819 1855/691/1819
f 1867/742/1820 1856/735/1820 1854/735/1820 1865/741/1820
f 1868/691/1821 1857/730/1821 1855/691/1821 1866/694/1821
f 1759/688/1822 1869/691/1822 1868/691/1822 1757/691/1822
f 1858/730/1823 1869/691/1823 1759/688/1823 1754/687/1823
f 1869/691/1824 1858/730/1824 1857/730/1824 1868/691/1824
f 1870/743/1825 1859/736/1825 1422/572/1825 1431/577/1825
f 1871/744/1826 1861/738/1826 1859/736/1826 1870/743/1826
f 1873/745/1827 1863/740/1827 1861/738/1827 1871/744/1827
f 1874/746/1828 1875/747/1828 1873/745/1828 1872/702/1828
f 1865/741/1829 1875/747/1829 1874/746/1829 1864/694/1829
f 1875/747/1830 1865/741/1830 1863/740/1830 1873/745/1830
f 1876/694/1831 1866/694/1831 1864/694/1831 1874/746/1831
f 1764/690/1832 1877/694/1832 1876/694/1832 1763/694/1832
f 1868/691/1833 1877/694/1833 1764/690/1833 1757/691/1833
f 1877/694/1834 1868/691/1834 1866/694/1834 1876/694/1834
f 1878/748/1835 1879/749/1835 1439/577/1835 1438/582/1835
f 1879/749/1836 1870/743/1836 1431/577/1836 1439/577/1836
f 1880/708/1837 1881/744/1837 1879/749/1837 1878/748/1837
f 1881/744/1838 1871/744/1838 1870/743/1838 1879/749/1838
f 1882/750/1839 1883/751/1839 1881/744/1839 1880/708/1839
f 1873/745/1840 1883/751/1840 1882/750/1840 1872/702/1840
f 1883/751/1841 1873/745/1841 1871/744/1841 1881/744/1841
f 1884/750/1842 1874/746/1842 1872/702/1842 1882/750/1842
f 1771/695/1843 1885/752/1843 1884/750/1843 1770/702/1843
f 1876/694/1844 1885/752/1844 1771/695/1844 1763/694/1844
f 1885/752/1845 1876/694/1845 1874/746/1845 1884/750/1845
f 1886/583/1846 1878/748/1846 1438/582/1846 1443/583/1846
f 1887/748/1847 1880/708/1847 1878/748/1847 1886/583/1847
f 1888/753/1848 1882/750/1848 1880/708/1848 1887/748/1848
f 1781/701/1849 1889/702/1849 1888/753/1849 1780/708/1849
f 1884/750/1850 1889/702/1850 1781/701/1850 1770/702/1850
f 1889/702/1851 1884/750/1851 1882/750/1851 1888/753/1851
f 1794/716/1852 1890/583/1852 1446/583/1852 1368/552/1852
f 1890/583/1853 1886/583/1853 1443/583/1853 1446/583/1853
f 1795/719/1854 1891/748/1854 1890/583/1854 1794/716/1854
f 1891/748/1855 1887/748/1855 1886/583/1855 1890/583/1855
f 1797/707/1856 1892/708/1856 1891/748/1856 1795/719/1856
f 1888/753/1857 1892/708/1857 1797/707/1857 1780/708/1857
f 1892/708/1858 1888/753/1858 1887/748/1858 1891/748/1858
f 993/405/1859 1894/405/1859 1893/405/1859 992/405/1859
f 994/405/1860 1895/405/1860 1894/405/1860 993/405/1860
f 1895/405/1861 994/405/1861 892/362/1861 1752/362/1861
f 996/406/1862 1897/406/1862 1896/407/1862 995/407/1862
f 997/406/1863 1898/406/1863 1897/406/1863 996/406/1863
f 1898/406/1864 997/406/1864 992/405/1864 1893/405/1864
f 998/312/1865 1899/312/1865 1651/312/1865 750/312/1865
f 999/407/1866 1900/407/1866 1899/312/1866 998/312/1866
f 1000/407/1867 1901/407/1867 1900/407/1867 999/407/1867
f 1901/407/1868 1000/407/1868 995/407/1868 1896/407/1868
f 1894/405/1869 1903/754/1869 1902/755/1869 1893/405/1869
f 1895/405/1870 1904/754/1870 1903/754/1870 1894/405/1870
f 1904/754/1871 1895/405/1871 1752/362/1871 1755/687/1871
f 1897/406/1872 1907/755/1872 1906/756/1872 1896/407/1872
f 1898/406/1873 1908/755/1873 1907/755/1873 1897/406/1873
f 1908/755/1874 1898/406/1874 1893/405/1874 1902/755/1874
f 1899/312/1875 1909/661/1875 1661/661/1875 1651/312/1875
f 1900/407/1876 1910/756/1876 1909/661/1876 1899/312/1876
f 1910/756/1877 1911/757/1877 1906/756/1877 1905/757/1877
f 1901/407/1878 1911/757/1878 1910/756/1878 1900/407/1878
f 1911/757/1879 1901/407/1879 1896/407/1879 1906/756/1879
f 1903/754/1880 1914/758/1880 1913/755/1880 1902/755/1880
f 1914/758/1881 1915/754/1881 1761/688/1881 1760/692/1881
f 1904/754/1882 1915/754/1882 1914/758/1882 1903/754/1882
f 1915/754/1883 1904/754/1883 1755/687/1883 1761/688/1883
f 1906/756/1884 1918/756/1884 1917/756/1884 1905/757/1884
f 1907/755/1885 1919/755/1885 1918/756/1885 1906/756/1885
f 1919/755/1886 1920/759/1886 1913/755/1886 1912/760/1886
f 1908/755/1887 1920/759/1887 1919/755/1887 1907/755/1887
f 1920/759/1888 1908/755/1888 1902/755/1888 1913/755/1888
f 1672/661/1889 1921/661/1889 1916/661/1889 1670/661/1889
f 1909/661/1890 1921/661/1890 1672/661/1890 1661/661/1890
f 1921/661/1891 1922/757/1891 1917/756/1891 1916/661/1891
f 1910/756/1892 1922/757/1892 1921/661/1892 1909/661/1892
f 1922/757/1893 1910/756/1893 1905/757/1893 1917/756/1893
f 1913/755/1894 1925/761/1894 1924/761/1894 1912/760/1894
f 1925/761/1895 1926/692/1895 1768/693/1895 1767/692/1895
f 1914/758/1896 1926/692/1896 1925/761/1896 1913/755/1896
f 1926/692/1897 1914/758/1897 1760/692/1897 1768/693/1897
f 1916/661/1898 1927/666/1898 1680/666/1898 1670/661/1898
f 1917/756/1899 1928/762/1899 1927/666/1899 1916/661/1899
f 1918/756/1900 1929/762/1900 1928/762/1900 1917/756/1900
f 1929/762/1901 1930/760/1901 1924/761/1901 1923/763/1901
f 1919/755/1902 1930/760/1902 1929/762/1902 1918/756/1902
f 1930/760/1903 1919/755/1903 1912/760/1903 1924/761/1903
f 1924/761/1904 1934/761/1904 1933/762/1904 1923/763/1904
f 1925/761/1905 1935/699/1905 1934/761/1905 1924/761/1905
f 1935/699/1906 1925/761/1906 1767/692/1906 1777/699/1906
f 1688/668/1907 1936/668/1907 1931/669/1907 1685/669/1907
f 1927/666/1908 1936/668/1908 1688/668/1908 1680/666/1908
f 1936/668/1909 1937/762/1909 1932/764/1909 1931/669/1909
f 1928/762/1910 1937/762/1910 1936/668/1910 1927/666/1910
f 1937/762/1911 1938/763/1911 1933/762/1911 1932/764/1911
f 1929/762/1912 1938/763/1912 1937/762/1912 1928/762/1912
f 1938/763/1913 1929/762/1913 1923/763/1913 1933/762/1913
f 1931/669/1914 1939/669/1914 1693/669/1914 1685/669/1914
f 1932/764/1915 1940/764/1915 1939/669/1915 1931/669/1915
f 1933/762/1916 1941/764/1916 1940/764/1916 1932/764/1916
f 1941/764/1917 1942/699/1917 1791/699/1917 1790/714/1917
f 1934/761/1918 1942/699/1918 1941/764/1918 1933/762/1918
f 1942/699/1919 1943/765/1919 1792/699/1919 1791/699/1919
f 1935/699/1920 1943/765/1920 1942/699/1920 1934/761/1920
f 1943/765/1921 1935/699/1921 1777/699/1921 1792/699/1921
f 1696/669/1922 1944/669/1922 1810/655/1922 1617/655/1922
f 1939/669/1923 1944/669/1923 1696/669/1923 1693/669/1923
f 1944/669/1924 1945/714/1924 1811/712/1924 1810/655/1924
f 1940/764/1925 1945/714/1925 1944/669/1925 1939/669/1925
f 1945/714/1926 1946/714/1926 1812/712/1926 1811/712/1926
f 1941/764/1927 1946/714/1927 1945/714/1927 1940/764/1927
f 1946/714/1928 1941/764/1928 1790/714/1928 1812/712/1928
f 1947/592/1929 1948/592/1929 1472/592/1929 1471/592/1929
f 1948/592/1930 1949/592/1930 1473/592/1930 1472/592/1930
f 1949/592/1931 1815/552/1931 1392/552/1931 1473/592/1931
f 1950/766/1932 1951/767/1932 1948/592/1932 1947/592/1932
f 1951/767/1933 1952/767/1933 1949/592/1933 1948/592/1933
f 1952/767/1934 1817/717/1934 1815/552/1934 1949/592/1934
f 1954/766/1935 1955/768/1935 1951/767/1935 1950/766/1935
f 1955/768/1936 1956/769/1936 1952/767/1936 1951/767/1936
f 1820/707/1937 1956/769/1937 1955/768/1937 1819/721/1937
f 1956/769/1938 1820/707/1938 1817/717/1938 1952/767/1938
f 1958/770/1939 1959/770/1939 1954/766/1939 1953/771/1939
f 1959/770/1940 1960/721/1940 1955/768/1940 1954/766/1940
f 1823/720/1941 1960/721/1941 1959/770/1941 1822/721/1941
f 1960/721/1942 1823/720/1942 1819/721/1942 1955/768/1942
f 1963/772/1943 1964/770/1943 1958/770/1943 1957/773/1943
f 1964/770/1944 1965/722/1944 1959/770/1944 1958/770/1944
f 1965/722/1945 1825/722/1945 1822/721/1945 1959/770/1945
f 1720/679/1946 1966/679/1946 1961/679/1946 1715/679/1946
f 1966/679/1947 1967/774/1947 1962/725/1947 1961/679/1947
f 1967/774/1948 1968/774/1948 1963/772/1948 1962/725/1948
f 1968/774/1949 1969/775/1949 1964/770/1949 1963/772/1949
f 1829/722/1950 1969/775/1950 1968/774/1950 1828/725/1950
f 1969/775/1951 1970/775/1951 1965/722/1951 1964/770/1951
f 1830/724/1952 1970/775/1952 1969/775/1952 1829/722/1952
f 1970/775/1953 1830/724/1953 1825/722/1953 1965/722/1953
f 1723/679/1954 1971/679/1954 1966/679/1954 1720/679/1954
f 1832/655/1955 1971/679/1955 1723/679/1955 1639/655/1955
f 1971/679/1956 1972/725/1956 1967/774/1956 1966/679/1956
f 1833/712/1957 1972/725/1957 1971/679/1957 1832/655/1957
f 1972/725/1958 1973/725/1958 1968/774/1958 1967/774/1958
f 1834/712/1959 1973/725/1959 1972/725/1959 1833/712/1959
f 1973/725/1960 1834/712/1960 1828/725/1960 1968/774/1960
f 1974/595/1961 1975/776/1961 1491/596/1961 1490/595/1961
f 1975/776/1962 1976/596/1962 1492/596/1962 1491/596/1962
f 1976/596/1963 1947/592/1963 1471/592/1963 1492/596/1963
f 1978/777/1964 1979/766/1964 1975/776/1964 1974/595/1964
f 1979/766/1965 1980/766/1965 1976/596/1965 1975/776/1965
f 1980/766/1966 1950/766/1966 1947/592/1966 1976/596/1966
f 1982/778/1967 1983/778/1967 1978/777/1967 1977/777/1967
f 1983/778/1968 1984/766/1968 1979/766/1968 1978/777/1968
f 1984/766/1969 1985/779/1969 1980/766/1969 1979/766/1969
f 1954/766/1970 1985/779/1970 1984/766/1970 1953/771/1970
f 1985/779/1971 1954/766/1971 1950/766/1971 1980/766/1971
f 1739/684/1972 1986/684/1972 1981/685/1972 1735/685/1972
f 1986/684/1973 1987/772/1973 1982/778/1973 1981/685/1973
f 1987/772/1974 1988/773/1974 1983/778/1974 1982/778/1974
f 1988/773/1975 1989/771/1975 1984/766/1975 1983/778/1975
f 1958/770/1976 1989/771/1976 1988/773/1976 1957/773/1976
f 1989/771/1977 1958/770/1977 1953/771/1977 1984/766/1977
f 1742/684/1978 1990/684/1978 1986/684/1978 1739/684/1978
f 1961/679/1979 1990/684/1979 1742/684/1979 1715/679/1979
f 1990/684/1980 1991/773/1980 1987/772/1980 1986/684/1980
f 1962/725/1981 1991/773/1981 1990/684/1981 1961/679/1981
f 1991/773/1982 1992/773/1982 1988/773/1982 1987/772/1982
f 1963/772/1983 1992/773/1983 1991/773/1983 1962/725/1983
f 1992/773/1984 1963/772/1984 1957/773/1984 1988/773/1984
f 1745/502/1985 1993/502/1985 1498/502/1985 1250/502/1985
f 1993/502/1986 1994/595/1986 1499/595/1986 1498/502/1986
f 1994/595/1987 1995/595/1987 1500/595/1987 1499/595/1987
f 1995/595/1988 1974/595/1988 1490/595/1988 1500/595/1988
f 1748/685/1989 1996/685/1989 1993/502/1989 1745/502/1989
f 1996/685/1990 1997/778/1990 1994/595/1990 1993/502/1990
f 1997/778/1991 1998/777/1991 1995/595/1991 1994/595/1991
f 1978/777/1992 1998/777/1992 1997/778/1992 1977/777/1992
f 1998/777/1993 1978/777/1993 1974/595/1993 1995/595/1993
f 1750/686/1994 1999/686/1994 1996/685/1994 1748/685/1994
f 1981/685/1995 1999/686/1995 1750/686/1995 1735/685/1995
f 1999/686/1996 2000/777/1996 1997/778/1996 1996/685/1996
f 1982/778/1997 2000/777/1997 1999/686/1997 1981/685/1997
f 2000/777/1998 1982/778/1998 1977/777/1998 1997/778/1998
